2024_Promise,Forecast,Similarity_Score,Historical_Match,Historical_Year
10 YEARS OF GOOD GOVERNANCE AND VIKAS THE LAST 10 YEARS PRESENTED A UNIQUE MODEL OF INCLUSIVE GROWTH TO THE WORLD GARIB PARIVAR JAN 80+ crore citizens are receiving free rations since 2020 through PM Garib Kalyan Anna Yojana 50+ crore citizens have joined the banking system through PM Jan Dhan Account Empowered citizens by transferring ₹34 lakh crore directly to their accounts 34+ crore citizens are receiving free health insurance of ₹5 lakh under Ayushman Bharat 4+ crore families now have pucca houses under the PM Awas Yojana and other initiatives 14+ crore families have access to clean tap water under the Jal Jeevan Mission,Low Confidence: Partial,0.509,Ensure every citizen has access to a bank account,2019
25 crore citizens have come out of poverty with our inclusive approach NARI SHAKTI Lives of 10+ crore women have been transformed due to free gas connections under the PM Ujjwala Yojana Empowered Muslim women by protecting them from the barbaric practice of Triple Talaq 11+ crore women are leading dignified lives by using toilets built under the Swachh Bharat Mission. 6+ crore mothers and children have been vaccinated under Mission Indradhanush Increased paid maternity leave from,Low Confidence: Partial,0.5179,"We will transform the quality of life of women in Rural India by providing electricity, tapped water, cleaner fuel and toilets in every home.",2014
12 to 26 weeks,Indeterminate,0.3944,time-bound delivery,2014
5 5,Indeterminate,0.3303,Ensure the availability of banking services within 5 kms of every individual,2019
"7 IITs, 16 IIITs, 7 IIMs, 15 AIIMS, 315 Medical Colleges and 390 universities have been set up. 1.4+ crore young citizens availed skill training under the PM Kaushal Vikas Yojana Enabled the creation of the world’s third-largest startup ecosystem Enacted the Public Examinations (Prevention of Unfair Means) Act 2024 to prevent paper leaks Supported 280 athletes to excel in the Olympics and other sporting events under TOPS. KISAN SAMMAN 11+ crore farmers are receiving ₹6,000 annually under the PM KISAN Unprecedented hike in MSP 5x increase in the agriculture budget from 2013 to 2024 Livelihood of 4+ crore farmers protected under the PM Fasal Bima Yojana Ensured affordable fertilisers despite huge increase in global prices by providing subsidies worth ₹11 lakh crore. 6",Low Confidence: Highly Likely,0.5582,Establish sports academies across the country.,2014
"7 IITs, 16 IIITs, 7 IIMs, 15 AIIMS, 315 Medical under Stand Up India Colleges and 390 universities have been set up. Focus on 112 aspirational districts and 500 aspirational blocks to bring them on par 1.4+ crore young citizens availed skill training under the PM Kaushal Vikas Yojana Started PM Janman Yojana for Particularly Vulnerable Tribal groups with an outlay of ₹24,000+ crore Enabled the creation of the world’s Started Vibrant Villages programme to develop 662 border villages with an outlay of ₹4,800 crore third-largest startup ecosystem Established the basic social security framework for unorganised workers by ensuring their Enacted the Public Examinations (Prevention of recognition and registration through e-Shram and starting schemes like Atal Pension Yojana, PM Unfair Means) Act 2024 to prevent paper leaks Shramyogi Maandhan Yojana and PM Jeevan Jyoti Beema Yojana Supported 280 athletes to excel in the Olympics and other sporting events under TOPS. KISAN SAMMAN 11+ crore farmers are receiving ₹6,000 annually under the PM KISAN Unprecedented hike in MSP 5x increase in the agriculture budget from 2013 to 2024 Livelihood of 4+ crore farmers protected under the PM Fasal Bima Yojana Ensured affordable fertilisers despite huge increase in global prices by providing subsidies worth ₹11 lakh crore.",Low Confidence: Partial,0.5755,"Increase the number of medical and para-medical colleges to make India self sufficient in human resources, and set up an AIIMS like institute in every state.",2014
7 7,Indeterminate,0.3656,Poshan Abhiyaan.,2019
9 9,Indeterminate,0.3965,people-centric,2014
far-reaching benefits of this programme. We will now further expand the PM Awas Yojana to ensure every garib parivar has access to quality housing. Har Ghar Nal se Jal,Low Confidence: Partial,0.5819,We will expand the coverage of Pradhan Mantri Kisan Samman Nidhi Yojana to all the farmers in the country,2019
"We will ensure clean drinking water, Har Ghar Nal se Jal for all households in villages, towns and cities. We will extensively use technology to reduce the wastage of water. Slum Redevelopment",High Confidence: Partial,0.7029,We will ensure sustainability of water supply through special focus on conservation of rural water bodies and ground water recharge,2019
We have successfully provided houses to many slum dwellers. We will scale it up by making new policies to construct houses on slum land so low-income families can be rehabilitated into high-quality houses. Clean Cooking Fuel,Moderate Confidence: Highly Likely,0.6055,"Will roll out a massive Low cost Housing programme to ensure that by the time the nation 32 completes 75 years of its Independence, every family will have a pucca house of its own. Our proposed programme will further ensure that these houses are equipped with the basic facilities of toilet, piped water supply, electricity and proper Access. Prioritize all our resources towards this goal.",2014
Under PM Ujjwala Yojana more than 10 crore beneficiaries have been provided LPG connections. We will continue this and expand the programme. Zero Electricity Bill MODI KI,Low Confidence: Partial,0.5494,Ensure LPG gas cylinder connection to all poor rural households,2019
We will provide free electricity to poor households under PM Surya Ghar Muft Bijli Yojana. GUARANTEE FOR GARIB PARIVAR JAN We are committed to supporting every garib parivar in coming out of poverty and leading a dignified life. We have undertaken various measures for Garib Kalyan in the,Low Confidence: Unlikely,0.5384,Ensure 100% electrification of all households,2019
"last ten years with good results. We will continue to focus on empowering our garib parivar jan to improve their quality of life, increase income, and live with dignity. Free Ration for the Next 5 Years",Indeterminate,0.4651,We will endeavour to make the National Nutrition Mission a mass movement and strengthen infrastructure and capacity in all Anganwadis,2019
We have provided free ration to 80+ crore citizens since 2020. We will continue to provide free ration for the next five years under PM Garib Kalyan Anna Yojana. Expanding Our Efforts to Protect Garib ki Thali We have worked on protecting garib ki thali by establishing a price stabilisation fund for vegetables and,Indeterminate,0.4913,Pradhan Mantri Kisan Samman Nidhi Yojana to ensure financial support to farmers owning land up to 2 hectares.,2019
"pulses. We will expand our efforts to protect the garib ki thali by becoming Atmanirbhar in the production of pulses, edible oils and vegetables. Continue Providing Free and Quality Health Care We have provided quality free health treatment of up to ₹5 lakh to poor families under Ayushman",Low Confidence: Partial,0.5323,We will increase the coverage of Ayushman Bharat to include all Anganwadi workers and workers to ensure improved health and social support system for these frontline workers,2019
Bharat. We will continue to provide free health treatment by strengthening Ayushman Bharat and other such initiatives.,Moderate Confidence: Highly Likely,0.6836,Establish 1.5 lakh health and wellness centres under Ayushman Bharat.,2019
11 11,Indeterminate,0.4484,Poshan Abhiyaan.,2019
far-reaching benefits of this programme. We will now further expand the PM Awas Yojana to ensure every garib parivar has access to quality housing. Har Ghar Nal se Jal,Low Confidence: Partial,0.5819,We will expand the coverage of Pradhan Mantri Kisan Samman Nidhi Yojana to all the farmers in the country,2019
"We will ensure clean drinking water, Har Ghar Nal se Jal for all households in villages, towns and cities. We will extensively use technology to reduce the wastage of water. Slum Redevelopment",High Confidence: Partial,0.7029,We will ensure sustainability of water supply through special focus on conservation of rural water bodies and ground water recharge,2019
We have successfully provided houses to many slum dwellers. We will scale it up by making new policies to construct houses on slum land so low-income families can be rehabilitated into high-quality houses. Clean Cooking Fuel,Moderate Confidence: Highly Likely,0.6055,"Will roll out a massive Low cost Housing programme to ensure that by the time the nation 32 completes 75 years of its Independence, every family will have a pucca house of its own. Our proposed programme will further ensure that these houses are equipped with the basic facilities of toilet, piped water supply, electricity and proper Access. Prioritize all our resources towards this goal.",2014
Under PM Ujjwala Yojana more than 10 crore beneficiaries have been provided LPG connections. We will continue this and expand the programme. Zero Electricity Bill,Low Confidence: Partial,0.5493,Ensure LPG gas cylinder connection to all poor rural households,2019
We will provide free electricity to poor households under PM Surya Ghar Muft Bijli Yojana. Free Ration for the Next 5 Years,Moderate Confidence: Unlikely,0.6295,Ensure 100% electrification of all households,2019
We have provided free ration to 80+ crore citizens since 2020. We will continue to provide free ration for the next five years under PM Garib Kalyan Anna Yojana. Expanding Our Efforts to Protect Garib ki Thali We have worked on protecting garib ki thali by establishing a price stabilisation fund for vegetables and,Indeterminate,0.4913,Pradhan Mantri Kisan Samman Nidhi Yojana to ensure financial support to farmers owning land up to 2 hectares.,2019
"pulses. We will expand our efforts to protect the garib ki thali by becoming Atmanirbhar in the production of pulses, edible oils and vegetables. Continue Providing Free and Quality Health Care We have provided quality free health treatment of up to ₹5 lakh to poor families under Ayushman",Low Confidence: Partial,0.5323,We will increase the coverage of Ayushman Bharat to include all Anganwadi workers and workers to ensure improved health and social support system for these frontline workers,2019
Bharat. We will continue to provide free health treatment by strengthening Ayushman Bharat and other such initiatives. 1122,Moderate Confidence: Highly Likely,0.6916,Establish 1.5 lakh health and wellness centres under Ayushman Bharat.,2019
"We will expand Bharat's top-tier startup ecosystem to tier-2 and tier-3 cities. Further, we will transform Bharat into a global centre for high quality services including tourism to generate high value and diverse employment opportunities nationwide. Ensuring Quality Health Care for the Middle Class We have provided high quality healthcare services to the middle class families by expanding the AIIMS and Ayushman Arogya Mandir network. We have provided subsidised medicines through Jan Aushadhi",Moderate Confidence: Highly Likely,0.6215,Establish 1.5 lakh health and wellness centres under Ayushman Bharat.,2019
Kendras and also established 315 new medical colleges across the country. We will continue to expand these services for our middle class families to ensure accessible high quality healthcare services. Promoting Quality Higher Education,Low Confidence: Partial,0.5648,75 Medical Institutes will be set up by 2022. This would ensure availability and accessibility of quality secondary and tertiary medical care to the citizens across the diverse landscape of our country (+),2019
We will elevate the quality of education by expanding top educational institutions and upgrading,Moderate Confidence: Partial,0.6767,We will encourage academic institutions towards excellence and motivate more such institutions to rank among the top institutions of the world,2019
"universities to global standards. We will introduce more IITs, IIMs, AIIMS and other such institutes. We will launch internship programmes to blend academic and practical skills. Improving Infrastructure for Ease of Living MODI KI",Moderate Confidence: Partial,0.602,We will encourage academic institutions towards excellence and motivate more such institutions to rank among the top institutions of the world,2019
"We will focus on the modern road network, enhance rail and metro connectivity with new-age trains and expanded networks, develop comprehensive EV charging stations, construct new airports and advance GUARANTEE FOR our telecom infrastructure with affordable 5G and innovative 6G technology, promoting ease of living for middle class families. MIDDLE-CLASS Developing Sustainable Cities PARIVAR JAN",Moderate Confidence: Unlikely,0.6626,Modernize and equip all stations with requisite infrastructure and public utilities.,2014
"We will develop more green spaces like parks, playgrounds etc., revive water bodies like lakes and ponds and develop other natural spaces to make cities more adaptable, sustainable and people-friendly. Our middle-class parivar jan are the backbone of our economy. Through their hard work, they are contributing a lot to Bharat’s economic growth. We are committed to support the aspirations of middle-class parivar jan, providing them opportunities to fulfil their dreams and creating conditions for a better quality of life. Empowering the Neo-Middle Class The last 10 years have seen a large number of families join the ranks of the neo-middle class due to a steady increase in the incomes of all citizens. It is our responsibility to help them grow further while giving them enough support to stabilise their standard of living. This includes support for affordable quality housing and healthcare, access to quality education and ample employment opportunities. Fulfilling the Dream of Owning a Home",Low Confidence: Highly Likely,0.5682,"A full-fledged programme for 'Rural Rejuvenation' will be made and implemented which will comprise of integrated strategies for personal, economic and social well-being of the villagers. Through the idea of Rurban, we will bring urban amenities to our rural areas, while retaining the soul of the village. Major thrust area for rural development would be to improve village level infrastructure in terms of roads, potable water, education, health, supply chain, electricity, broadband, job creation, security in rural areas and linkage to markets.",2014
We will strengthen the RERA act which has helped make the real estate sector in Bharat more,Low Confidence: Highly Likely,0.5116,"A full-fledged programme for 'Rural Rejuvenation' will be made and implemented which will comprise of integrated strategies for personal, economic and social well-being of the villagers. Through the idea of Rurban, we will bring urban amenities to our rural areas, while retaining the soul of the village. Major thrust area for rural development would be to improve village level infrastructure in terms of roads, potable water, education, health, supply chain, electricity, broadband, job creation, security in rural areas and linkage to markets.",2014
"transparent and citizen friendly than ever before. We will work with the state governments to facilitate home ownership for middle-class parivar jan through comprehensive measures including cost reduction in construction and registration, regulatory reforms like enabling automatic approvals for standard housing designs, among others.",Low Confidence: Partial,0.54,"The objective will be to bring in transparency in Government's decision making process. --- Government systems and processes would be relooked to make them citizen friendly, corruption free and accountable. ---",2014
13 13,Indeterminate,0.4044,Poshan Abhiyaan.,2019
"We will expand Bharat's top-tier startup ecosystem to tier-2 and tier-3 cities. Further, we will transform",Low Confidence: Highly Likely,0.5321,BJP will initiate nation-wide 'district level incubation and accelerator programme' for encouraging innovation and entrepreneurship.,2014
Our women sports persons have brought honours to our country. We will encourage greater Bharat into a global centre for high quality services including tourism to generate high value and diverse participation of women in sports by launching women sportsperson-focused programmes and facilities. employment opportunities nationwide. Constructing and Maintaining Public Toilets for Women Ensuring Quality Health Care for the Middle Class We have provided dignified lives to women by constructing public and individual toilets under Swachh We have provided high quality healthcare services to the middle class families by expanding the AIIMS Bharat Mission. We are further committed to upholding the dignity of women by continuing to construct and Ayushman Arogya Mandir network. We have provided subsidised medicines through Jan Aushadhi and maintain public toilets.,Moderate Confidence: Partial,0.6942,"We will provide adequate resources under the Khelo India scheme to ensure the achievement of declared objectives. Under this scheme, special attention will be given to encourage sporting talent among women.",2019
Kendras and also established 315 new medical colleges across the country. We will continue to expand these services for our middle class families to ensure accessible high quality healthcare services. Ensuring Women’s Health and Well-Being,Low Confidence: Partial,0.5709,75 Medical Institutes will be set up by 2022. This would ensure availability and accessibility of quality secondary and tertiary medical care to the citizens across the diverse landscape of our country (+),2019
"Promoting Quality Higher Education We will expand the existing health services focussed on the prevention and reduction of Anaemia, Breast",Low Confidence: Partial,0.5808,"We will also accelerate the reforms in para-medical education sector so as to increase the availability of nurses, pharmacists and other paramedical personnel.",2019
"Cancer, Cervical Cancer and Osteoporosis, ensuring a healthy life for women. We will launch a focussed",Indeterminate,0.4643,"Give high priority to chronic diseases, and will invest in research and development of solutions for chronic diseases like obesity, diabetes, cancer, CVD etc.",2014
We will elevate the quality of education by expanding top educational institutions and upgrading initiative to eliminate cervical cancer.,Low Confidence: Partial,0.5923,"We will also accelerate the reforms in para-medical education sector so as to increase the availability of nurses, pharmacists and other paramedical personnel.",2019
"universities to global standards. We will introduce more IITs, IIMs, AIIMS and other such institutes. We will launch internship programmes to blend academic and practical skills. Implementing the Nari Shakti Vandan Adhiniyam",Low Confidence: Partial,0.5939,We will encourage academic institutions towards excellence and motivate more such institutions to rank among the top institutions of the world,2019
Improving Infrastructure for Ease of Living MODI KI We have enacted the long-awaited Nari Shakti Vandan Adhiniyam. We will systematically implement this to ensure representation for women in the Parliament and State Legislatures.,Low Confidence: Partial,0.5698,"We will transform the quality of life of women in Rural India by providing electricity, tapped water, cleaner fuel and toilets in every home.",2014
"We will focus on the modern road network, enhance rail and metro connectivity with new-age trains and expanded networks, develop comprehensive EV charging stations, construct new airports and advance GUARANTEE FOR Expanding Shakti Desks our telecom infrastructure with affordable 5G and innovative 6G technology, promoting ease of living for",Moderate Confidence: Unlikely,0.6267,Modernize and equip all stations with requisite infrastructure and public utilities.,2014
We have established Shakti Desks (Women Help Desks) in police stations. We will further ensure their middle class families. NARI SHAKTI expansion for timely investigation and resolution of issues. Developing Sustainable Cities Strengthening Emergency Helpline 112,Low Confidence: Partial,0.5231,"Make police stations women friendly, and increase the number of women in police at different levels.",2014
"We will develop more green spaces like parks, playgrounds etc., revive water bodies like lakes and ponds",Low Confidence: Partial,0.5518,We will ensure sustainability of water supply through special focus on conservation of rural water bodies and ground water recharge,2019
"We will strengthen the Emergency Response Support System and enhance the capabilities of and develop other natural spaces to make cities more adaptable, sustainable and people-friendly. Emergency Helpline 112 Our vision is to create a Viksit Bharat where Nari Shakti is an equal partner and stakeholder in society’s progress. Through a series of legal and policy frameworks, we will ensure the dignity of women and provide them with equal growth opportunities. Three Crore Lakhpati Didis",Low Confidence: Highly Likely,0.597,"A full-fledged programme for 'Rural Rejuvenation' will be made and implemented which will comprise of integrated strategies for personal, economic and social well-being of the villagers. Through the idea of Rurban, we will bring urban amenities to our rural areas, while retaining the soul of the village. Major thrust area for rural development would be to improve village level infrastructure in terms of roads, potable water, education, health, supply chain, electricity, broadband, job creation, security in rural areas and linkage to markets.",2014
We have empowered one crore rural women to become Lakhpati Didis. We will now empower three crore Empowering the Neo-Middle Class rural women to become Lakhpati Didis. The last 10 years have seen a large number of families join the ranks of the neo-middle class due to a Integrating Women SHGs in the Service Sector steady increase in the incomes of all citizens. It is our responsibility to help them grow further while,Low Confidence: Partial,0.5241,"In rural and semi-rural areas and create better employment opportunities for them, we will make every effort to ensure access to credit and other resources, capacity building, market and distribution network for women entrepreneurs, SHGs and women",2019
"giving them enough support to stabilise their standard of living. This includes support for affordable We will empower women Self-Help Groups (SHGs) with the skills and tools in key service sectors like IT, quality housing and healthcare, access to quality education and ample employment opportunities. healthcare, education, retail and tourism with an aim to increase their income. Fulfilling the Dream of Owning a Home Enhancing Market Access for Women SHG Enterprises",Moderate Confidence: Partial,0.6323,"In rural and semi-rural areas and create better employment opportunities for them, we will make every effort to ensure access to credit and other resources, capacity building, market and distribution network for women entrepreneurs, SHGs and women",2019
We will strengthen the RERA act which has helped make the real estate sector in Bharat more We will integrate women Self-Help Groups (SHGs) with ongoing initiatives such as One District One,Low Confidence: Partial,0.547,We are committed to make women equal partners in and equal beneficiaries of the progress and prosperity of the nation and will formulate a comprehensive ‘Women in Workforce’ roadmap focussed on dramatically increasing the female workforce participation rate over the next five years. We will also encourage industries and corporates to generate better employment opportunities for women.,2019
"transparent and citizen friendly than ever before. We will work with the state governments to facilitate Product (ODOP), Farmer Producer Organizations (FPOs), Ekta Mall, ONDC, GEM, One Station One Product, home ownership for middle-class parivar jan through comprehensive measures including cost reduction enhancing better market access for their products. in construction and registration, regulatory reforms like enabling automatic approvals for standard Facilitating Participation of Women in the Workforce housing designs, among others.",Low Confidence: Partial,0.581,"In rural and semi-rural areas and create better employment opportunities for them, we will make every effort to ensure access to credit and other resources, capacity building, market and distribution network for women entrepreneurs, SHGs and women",2019
"We will ensure development of infrastructure such as working women’s hostels, creches etc. with the specific focus on locations near industrial and commercial centres to facilitate increased participation of women in the workforce.",High Confidence: Partial,0.7123,Expand and improve upon the network of women / working women hostels.,2014
14 14,Indeterminate,0.4046,Namami Gange,2019
"We will expand Bharat's top-tier startup ecosystem to tier-2 and tier-3 cities. Further, we will transform",Low Confidence: Highly Likely,0.5321,BJP will initiate nation-wide 'district level incubation and accelerator programme' for encouraging innovation and entrepreneurship.,2014
Our women sports persons have brought honours to our country. We will encourage greater Bharat into a global centre for high quality services including tourism to generate high value and diverse participation of women in sports by launching women sportsperson-focused programmes and facilities. employment opportunities nationwide. Constructing and Maintaining Public Toilets for Women Ensuring Quality Health Care for the Middle Class We have provided dignified lives to women by constructing public and individual toilets under Swachh We have provided high quality healthcare services to the middle class families by expanding the AIIMS Bharat Mission. We are further committed to upholding the dignity of women by continuing to construct and Ayushman Arogya Mandir network. We have provided subsidised medicines through Jan Aushadhi and maintain public toilets.,Moderate Confidence: Partial,0.6942,"We will provide adequate resources under the Khelo India scheme to ensure the achievement of declared objectives. Under this scheme, special attention will be given to encourage sporting talent among women.",2019
Kendras and also established 315 new medical colleges across the country. We will continue to expand these services for our middle class families to ensure accessible high quality healthcare services. Ensuring Women’s Health and Well-Being,Low Confidence: Partial,0.5709,75 Medical Institutes will be set up by 2022. This would ensure availability and accessibility of quality secondary and tertiary medical care to the citizens across the diverse landscape of our country (+),2019
"Promoting Quality Higher Education We will expand the existing health services focussed on the prevention and reduction of Anaemia, Breast",Low Confidence: Partial,0.5808,"We will also accelerate the reforms in para-medical education sector so as to increase the availability of nurses, pharmacists and other paramedical personnel.",2019
"Cancer, Cervical Cancer and Osteoporosis, ensuring a healthy life for women. We will launch a focussed",Indeterminate,0.4643,"Give high priority to chronic diseases, and will invest in research and development of solutions for chronic diseases like obesity, diabetes, cancer, CVD etc.",2014
We will elevate the quality of education by expanding top educational institutions and upgrading initiative to eliminate cervical cancer.,Low Confidence: Partial,0.5923,"We will also accelerate the reforms in para-medical education sector so as to increase the availability of nurses, pharmacists and other paramedical personnel.",2019
"universities to global standards. We will introduce more IITs, IIMs, AIIMS and other such institutes. We will launch internship programmes to blend academic and practical skills. Implementing the Nari Shakti Vandan Adhiniyam",Low Confidence: Partial,0.5939,We will encourage academic institutions towards excellence and motivate more such institutions to rank among the top institutions of the world,2019
Improving Infrastructure for Ease of Living MODI KI We have enacted the long-awaited Nari Shakti Vandan Adhiniyam. We will systematically implement this to ensure representation for women in the Parliament and State Legislatures.,Low Confidence: Partial,0.5698,"We will transform the quality of life of women in Rural India by providing electricity, tapped water, cleaner fuel and toilets in every home.",2014
"We will focus on the modern road network, enhance rail and metro connectivity with new-age trains and expanded networks, develop comprehensive EV charging stations, construct new airports and advance GUARANTEE FOR Expanding Shakti Desks our telecom infrastructure with affordable 5G and innovative 6G technology, promoting ease of living for",Moderate Confidence: Unlikely,0.6267,Modernize and equip all stations with requisite infrastructure and public utilities.,2014
We have established Shakti Desks (Women Help Desks) in police stations. We will further ensure their middle class families. NARI SHAKTI expansion for timely investigation and resolution of issues. Developing Sustainable Cities Strengthening Emergency Helpline 112,Low Confidence: Partial,0.5231,"Make police stations women friendly, and increase the number of women in police at different levels.",2014
"We will develop more green spaces like parks, playgrounds etc., revive water bodies like lakes and ponds",Low Confidence: Partial,0.5518,We will ensure sustainability of water supply through special focus on conservation of rural water bodies and ground water recharge,2019
"We will strengthen the Emergency Response Support System and enhance the capabilities of and develop other natural spaces to make cities more adaptable, sustainable and people-friendly. Emergency Helpline 112 Our vision is to create a Viksit Bharat where Nari Shakti is an equal partner and stakeholder in society’s progress. Through a series of legal and policy frameworks, we will ensure the dignity of women and provide them with equal growth opportunities. Three Crore Lakhpati Didis",Low Confidence: Highly Likely,0.597,"A full-fledged programme for 'Rural Rejuvenation' will be made and implemented which will comprise of integrated strategies for personal, economic and social well-being of the villagers. Through the idea of Rurban, we will bring urban amenities to our rural areas, while retaining the soul of the village. Major thrust area for rural development would be to improve village level infrastructure in terms of roads, potable water, education, health, supply chain, electricity, broadband, job creation, security in rural areas and linkage to markets.",2014
We have empowered one crore rural women to become Lakhpati Didis. We will now empower three crore Empowering the Neo-Middle Class rural women to become Lakhpati Didis. The last 10 years have seen a large number of families join the ranks of the neo-middle class due to a Integrating Women SHGs in the Service Sector steady increase in the incomes of all citizens. It is our responsibility to help them grow further while,Low Confidence: Partial,0.5241,"In rural and semi-rural areas and create better employment opportunities for them, we will make every effort to ensure access to credit and other resources, capacity building, market and distribution network for women entrepreneurs, SHGs and women",2019
"giving them enough support to stabilise their standard of living. This includes support for affordable We will empower women Self-Help Groups (SHGs) with the skills and tools in key service sectors like IT, quality housing and healthcare, access to quality education and ample employment opportunities. healthcare, education, retail and tourism with an aim to increase their income. Fulfilling the Dream of Owning a Home Enhancing Market Access for Women SHG Enterprises",Moderate Confidence: Partial,0.6323,"In rural and semi-rural areas and create better employment opportunities for them, we will make every effort to ensure access to credit and other resources, capacity building, market and distribution network for women entrepreneurs, SHGs and women",2019
We will strengthen the RERA act which has helped make the real estate sector in Bharat more We will integrate women Self-Help Groups (SHGs) with ongoing initiatives such as One District One,Low Confidence: Partial,0.547,We are committed to make women equal partners in and equal beneficiaries of the progress and prosperity of the nation and will formulate a comprehensive ‘Women in Workforce’ roadmap focussed on dramatically increasing the female workforce participation rate over the next five years. We will also encourage industries and corporates to generate better employment opportunities for women.,2019
"transparent and citizen friendly than ever before. We will work with the state governments to facilitate Product (ODOP), Farmer Producer Organizations (FPOs), Ekta Mall, ONDC, GEM, One Station One Product, home ownership for middle-class parivar jan through comprehensive measures including cost reduction enhancing better market access for their products. in construction and registration, regulatory reforms like enabling automatic approvals for standard Facilitating Participation of Women in the Workforce housing designs, among others.",Low Confidence: Partial,0.581,"In rural and semi-rural areas and create better employment opportunities for them, we will make every effort to ensure access to credit and other resources, capacity building, market and distribution network for women entrepreneurs, SHGs and women",2019
"We will ensure development of infrastructure such as working women’s hostels, creches etc. with the specific focus on locations near industrial and commercial centres to facilitate increased participation of women in the workforce.",High Confidence: Partial,0.7123,Expand and improve upon the network of women / working women hostels.,2014
15 15,Indeterminate,0.4078,people-centric,2014
Our women sports persons have brought honours to our country. We will encourage greater participation of women in sports by launching women sportsperson-focused programmes and facilities. Constructing and Maintaining Public Toilets for Women We have provided dignified lives to women by constructing public and individual toilets under Swachh Bharat Mission. We are further committed to upholding the dignity of women by continuing to construct and maintain public toilets. Ensuring Women’s Health and Well-Being,Moderate Confidence: Partial,0.6016,"We will provide adequate resources under the Khelo India scheme to ensure the achievement of declared objectives. Under this scheme, special attention will be given to encourage sporting talent among women.",2019
"We will expand the existing health services focussed on the prevention and reduction of Anaemia, Breast",Low Confidence: Highly Likely,0.5705,Will initiate the New Health Policy,2014
"Cancer, Cervical Cancer and Osteoporosis, ensuring a healthy life for women. We will launch a focussed initiative to eliminate cervical cancer. Implementing the Nari Shakti Vandan Adhiniyam",Indeterminate,0.4773,"We will ensure that all reproductive and menstrual health services are easily available to all women across India and with the expansion of ongoing Suvidha scheme, sanitary pads at an affordable cost of just Rs. will be provided to all women and girls",2019
We have enacted the long-awaited Nari Shakti Vandan Adhiniyam. We will systematically implement this to ensure representation for women in the Parliament and State Legislatures. Expanding Shakti Desks,Low Confidence: Partial,0.5698,We are committed to make women equal partners in and equal beneficiaries of the progress and prosperity of the nation and will formulate a comprehensive ‘Women in Workforce’ roadmap focussed on dramatically increasing the female workforce participation rate over the next five years. We will also encourage industries and corporates to generate better employment opportunities for women.,2019
We have established Shakti Desks (Women Help Desks) in police stations. We will further ensure their expansion for timely investigation and resolution of issues. Strengthening Emergency Helpline 112,Low Confidence: Partial,0.5514,"Make police stations women friendly, and increase the number of women in police at different levels.",2014
We will strengthen the Emergency Response Support System and enhance the capabilities of Emergency Helpline 112 Three Crore Lakhpati Didis,Low Confidence: Highly Likely,0.546,Universalization of emergency medical services-108.,2014
We have empowered one crore rural women to become Lakhpati Didis. We will now empower three crore rural women to become Lakhpati Didis. Integrating Women SHGs in the Service Sector,Moderate Confidence: Partial,0.6309,"We will enable women with training and skills - setting up dedicated Women ITIs, Women wings in other ITIs.",2014
"We will empower women Self-Help Groups (SHGs) with the skills and tools in key service sectors like IT, healthcare, education, retail and tourism with an aim to increase their income. Enhancing Market Access for Women SHG Enterprises",Moderate Confidence: Partial,0.6252,"In rural and semi-rural areas and create better employment opportunities for them, we will make every effort to ensure access to credit and other resources, capacity building, market and distribution network for women entrepreneurs, SHGs and women",2019
"We will integrate women Self-Help Groups (SHGs) with ongoing initiatives such as One District One Product (ODOP), Farmer Producer Organizations (FPOs), Ekta Mall, ONDC, GEM, One Station One Product, enhancing better market access for their products. Facilitating Participation of Women in the Workforce",Moderate Confidence: Partial,0.6469,We are committed to make women equal partners in and equal beneficiaries of the progress and prosperity of the nation and will formulate a comprehensive ‘Women in Workforce’ roadmap focussed on dramatically increasing the female workforce participation rate over the next five years. We will also encourage industries and corporates to generate better employment opportunities for women.,2019
"We will ensure development of infrastructure such as working women’s hostels, creches etc. with the specific focus on locations near industrial and commercial centres to facilitate increased participation of women in the workforce. 1166",High Confidence: Partial,0.7217,Expand and improve upon the network of women / working women hostels.,2014
"Our women sports persons have brought honours to our country. We will encourage greater Involving the Youth in Nation Building We recognize the entrepreneurial potential of our youth. We will expand credit programmes like Mudra participation of women in sports by launching women sportsperson-focused programmes and facilities. to support all aspiring entrepreneurs in starting and sustaining their ventures. The Mudra loan limit will We have launched ‘Mera Yuva Bharat (MY Bharat)’ to involve the youth in nation building. One crore be doubled up to ₹20 lakh and provided to entrepreneurs who have availed and successfully repaid Constructing and Maintaining Public Toilets for Women youth have already enrolled in MY Bharat. This will be enhanced to develop leadership skills and spirit of previous loans under the Tarun category. volunteering by providing equitable access for participation in government initiatives. We have provided dignified lives to women by constructing public and individual toilets under Swachh Providing New Employment Opportunities in Tourism Bharat Mission. We are further committed to upholding the dignity of women by continuing to construct and maintain public toilets. Our rich cultural heritage is the centre of global attraction. Our efforts at improving connectivity, building",Moderate Confidence: Partial,0.6016,"We will provide adequate resources under the Khelo India scheme to ensure the achievement of declared objectives. Under this scheme, special attention will be given to encourage sporting talent among women.",2019
better infrastructure and reaching out to the world has significantly increased tourist footfall. We will Ensuring Women’s Health and Well-Being Expanding the Startup Ecosystem expand the range of programmes to further expand the tourism sector and increase employment,Moderate Confidence: Partial,0.6099,Expand and improve upon the network of women / working women hostels.,2014
"We will expand the existing health services focussed on the prevention and reduction of Anaemia, Breast opportunities. We have successfully established Bharat among the top 3 Startup Ecosystems through various",Low Confidence: Highly Likely,0.577,Establish 1.5 lakh health and wellness centres under Ayushman Bharat.,2019
"Cancer, Cervical Cancer and Osteoporosis, ensuring a healthy life for women. We will launch a focussed interventions ranging from Atal Tinkering Labs, Hackathon, Startup India and Start Up India Seed Fund initiative to eliminate cervical cancer.",Indeterminate,0.4946,"We will ensure that all reproductive and menstrual health services are easily available to all women across India and with the expansion of ongoing Suvidha scheme, sanitary pads at an affordable cost of just Rs. will be provided to all women and girls",2019
"Scheme. We will build upon this success and expand this ecosystem by making Bharat a preferred Implementing the Nari Shakti Vandan Adhiniyam destination for startups, supported by robust investment, mentorship and a culture that celebrates",Low Confidence: Highly Likely,0.5906,"On priority, a national modernization programme for madrasa's would be started.",2014
entrepreneurial risk-taking. We will work with the private sector to expand the incubator network and,Low Confidence: Highly Likely,0.5703,High priority to job creation and Opportunities for entrepreneurship.,2014
We have enacted the long-awaited Nari Shakti Vandan Adhiniyam. We will systematically implement this link them with higher education institutes to promote entrepreneurship among our students. to ensure representation for women in the Parliament and State Legislatures. MODI Expand Funding for Startups KI Expanding Shakti Desks,Low Confidence: Partial,0.576,"We will provide accessible and affordable quality education to all women. We will ensure that ample financial support is available to girls throughout their education and subsidised education in the next years, to ensure financial empowerment among women.",2019
We will expand the existing Startup India Seed Fund Scheme and Startup Credit Guarantee Scheme to,Moderate Confidence: Highly Likely,0.6355,Seed Startup Fund,2019
"We have established Shakti Desks (Women Help Desks) in police stations. We will further ensure their GUARANTEE FOR ensure adequate funds for our start-ups in their entrepreneurial journeys. expansion for timely investigation and resolution of issues. Providing Mentorship to Startups YOUNG CITIZENS Strengthening Emergency Helpline 112 We have successfully provided mentorship under the Atal Innovation Mission where more than 6,000",Low Confidence: Partial,0.5169,Special skills training and business incubator park for women. Set up a dedicated W-SME (Women Small and medium enterprises) cluster in every district. Set up an All Women Mobile Bank to cater to women.,2014
We will strengthen the Emergency Response Support System and enhance the capabilities of,Low Confidence: Partial,0.5479,"Strengthen and expand the Civil Defence and Home Guards mechanism to create a group of citizens for community defence, self-defence and disaster management.",2014
mentors are already present. We will continue establishing tie-ups with globally recognised mentors to Emergency Helpline 112 support the startups in their journeys to success. Encouraging Startups in Government Procurement We have taken initiatives in many departments including defence and railways to support procurement,Indeterminate,0.4987,Services of youth in particular will be tapped to contribute in governance with Fellowship and Internship programmes launched at various levels.,2014
"Young citizens form an essential pillar of our commitment towards building a Viksit Bharat. from startups. We will prepare a strong framework to further encourage startups in government Our vision is to build a Viksit Bharat where young citizens can fully realise their potential. We procurement. will develop an integrated education framework under the NEP, to ensure young citizens have the opportunity to earn while they learn. We guarantee high-quality education, world-class sports facilities, employment and entrepreneurial opportunities to all young Three Crore Lakhpati Didis citizens through the NEP and other programmes. Increasing Employment Opportunities in Manufacturing",Low Confidence: Highly Likely,0.5446,"Encourage and empower our youth for self-employment - incubating entrepreneurship as well as facilitating credit. Address the employability issue by initiating a multi-skills development programme in mission mode. Focus will be on job creation and entrepreneurship, in both rural and urban areas.",2014
"We have empowered one crore rural women to become Lakhpati Didis. We will now empower three crore Transparent Government Recruitment rural women to become Lakhpati Didis. With PLI and Make in India programmes, manufacturing has emerged as a major economic sector with",Low Confidence: Partial,0.5761,"In rural and semi-rural areas and create better employment opportunities for them, we will make every effort to ensure access to credit and other resources, capacity building, market and distribution network for women entrepreneurs, SHGs and women",2019
"good success in electronics, defence, mobile, automobile, etc. We will continue to work towards making Integrating Women SHGs in the Service Sector Implementing Law to Prevent Paper Leaks Bharat a global manufacturing hub and enhance employment in this crucial sector.",Moderate Confidence: Highly Likely,0.6054,Using information technology for women's safety.,2014
"We will empower women Self-Help Groups (SHGs) with the skills and tools in key service sectors like IT, We have already enacted a strict law to stop misconduct in recruitment exams across the country. We Employment Generation Through Investment in Infrastructure healthcare, education, retail and tourism with an aim to increase their income. will strictly implement this law to ensure strict punishment to those playing with the future of our youth. Unprecedented investment in infrastructure has created a large number of employment opportunities. Enhancing Market Access for Women SHG Enterprises",Low Confidence: Partial,0.554,Work towards increasing female workforce participation rate,2019
We will continue this investment for employment growth. Conducting Transparent Public Exams,Indeterminate,0.4765,"We will formulate a dedicated programme for the creation of work opportunities, provide skill training and strengthen social security mechanism for",2019
"We will integrate women Self-Help Groups (SHGs) with ongoing initiatives such as One District One Establishing Global Centres for High-Value Services Product (ODOP), Farmer Producer Organizations (FPOs), Ekta Mall, ONDC, GEM, One Station One Product, We have set the example for conducting recruitment exams in a transparent manner and recruited lakhs",Moderate Confidence: Partial,0.6267,"In rural and semi-rural areas and create better employment opportunities for them, we will make every effort to ensure access to credit and other resources, capacity building, market and distribution network for women entrepreneurs, SHGs and women",2019
enhancing better market access for their products. of youth for government jobs. We will continue to fill the government vacancies in a time bound and We will further strengthen our efforts to make Bharat the global hub for High-Value Services by,Low Confidence: Highly Likely,0.5328,Transform our Employment Exchanges into Career Centres - connecting our youth with job opportunities in a transparent and effective manner through the use of technology; as well as providing counselling and training.,2014
"transparent manner. We will also extend the central government capacity to states that request establishing more Global Capability Centres (GCCs), Global Tech Centres (GTCs) and Global Engineering Facilitating Participation of Women in the Workforce support in conducting recruitment examinations. Centres (GECs).",Low Confidence: Partial,0.5899,We will put in place a mechanism that will ensure that the Central and state governments work in close coordination and synergy while giving clearances to mega projects.,2014
"We will ensure development of infrastructure such as working women’s hostels, creches etc. with the specific focus on locations near industrial and commercial centres to facilitate increased participation of women in the workforce.",High Confidence: Partial,0.7123,Expand and improve upon the network of women / working women hostels.,2014
17 17,Indeterminate,0.3994,people-centric,2014
"Involving the Youth in Nation Building We recognize the entrepreneurial potential of our youth. We will expand credit programmes like Mudra to support all aspiring entrepreneurs in starting and sustaining their ventures. The Mudra loan limit will We have launched ‘Mera Yuva Bharat (MY Bharat)’ to involve the youth in nation building. One crore be doubled up to ₹20 lakh and provided to entrepreneurs who have availed and successfully repaid youth have already enrolled in MY Bharat. This will be enhanced to develop leadership skills and spirit of previous loans under the Tarun category. volunteering by providing equitable access for participation in government initiatives. Providing New Employment Opportunities in Tourism Vibrant Startup Ecosystem Our rich cultural heritage is the centre of global attraction. Our efforts at improving connectivity, building",Low Confidence: Highly Likely,0.5734,"Encourage and empower our youth for self-employment - incubating entrepreneurship as well as facilitating credit. Address the employability issue by initiating a multi-skills development programme in mission mode. Focus will be on job creation and entrepreneurship, in both rural and urban areas.",2014
"better infrastructure and reaching out to the world has significantly increased tourist footfall. We will Expanding the Startup Ecosystem expand the range of programmes to further expand the tourism sector and increase employment opportunities. We have successfully established Bharat among the top 3 Startup Ecosystems through various interventions ranging from Atal Tinkering Labs, Hackathon, Startup India and Start Up India Seed Fund",Low Confidence: Partial,0.5366,Nurture more job generating opportunities like tourism and IT industry.,2014
"Scheme. We will build upon this success and expand this ecosystem by making Bharat a preferred destination for startups, supported by robust investment, mentorship and a culture that celebrates",Low Confidence: Partial,0.5778,We will continue to promote and encourage Startups through creation of a ‘Seed Startup,2019
entrepreneurial risk-taking. We will work with the private sector to expand the incubator network and link them with higher education institutes to promote entrepreneurship among our students. Expand Funding for Startups,Low Confidence: Highly Likely,0.5966,"Encourage and empower our youth for self-employment - incubating entrepreneurship as well as facilitating credit. Address the employability issue by initiating a multi-skills development programme in mission mode. Focus will be on job creation and entrepreneurship, in both rural and urban areas.",2014
"We will expand the existing Startup India Seed Fund Scheme and Startup Credit Guarantee Scheme to ensure adequate funds for our start-ups in their entrepreneurial journeys. Providing Mentorship to Startups We have successfully provided mentorship under the Atal Innovation Mission where more than 6,000",Moderate Confidence: Highly Likely,0.685,Seed Startup Fund,2019
mentors are already present. We will continue establishing tie-ups with globally recognised mentors to support the startups in their journeys to success. Encouraging Startups in Government Procurement We have taken initiatives in many departments including defence and railways to support procurement,Low Confidence: Partial,0.545,We will continue to promote and encourage Startups through creation of a ‘Seed Startup,2019
"from startups. We will prepare a strong framework to further encourage startups in government procurement. Ensuring Employment Opportunities for Youth Increasing Employment Opportunities in Manufacturing With PLI and Make in India programmes, manufacturing has emerged as a major economic sector with",Moderate Confidence: Highly Likely,0.649,"Accord high priority to the growth of manufacturing, so that we can create enough jobs in the country. This sector must grow fast to ensure employment and asset creation. We will facilitate setting up of software and hardware manufacturing units.",2014
"good success in electronics, defence, mobile, automobile, etc. We will continue to work towards making Implementing Law to Prevent Paper Leaks Bharat a global manufacturing hub and enhance employment in this crucial sector. We have already enacted a strict law to stop misconduct in recruitment exams across the country. We Employment Generation Through Investment in Infrastructure will strictly implement this law to ensure strict punishment to those playing with the future of our youth. Unprecedented investment in infrastructure has created a large number of employment opportunities.",Low Confidence: Partial,0.5311,Mandate digitization of all government work to reduce corruption and delays.,2014
We will continue this investment for employment growth. Conducting Transparent Public Exams Establishing Global Centres for High-Value Services We have set the example for conducting recruitment exams in a transparent manner and recruited lakhs,Low Confidence: Partial,0.5355,"We will formulate a dedicated programme for the creation of work opportunities, provide skill training and strengthen social security mechanism for",2019
of youth for government jobs. We will continue to fill the government vacancies in a time bound and,Low Confidence: Highly Likely,0.5763,We will focus on need based skill development and employability; making our youth employable even in the most sophisticated jobs.,2014
We will further strengthen our efforts to make Bharat the global hub for High-Value Services by,Low Confidence: Partial,0.566,We will increase the coverage of Ayushman Bharat to include all Anganwadi workers and workers to ensure improved health and social support system for these frontline workers,2019
"transparent manner. We will also extend the central government capacity to states that request establishing more Global Capability Centres (GCCs), Global Tech Centres (GTCs) and Global Engineering support in conducting recruitment examinations. Centres (GECs).",Moderate Confidence: Partial,0.6031,We will put in place a mechanism that will ensure that the Central and state governments work in close coordination and synergy while giving clearances to mega projects.,2014
18 18,Indeterminate,0.3937,policy-driven,2014
"Involving the Youth in Nation Building We recognize the entrepreneurial potential of our youth. We will expand credit programmes like Mudra to support all aspiring entrepreneurs in starting and sustaining their ventures. The Mudra loan limit will We have launched ‘Mera Yuva Bharat (MY Bharat)’ to involve the youth in nation building. One crore be doubled up to ₹20 lakh and provided to entrepreneurs who have availed and successfully repaid youth have already enrolled in MY Bharat. This will be enhanced to develop leadership skills and spirit of previous loans under the Tarun category. volunteering by providing equitable access for participation in government initiatives. Providing New Employment Opportunities in Tourism Our rich cultural heritage is the centre of global attraction. Our efforts at improving connectivity, building",Low Confidence: Highly Likely,0.5734,"Encourage and empower our youth for self-employment - incubating entrepreneurship as well as facilitating credit. Address the employability issue by initiating a multi-skills development programme in mission mode. Focus will be on job creation and entrepreneurship, in both rural and urban areas.",2014
"better infrastructure and reaching out to the world has significantly increased tourist footfall. We will Expanding the Startup Ecosystem expand the range of programmes to further expand the tourism sector and increase employment opportunities. We have successfully established Bharat among the top 3 Startup Ecosystems through various interventions ranging from Atal Tinkering Labs, Hackathon, Startup India and Start Up India Seed Fund",Low Confidence: Partial,0.5366,Nurture more job generating opportunities like tourism and IT industry.,2014
"Scheme. We will build upon this success and expand this ecosystem by making Bharat a preferred destination for startups, supported by robust investment, mentorship and a culture that celebrates",Low Confidence: Partial,0.5778,We will continue to promote and encourage Startups through creation of a ‘Seed Startup,2019
entrepreneurial risk-taking. We will work with the private sector to expand the incubator network and link them with higher education institutes to promote entrepreneurship among our students. Expand Funding for Startups,Low Confidence: Highly Likely,0.5966,"Encourage and empower our youth for self-employment - incubating entrepreneurship as well as facilitating credit. Address the employability issue by initiating a multi-skills development programme in mission mode. Focus will be on job creation and entrepreneurship, in both rural and urban areas.",2014
"We will expand the existing Startup India Seed Fund Scheme and Startup Credit Guarantee Scheme to ensure adequate funds for our start-ups in their entrepreneurial journeys. Providing Mentorship to Startups We have successfully provided mentorship under the Atal Innovation Mission where more than 6,000",Moderate Confidence: Highly Likely,0.685,Seed Startup Fund,2019
mentors are already present. We will continue establishing tie-ups with globally recognised mentors to support the startups in their journeys to success. Encouraging Startups in Government Procurement We have taken initiatives in many departments including defence and railways to support procurement,Low Confidence: Partial,0.545,We will continue to promote and encourage Startups through creation of a ‘Seed Startup,2019
"from startups. We will prepare a strong framework to further encourage startups in government procurement. Increasing Employment Opportunities in Manufacturing With PLI and Make in India programmes, manufacturing has emerged as a major economic sector with",Moderate Confidence: Highly Likely,0.6679,"Accord high priority to the growth of manufacturing, so that we can create enough jobs in the country. This sector must grow fast to ensure employment and asset creation. We will facilitate setting up of software and hardware manufacturing units.",2014
"good success in electronics, defence, mobile, automobile, etc. We will continue to work towards making Implementing Law to Prevent Paper Leaks Bharat a global manufacturing hub and enhance employment in this crucial sector. We have already enacted a strict law to stop misconduct in recruitment exams across the country. We Employment Generation Through Investment in Infrastructure will strictly implement this law to ensure strict punishment to those playing with the future of our youth. Unprecedented investment in infrastructure has created a large number of employment opportunities.",Low Confidence: Partial,0.5311,Mandate digitization of all government work to reduce corruption and delays.,2014
We will continue this investment for employment growth. Conducting Transparent Public Exams Establishing Global Centres for High-Value Services We have set the example for conducting recruitment exams in a transparent manner and recruited lakhs,Low Confidence: Partial,0.5355,"We will formulate a dedicated programme for the creation of work opportunities, provide skill training and strengthen social security mechanism for",2019
of youth for government jobs. We will continue to fill the government vacancies in a time bound and,Low Confidence: Highly Likely,0.5763,We will focus on need based skill development and employability; making our youth employable even in the most sophisticated jobs.,2014
We will further strengthen our efforts to make Bharat the global hub for High-Value Services by,Low Confidence: Partial,0.566,We will increase the coverage of Ayushman Bharat to include all Anganwadi workers and workers to ensure improved health and social support system for these frontline workers,2019
"transparent manner. We will also extend the central government capacity to states that request establishing more Global Capability Centres (GCCs), Global Tech Centres (GTCs) and Global Engineering support in conducting recruitment examinations. Centres (GECs).",Moderate Confidence: Partial,0.6031,We will put in place a mechanism that will ensure that the Central and state governments work in close coordination and synergy while giving clearances to mega projects.,2014
19 19,Indeterminate,0.3719,people-centric,2014
"We will organise regular Ayush camps to provide holistic healthcare solutions rooted in Ayurveda, Yoga and other traditional practices to promote active living and vitality of elders. Ensuring Senior Citizen-Friendly Public Infrastructure",Moderate Confidence: Partial,0.6938,Yoga and Ayurveda are the gifts of ancient Indian civilization to humanity and we will increase the public investment to promote Yoga and AYUSH. We will start integrated courses for Indian System of Medicine (ISM) and modern science and Ayurgenomics. We will set up institutions and launch a vigorous program to standardize and validate the Ayurvedic medicine.,2014
We will implement age-friendly public infrastructure and transportation systems to facilitate mobility and independence for senior citizens. Facilitate Convenient Teerth Yatra,Moderate Confidence: Highly Likely,0.669,"BJP is committed to the welfare of senior citizens, especially their security and health care. We will take measures to deal with the issues related to the senior citizens in a focused manner. Invest in setting up and improving old-age homes.",2014
"We will work with state governments to ensure convenient facilities for senior citizens to undertake sacred pilgrimages across the country. MODI KI GUARANTEE FOR SENIOR CITIZENS Joint families are an important factor of our robust social and cultural heritage. Our society is undergoing a major change in today’s time. To cope with these changes, we have initiated a variety of steps, drawing upon our social traditions, to provide a",Moderate Confidence: Partial,0.686,"To Harness experience of senior citizens, we will Devise schemes and programs to engage them as volunteers",2014
robust eldercare ecosystem in modern times. We will expand these programmes with focus on dignified elderly living. Ayushman for Senior Citizens,High Confidence: Highly Likely,0.7367,"BJP is committed to the welfare of senior citizens, especially their security and health care. We will take measures to deal with the issues related to the senior citizens in a focused manner. Invest in setting up and improving old-age homes.",2014
We will expand the Ayushman Bharat Yojana to cover Senior Citizens and provide them access to free and quality healthcare. Facilitating Knowledge Sharing by Senior Citizens,Moderate Confidence: Partial,0.6388,We will increase the coverage of Ayushman Bharat to include all Anganwadi workers and workers to ensure improved health and social support system for these frontline workers,2019
"We will introduce a National Senior Citizens portal to honour the wisdom and experience of our elders by providing them with a platform for sharing their stories, insights and knowledge. Delivering Government Services at Doorstep",High Confidence: Partial,0.7284,"To Harness experience of senior citizens, we will Devise schemes and programs to engage them as volunteers",2014
We will ensure seamless access to social security benefits and other essential government services to senior citizens by leveraging the extensive reach and reliability of the postal and digital network. Digital Empowerment for Senior Citizens,Moderate Confidence: Highly Likely,0.6467,"BJP is committed to the welfare of senior citizens, especially their security and health care. We will take measures to deal with the issues related to the senior citizens in a focused manner. Invest in setting up and improving old-age homes.",2014
"We will provide senior citizens with comprehensive training in using UPI and other online payment methods, while also educating them on how to recognize and avoid digital scams.",Moderate Confidence: Partial,0.6118,"To Harness experience of senior citizens, we will Devise schemes and programs to engage them as volunteers",2014
20 20,Indeterminate,0.307,Ram Mandir,2019
"We will orgaWneis we irlle ogruglaanr iAsyeu rsehg ucalamr pAsy utsoh p craomvidpes htoo lpisrtoicv ihdeea hltohlicsatrice hseoalultthiocnasre r osootluetdio inn sA ryouortveedd ain, YAoyguar veda, Yoga and other tarnadd iotitohnearl tprraadcittiicoensa tl op rparcotmiceoste t oa cptrivoem loivtien ga catnivde v liitvainligty a onfd e vlditearlist.y of elders. Ensuring SEennsiourr iCnigti zSeenn-ioFrri Ceintdizleyn P-uFbrileicn Idnlfyr aPsutbrluicc tInufrreastructure",Indeterminate,0.4908,Poshan Abhiyaan.,2019
We will impWleem wenillt i magpel-efmrieenntd layg peu-fbrliiec nindflyra psutrbulicct iunrfer aasntdru tcrtaunrsep aonrtda ttrioann sspyosrtteamtiso tno s fyasctielimtast et om foabciilliittya te mobility and indepeanndde nincdee fpoer nsdeenniocre c fiotirz esenns.ior citizens. Facilitate CFoancvileitnaiteen Ct oTneveertnhie Ynatt Traeerth Yatra,Indeterminate,0.4206,To do research for the eradication of tropical diseases.,2014
"We will worWk ew witihll swtoartke wgoitvhe rsntmateen gtosv teor nemnseunrtes c toon evnensuiernet c foancvileitnieiesn fto fra sceilnitiioers c fiotirz esenns itoor ucintidzeerntsa ktoe undertake sacred pilgrsiamcaregde sp ialgcrroimssa gthees acocruonstsr yt.he country. MODI KI GUARANTEE FOR SENIOR CITIZENS Joint families are an important factor of our robust social and cultural heritage. Our society is undergoing a major change in today’s time. To cope with these changes, we have initiated a variety of steps, drawing upon our social traditions, to provide a",Low Confidence: Partial,0.505,"Structure a comprehensive scheme, incorporating best practices from past successes like BalikaSamruddhi, LadliLaxmi and ChiranjeeviYojana to support encourage positive attitude amongst families towards the girl child.",2014
robust eldercare ecosystem in modern times. We will expand these programmes with focus on dignified elderly living. AyushmanA fyour sShemniaonr fCoitri zSeennsior Citizens,High Confidence: Highly Likely,0.7308,"BJP is committed to the welfare of senior citizens, especially their security and health care. We will take measures to deal with the issues related to the senior citizens in a focused manner. Invest in setting up and improving old-age homes.",2014
We will expWaned w tihlle e Axypuasnhdm thaen AByhuasrhamt Yaonja Bnhaa troa tc oYovejarn Sae tnoio cro Cvietriz Seennsi oarn dCi tpirzoevnisd ea ntdhe pmro avcidcee stsh teom f raecec ess to free and qualitya hneda qltuhaclaitrye .healthcare. FacilitatingF aKcniloitwalteindgg eK Snhowarliendgg bey S Sheanriionrg Cbiyti zSeennsior Citizens,Low Confidence: Partial,0.5906,We are committed to leverage all resources to ensure that the out-of-pocket expenditure (OOPE) on health is reduced and all citizens can avail necessary medical services. +,2019
"We will intrWodeu wceil la in Ntarotidouncael Sae Nnaiotrio Cniatilz Seennsi opro Crtitailz teon sh opnoortuarl tthoe h wonisoduorm th aen wd iesxdpoemri eanncde e oxfp oeurire enlcdee rosf boyu r elders by providing tphreomv iwdiintgh tah pelmat fwoirtmh afo prl asthfaorrimng f tohre sihr asrtionrgie tsh, einirs isgthotrsie asn, idn skingohwtsle adngde k. nowledge. Delivering DGeolviveerrnimnge Gnto vSeerrnvmiceesn ta tS Derovoircsetse apt Doorstep",Indeterminate,0.4778,Poshan Abhiyaan.,2019
We will ensWuree wseilal emnlseussre a sceceasmsl etos ss oaccciaels sse tcou rsiotyci able sneecfiutrsit ayn bde ontehfietrs easnsde nottihael rg oevsesernnmtiaeln gto sveerrvnicmeesn tto s ervices to senior citizesenns iboyr cleitvizeerangsi nbyg ltehvee eraxgteinngs itvhee r eexatcehn asnivde rreelaiacbhi laitnyd o rfe tlhiaeb piliotyst oafl athned pdoigsittaall annedtw doigrikt.al network. Digital EmpDoigwitearlm Emenpto fwore Srmeneinotr fCoitri zSeennsior Citizens,Indeterminate,0.3714,Poshan Abhiyaan.,2019
"We will proWvidee w siell npiroorv ciidteiz esenns iwori tchit cizoemnsp rweihtehn csoivmep trreahineinnsgi vine utrsainingi nUgP iIn a unsdi nogt hUePrI oannldin oet phaeyrm onenlint e payment methods, wmheilteh aoldsos , ewdhuiclea tainlsgo tehdeumca otnin hgo twhe tmo roenc ohgonwiz teo a rnedc oagvnoiizde d aignidt aalv sociadm dsig.ital scams.",Indeterminate,0.4695,We will ensure minimization of the generation of black money. Committed to initiate the process of tracking down and bringing back black money stashed in foreign banks and offshore accounts. We will also proactively engage with foreign governments to facilitate information sharing on black money.,2014
21 21,Indeterminate,0.3566,Merged with 178,2014
We will develop Digital Public Infrastructure to remove information asymmetry in agriculture and,Low Confidence: Partial,0.5928,"Encouraging research and innovation in areas of relevance for the economy and society, particularly by promoting close and productive interaction between private and public institutions. Sectors such as agriculture (particularly soil, water management, human and animal nutrition and fisheries), water, health, education, industry, energy including renewable energy, communication and transportation would be accorded highest priority. Leveraging of technologies such as information technology, biotechnology and material sciences would be done with special importance.",2014
"We will support Annadatas to make Bharat Atmanirbhar in the production of pulses (like tur, urad, provide farmer-centric solutions and services. Expand the Network of Dairy Cooperatives masoor, moong and chana) and edible oil production (like mustard, soybean, til and groundnut).",Low Confidence: Highly Likely,0.5675,"Encourage the production of cereals, pulses and oils.",2014
"We will expand the network of dairy cooperatives in villages in the next five years with facilities of New Clusters for Vegetable Production and Storage fodder banks, milk testing laboratories, bulk milk coolers, and milk processing units.",Moderate Confidence: Partial,0.6296,We have given utmost importance to the dairy sector and have established Kamdhenu Aayog for the conservation of indigenous species of cows. We will establish a network of mobile veterinary dispensaries to provide doorstep service to farmers.,2019
"We will support Annadatas with requisite farming inputs to increase the production of nutritious Protecting Indigenous Breeds vegetables by establishing new clusters for the production of essentials like onion, tomato, potato etc. Doubling Custom Hiring Centres",Low Confidence: Partial,0.5738,"We will promote chemical-free organic farming in an additional lakh hectare of hilly, tribal and rainfed areas in the next years",2019
"We will also set up storage and logistics facilities at these clusters. We will make efforts to protect indigenous cattle breeds, and make efforts to increase their productivity",Moderate Confidence: Partial,0.6626,We have given utmost importance to the dairy sector and have established Kamdhenu Aayog for the conservation of indigenous species of cows. We will establish a network of mobile veterinary dispensaries to provide doorstep service to farmers.,2019
"We have already established 25,000 custom hiring centres. We will double the number of custom hiring and preserve their genetic diversity. Positioning Bharat as the Nutri-Hub of the World centres, focusing on making agricultural machinery and equipment at stable prices. Eliminating Major Veterinary Diseases Building on the success of the International Year of Millets, we will promote Shree Anna (millets) for food Upgrading Krishi Vigyan Kendra",Low Confidence: Highly Likely,0.5607,"Promote horticulture, floriculture, pisciculture, bee- keeping and poultry for generating jobs and income for rural India",2014
"security, nutrition and environmental sustainability and make Bharat a Global Millet Hub. We will eliminate FMD (Foot and Mouth Disease) and will also control brucellosis through a massive",Low Confidence: Partial,0.5347,"Make potable drinking water available to all thus reducing water-borne diseases, which will automatically translate into Diarrhoea-free India.",2014
We have upgraded KVKs to provide digital solutions to our farmers. We will further upgrade all Krishi vaccination campaign. Millet as Super Food Vigyan Kendra into a one-stop centre for skill development. Sahakar se Samriddhi We have ensured that Millet gets the global recognition and will now promote it as the global superfood. Expanding PM Kisan Samriddhi Kendras,Low Confidence: Partial,0.5243,We will expand the coverage of Pradhan Mantri Kisan Samman Nidhi Yojana to all the farmers in the country,2019
"We will also focus on expanding its cultivation among small farmers, promote research and international We will bring the National Cooperative Policy with a view to make the cooperative movement strong, marketing to underscore its health and sustainability advantages. We have established PM Kisan Samriddhi Kendras to provide all agricultural inputs and services as efficient, transparent, technically rich and vibrant at the grassroots level.",Moderate Confidence: Partial,0.6509,We will expand the coverage of Pradhan Mantri Kisan Samman Nidhi Yojana to all the farmers in the country,2019
MODI one-stop shops to our farmers. We will further expand the network of PM Kisan Samriddhi Kendras. KI Strengthening Natural Farming Ensuring High-Yielding Seeds,Moderate Confidence: Partial,0.6269,We will expand the coverage of Pradhan Mantri Kisan Samman Nidhi Yojana to all the farmers in the country,2019
"We will launch the National Mission on Natural Farming to promote nature-friendly, climate-resilient, GUARANTEE FOR",Moderate Confidence: Partial,0.6084,"Will adopt a 'National Land Use Policy', which will look at the scientific acquisition of non-cultivable land, and its development; Protect the interest of farmers and keep in mind the food production goals and economic goals of the country. Its implementation would be monitored by the National Land Use Authority, which will work with the State Land Use Authorities to regulate and facilitate land management.",2014
"remunerative agriculture for food and nutrition secure Bharat. We will encourage farmers to use high-yielding, climate resilient and bio-fortified varieties of seeds. KISAN SAMMAN Further Incentivising Crop Diversification Expanding access to Nano Urea",Low Confidence: Highly Likely,0.5521,"Promote horticulture, floriculture, pisciculture, bee- keeping and poultry for generating jobs and income for rural India",2014
"We have incentivized crop diversification with appropriate price support strategy. Building on this, we We have started using nano-urea to ensure continued soil fertility in Indian farmlands. We will further are committed to further expand crop diversification to make agriculture sustainable and remunerative. expand access to and encourage adoption of Nano Urea. The dignity and empowerment of farmers is one of our top-most priorities. We have Krishi Infrastructure Mission empowered our Kisans through a variety of measures including soil health card,",Low Confidence: Partial,0.5178,"We will bring one crore hectares agricultural land under micro-irrigation, this would be supplemented with ‘fertigation’ to promote judicious use of fertilizers.",2019
"We will launch a Krishi Infrastructure Mission for integrated planning and coordinated implementation of micro-irrigation, crop insurance, seed supply, and direct financial assistance under PM agri-infrastructure projects like storage facilities, irrigation, grading and sorting units, cold storage Kisan Samman Yojana. We have increased MSP multi-fold. We are committed to facilities, and food processing among others. support our Kisan families and empower them to lead better lives. Expanding Irrigation Facilities We have created a 25.5 lakh hectare irrigation capacity under the PM Krishi Sinchai Yojana. Further, we Making Agriculture Remunerative will launch technology-enabled irrigation initiatives to implement cutting-edge technology for efficient water management. Strengthening PM KISAN Network of Grain Storage Facilities in Rural Areas We are providing annual financial assistance of ₹6,000 under PM Kisan Samman Nidhi Yojana. We are",Low Confidence: Highly Likely,0.5794,Complete Irrigation Projects under Pradhan Mantri Krishi Sinchayi Yojana,2019
committed to sustained financial support for our farmers. We will develop a substantial storage capacity in PACS under the world's largest grain storage scheme in,Moderate Confidence: Partial,0.6881,We will build an efficient storage and transport mechanism for agriculture produce,2019
"the cooperative sector. We will complement it with basic facilities like grading, sorting, processing and Strengthening PM Fasal Bima Yojana packing.",Low Confidence: Highly Likely,0.5707,We will also set up Centres of Excellence in various sectors in partnership with the Industry.,2014
"We will further strengthen the PM Fasal Bima Yojana through more technological interventions to Launching Krishi Satellite ensure speedy and more accurate assessment, faster payouts and quicker grievance resolution.",Moderate Confidence: Highly Likely,0.6382,Harness our advanced satellite technology and expertise for development.,2014
"We will launch an indigenous Bharat Krishi satellite for farm-related activities like crop forecasting, Increase in MSP pesticide application, irrigation, soil health, and weather forecasting, among others. We have ensured unprecedented increase in MSP for major crops, and we will continue to increase MSP from time to time. 22",Low Confidence: Highly Likely,0.5709,Harness our advanced satellite technology and expertise for development.,2014
We will devWeleo pw Dilli gditeavle Ploupb lDicig Initfarla Psutrbulicct Iunrfer atsot rreumctouvree itnof orermmoatvieo nin afosyrmmamtieotnr ya siny magmriecutrltyu irne a agnrdic ulture and,Indeterminate,0.438,Poshan Abhiyaan.,2019
"We will supWpoer wt Ailln snuapdpaotrats Atno nmaadkaeta Bsh taor amta Aktem Bahnairrbath aArt mina tnhierb phraord iunc tthioen p orfo pduulcsteiosn (l iokfe p tuulrs,e usr a(ldik, e tur, urad, provide farpmroerv-idceen ftarrimc seorl-ucteionntrsi ca snodl usteirovnicse asn.d services. Expand theE xNpeatnwdo trhke o Nf eDtawiroyr Cko oofp Dearairtyiv Ceosoperatives masoor, momoansgo aonr,d m cohoannag) a anndd c ehdainbale) oanil dp reoddibulcet iooinl p (rliokdeu mctuiostna (rldik, es omyubsetaanr,d t, isl aonybde garno,u tnild annudt )g.roundnut).",Indeterminate,0.4712,Poshan Abhiyaan.,2019
"We will expWaned w tihlle e nxeptawndo rtkh oef n deatiwryo rcko oopf edraaitriyv ecos oinp evrilalatgiveess i nin t vhiella ngeexst i fin vteh ey enaerxst w fiivteh yfaecairlist iwesit ohf f acilities of New ClusteNresw fo Crl uVsetgeertsa fbolre VPergoedtuacbtlieo nP raonddu Scttoiornag aend Storage fodder banfkosd, dmeirlk b taensktsin, gm lialkb oterasttoinrgie lsa,b bourlakt moriileks c, oboullekr ms, ialkn dco molielkr sp,r aoncde smsiinlkg purnoictes.ssing units.",Indeterminate,0.4092,Poshan Abhiyaan.,2019
"We will supWpoer wt Ailln snuapdpaotrats Awnintha dreatqausis witiet hfa rremquinisgi tinep fuatrms tino gin incrpeuatsse t toh ien cprreoadsuec tthioen p orfo nduutcrtiitoino uosf nutritious ProtectingP Irnodtiegcetninogu sIn Bdriegeednsous Breeds vegetablesv beyg eetsatabbleliss hbiyn egs nteawbl icslhuisntge rnse fwo rc ltuhset eprrso fdourc tthioen p orfo edsuscetniotnia olsf leikses eonntioianls, tloikme aotnoio, pno, ttoamtoa ettoc, .p otato etc. Doubling CDuostuobmlin Hgi rCiunsgt Coemn tHriersing Centres",Indeterminate,0.4956,"We will promote chemical-free organic farming in an additional lakh hectare of hilly, tribal and rainfed areas in the next years",2019
"We will alsoW see tw uilpl a sltsoor saegte uapn dst loorgaisgtei casn fda cloilgitiisetsic ast f tahceilisteie csl uastt tehres.se clusters. We will makWee e wffiollr mtsa tkoe p erffotoerctts itnod pigreonteocuts i ncadtigtleen boruese dcast, talne db rmeaekdes ,e affnodr mtsa tkoe i necffroeratsse t toh ienicrr peraosdeu tchteivirit pyr oductivity We have alrWeaed hya evest aalbreliashdeyd e s2t5a,0b0lis0h ceuds t2o5m,0 0h0ir icnugs tcoemnt rheirsi.n Wg ec ewnitllr deso.u Wblee wthilel dnouumbblee trh oef ncuumstbomer hoifr icnugs tom hiring and preservaen dt hperiers geernveet tich ediirv geersnietyt.ic diversity. PositioningP oBshitairoanti nasg tBhhea Nrautt aris- Hthueb Nouf ttrhie-H Wuobr oldf the World centres, foccuesnitnrge so,n f omcuaksiinngg oangr micuakltiunrga al mgraiccuhlitnuerrayl manadc heiqnueirpym aenndt e aqtu siptambelen pt raitc esst.able prices. EliminatingE lMimaijnoar tVinegte Mrianjaorry V Deitseerainsaersy Diseases Building onB tuhield sinugc coens st hoef sthuecc Ienstse ronfa tthioen Ianlt Yeernaar toiof nMaill lYeetsa,r w oef Mwiilllle ptrso, mweo twei Sll hprreoem Aontnea S (hmreilele Atsn)n fao r(m foiloledt s) for food UpgradingU Kprgisrhaid Viniggy Karni sKhei nVdigrayan Kendra",Indeterminate,0.3476,"We will further make all efforts to invite other countries of the world to become members of the International Solar Alliance We will explore the diversity of our oceans,",2019
"security, nustercituiorinty a, nndu ternitvioirno namnde netnavli rsounsmtaeinnatbali lsituys atanidn ambailkitey B ahnadr amta ak Ge lBohbaarl aMti lale Gt lHobuabl. Millet Hub. We will elimWinea wteil lF eMliDm (iFnoaotet aFnMdD M (Foouotth a Dnisde Masoeu)t ahn Ddi sweialls ael)s aon cdo nwtirllo al lbsrou ccoenlltorsoisl bthruroceulglohs ais mtharsosuivgeh a massive We have upWgrea hdaevde K uVpKgsr atdo epdr oKvVidKes dtoig pitraolv siodleu dtiiognitsa tl os ooluurt ifoanrsm teor os.u Wr fea wrmille frusr. tWhee rw uipll gfurardthee arl lu Kprgisrhadi e all Krishi vaccinationv caacmcinpaatigionn. campaign. Millet as SuMpileler tF aoso dSuper Food Vigyan KenVdirgay iannt oK ae nodnrea- isnttoop a c eonnter-es tfoopr sckeinllt dree vfeolro spkmille dnetv. elopment. Sahakar seS Saahmakraidr dshei Samriddhi We have enWsuer headv teh eant sMuirlleedt tgheatts Mthilele gtl ogbeatsl rtehceo gglnoibtiaoln r eacnodg wniitlli onno wan pdr womillo ntoew it parso tmhoe tgel oitb aasl stuhpee grlfooboadl .s uperfood. ExpandingE PxMpa Knidsainng S PaMm Kriidsdahni S Kaemndrirdadshi Kendras",Indeterminate,0.4423,Reform the National Security Council to make it the hub of all sector-related assessments. It will be accountable for real-time intelligence dissemination. Digital and Cyber security will be a thrust area.,2014
"We will alsoW feo cwuisll oanls eox fpoacnuds ionng eitxsp caunltdiivnagt iiotsn caumltoivnagt isomn aalml foanrmg esmrsa, pll rfoamrmoteer sr,e psreoamrcoht ea nrdes ienatercrhn aatniodn ianlt ernational We will brinWge t hwei lNl bartiinogn athl Ceo Noapteiorantaivl Ceo Poopliecrya wtiviteh P ao vliiceyw w tioth m aa vkiee wth teo c mooapkeer tahtiev eco mopoveeramtievnet m storvoenmg,e nt strong, marketing mtoa urnkedteirnsgc otore u intsd ehresaclothre a intsd hseuaslttahi naanbdi lsituys atadivnaanbtialitgye sa.dvantages. We have esWtaeb hlisahveed e sPtMa bKliisshaned S aPmM rKidisdahni KSeanmdrriadsd htoi K pernodvridaes atoll pagrorivciudlet uarlal al ignrpicuutlst uarnadl isnepruvticse asn ads s ervices as efficient, treaffinscpieanret,n ttr, atnescphanriceanltly, treicchh naincda lvlyib rricahn ta natd tvhiber garnats asrto tohtes gleravsesl.roots level. MODI one-stop shonope-ss ttoo po usrh foaprsm teor os.u Wr fea wrmille frusr. tWhee rw eixllp faunrtdh tehre e nxeptawndo rtkh oef n PeMtw Koisrka no fS aPmM rKidisdahni KSeanmdrriadsd.hi Kendras. KI StrengthenStinregn Ngatthuernailn Fga Nrmatinugral Farming Ensuring HEignhsu-Yriienlgd Hinigg hS-eYeiedlsding Seeds",Indeterminate,0.4293,Poshan Abhiyaan.,2019
"We will launWceh wthilel lNauatnicohn athl Me iNssaitoionn oanl MNaistsuioranl oFna rNmaitnugr atol F parromminogte t on aptruorme-oftreie nnadtluy,r ecl-imfriaetned-lrye, scilliimenatt, e-resilient, GUARANTEE FOR",Indeterminate,0.4079,Poshan Abhiyaan.,2019
"remuneratirveem augnreicrualttiuvree a fgorri cfuolotdu raen fdo rn ufotoridti oann ds encuutrreit Biohna sreatc.ure Bharat. We will encWouer awgilel efanrcmouerrasg teo fuasrem heirgsh t-oy iuesldei nhgig, hcl-iymiealtdein rge,s cilliiemnat taen rde sbiiloie-nfot ratnifide bdi ov-afroierttiifiese do fv saerieedtsie.s of seeds. KISAN SAMMAN Further IncFeunrttihveisri Inngc eCnrotipv iDsiivnegr Csrifiocpa Dtiiovnersification ExpandingE axcpcaensds itnog N aacnceos Usr teoa Nano Urea We have incWeen thivaivzee din ccreonpt idviivzeedrs cifirocpat dioivne wrsiitfihc aaptiporno wpriitaht ea ppprircoep sruiaptpe oprrti cset rsautpepgoyr. tB sutilrdaitnegg oyn. B tuhiilsd,i nwge on this, we We have stWaret ehda vues isntga nrtaendo u-usrinega ntoa neon-suurreea c toon etinnsuuerde scooinl tfeinrutielidty s oinil Ifnedritailnit fya irnm Inladniadns. fWarem wlailnl dfusr. tWhee rw ill further are commitatreed c toom fumritthteedr etoxp faunrtdh cerro epx dpiavnedrs cifirocpat dioivne trosi fimcaakteio ang troic multaukree a sgursictualitnuarbel es uasntda rineambulen aenradt irveem. unerative. expand acceexsps atnod a ancdc eenssc otuor aangde eandcooputrioang eo fa dNoapntoio Unr eoaf .N ano Urea. Ensuring Access to Robust Agri Infrastructure The dignity and empowerment of farmers is one of our top-most priorities. We have Krishi InfraKsrtirsuhci tInufrrea Mstirsusciotnure Mission empowered our Kisans through a variety of measures including soil health card,",Low Confidence: Highly Likely,0.5522,Poshan Abhiyaan.,2019
"We will launWceh wa iKllr liasuhni Icnhf raa Kstrrisuhcit Iunrfer aMsitsrsuioctnu froer M inistseigorna tfeodr ipnltaengnriantge dan pdla cnonoirndgi naantde dco iomrpdlienmateendt iamtipolne mofe ntation of micro-irrigation, crop insurance, seed supply, and direct financial assistance under PM agri-infrastargurci-tiunrfer apsrtorjueccttus rleik pe rsotjoercatgs eli kfaec siltiotireasg, eir rfaigcailtitioiens, ,g irrraidgiantgio ann, dg rsaodritningg a nudni stso,r ctoinldg sutnoitras,g ceo ld storage Kisan Samman Yojana. We have increased MSP multi-fold. We are committed to facilities, anfadc filoitoieds p, raoncde sfosiondg parmocoensgs iontgh aemrso. ng others. support our Kisan families and empower them to lead better lives. ExpandingE Ixrrpiagnatdiionng FIrarcigiliattieiosn Facilities We have creWaet ehda vae 2 c5r.5ea latekdh ah e2c5t.5a rlea kirhr ihgeacttioanre c airpriagcaittyio unn cdaepra tchitey PuMnd Kerri sthhie S PinMch Karii sYhoij aSninac. hFauir Ythojearn, wa. eF urther, we Making Agriculture Remunerative will launch wteicllh lanuonlocghy t-eecnhanbolelodg iyr-riegnaatbiolend in iritriiagtaitvieosn tion iitmiaptilveemse tnot i mcupttleinmge-nedt gceu ttteinchg-neodloggey t feocrh enffiolocgieyn fto r efficient water manwagaetmere mnta.nagement. StrengthenStinregn PgMth KeInSiAnNg PM KISAN Network oNf eGtrwaionr Skt oofr aGgrea iFna Sctiloitriaegse i nF aRcuilriatile Asr iena Rsural Areas We are provWidei nagre a pnrnouvaidl fiinnga anncniaul aals fisnisatnancicael aosfs ₹is6t,0an0c0e u onfd ₹e6r, 0P0M0 K uisnadne rS aPmM mKiasna nN Sidahmi Ymoajann Na.i dWhei Yaorjea na. We are",Moderate Confidence: Highly Likely,0.6359,Complete Irrigation Projects under Pradhan Mantri Krishi Sinchayi Yojana,2019
"committedc toom smusitttaeinde tdo fisnuastnaciinael sdu fipnpaonrct ifaol rs uopupr ofartr mfoerr os.ur farmers. We will devWeleo pw ail ls duebvsetlaonpt iaa ls sutbosrtaagnet icaal psatocirtayg ien cPaApCaSc iutyn dine rP tAhCeS wunodrledr's t lhaer gweostrl gdr'sa ilnar sgteosrta ggrea sinc hsetmorea gine scheme in the coopertahtiev eco soepcetorar.t Wivee sweicllt coorm. Wpele wmiell ncto mit pwleitmh ebnats iict fwaictihlit bieass ilcik fea gcirlaitdieinsg li,k seo grtriandgin, pgr, oscoerstsiningg, parnodc essing and StrengthenStinregn PgMth Feansianlg B PimMa F Yaosjaaln Baima Yojana packing. packing.",Low Confidence: Partial,0.5618,We will make enrollment of farmers under the Pradhan Mantri Fasal Bima Yojana voluntary,2019
"We will furtWhee rw sitllr feunrgtthheern s tthreen PgMth Feans tahl eB iPmMa FYaosjaanl Ba itmharo Yuogjahn ma othrero tuegchhn moloorgei ctaelc ihnnteorlovgeinctailo innst etrov entions to LaunchingL Karuisnhcih Sinagte Kllriitsehi Satellite ensure speeendsyu arned s pmeoerdey a acncdur matoer ea sascecsusrmateen ats, fsaesstsemr epnaty,o fuatsst earn pda qyuoiuctkse ra ngdri eqvuaicnkceer r gersioelvuatniocne. resolution.",Low Confidence: Highly Likely,0.5547,Harness our advanced satellite technology and expertise for development.,2014
"We will launWceh wanil li nladuignecnho auns i nBdhiagreanto Kursis Bhhi saaratet lKlitreis hfoi rs afatermllit-ere floart efadr amc-triveiltaietesd li kaec tcivroitpie fso lriekeca csrtoinpg f,o recasting, Increase inI nMcSrePase in MSP pesticide apppeslitciactidioen a, iprprilgicaattioionn, ,s iorrili ghaetaioltnh,, saonild h weaelatthh, earn fdo wreecaatshteinrg f,o armecoansgti nogth, aemrso. ng others. We have enWsuer headv uen epnrseuceredde nutnepdr einccerdeeanstee idn iMncSrPe afsoer min aMjoSrP c froorp sm, aajnodr wcreo pwsi,l la cnodn wtineu wei ltlo c oinnctrienausee t Mo SinPc rease MSP from time tforo tmim teim. e to time. 23",Low Confidence: Partial,0.5278,Re-orient pest management and control programmes,2014
We will develop Digital Public Infrastructure to remove information asymmetry in agriculture and,Low Confidence: Partial,0.5928,"Encouraging research and innovation in areas of relevance for the economy and society, particularly by promoting close and productive interaction between private and public institutions. Sectors such as agriculture (particularly soil, water management, human and animal nutrition and fisheries), water, health, education, industry, energy including renewable energy, communication and transportation would be accorded highest priority. Leveraging of technologies such as information technology, biotechnology and material sciences would be done with special importance.",2014
"We will support Annadatas to make Bharat Atmanirbhar in the production of pulses (like tur, urad, provide farmer-centric solutions and services. Expand the Network of Dairy Cooperatives masoor, moong and chana) and edible oil production (like mustard, soybean, til and groundnut).",Low Confidence: Highly Likely,0.5675,"Encourage the production of cereals, pulses and oils.",2014
"We will expand the network of dairy cooperatives in villages in the next five years with facilities of New Clusters for Vegetable Production and Storage fodder banks, milk testing laboratories, bulk milk coolers, and milk processing units. Easy Accessibility of Agricultural Inputs",Moderate Confidence: Partial,0.6635,We have given utmost importance to the dairy sector and have established Kamdhenu Aayog for the conservation of indigenous species of cows. We will establish a network of mobile veterinary dispensaries to provide doorstep service to farmers.,2019
"We will support Annadatas with requisite farming inputs to increase the production of nutritious Protecting Indigenous Breeds vegetables by establishing new clusters for the production of essentials like onion, tomato, potato etc. Doubling Custom Hiring Centres",Low Confidence: Partial,0.5738,"We will promote chemical-free organic farming in an additional lakh hectare of hilly, tribal and rainfed areas in the next years",2019
"We will also set up storage and logistics facilities at these clusters. We will make efforts to protect indigenous cattle breeds, and make efforts to increase their productivity",Moderate Confidence: Partial,0.6626,We have given utmost importance to the dairy sector and have established Kamdhenu Aayog for the conservation of indigenous species of cows. We will establish a network of mobile veterinary dispensaries to provide doorstep service to farmers.,2019
"We have already established 25,000 custom hiring centres. We will double the number of custom hiring and preserve their genetic diversity. Positioning Bharat as the Nutri-Hub of the World centres, focusing on making agricultural machinery and equipment at stable prices. Eliminating Major Veterinary Diseases Building on the success of the International Year of Millets, we will promote Shree Anna (millets) for food Upgrading Krishi Vigyan Kendra",Low Confidence: Highly Likely,0.5607,"Promote horticulture, floriculture, pisciculture, bee- keeping and poultry for generating jobs and income for rural India",2014
"security, nutrition and environmental sustainability and make Bharat a Global Millet Hub. We will eliminate FMD (Foot and Mouth Disease) and will also control brucellosis through a massive",Low Confidence: Partial,0.5347,"Make potable drinking water available to all thus reducing water-borne diseases, which will automatically translate into Diarrhoea-free India.",2014
We have upgraded KVKs to provide digital solutions to our farmers. We will further upgrade all Krishi vaccination campaign. Millet as Super Food Vigyan Kendra into a one-stop centre for skill development. Sahakar se Samriddhi We have ensured that Millet gets the global recognition and will now promote it as the global superfood. Expanding PM Kisan Samriddhi Kendras,Low Confidence: Partial,0.5243,We will expand the coverage of Pradhan Mantri Kisan Samman Nidhi Yojana to all the farmers in the country,2019
"We will also focus on expanding its cultivation among small farmers, promote research and international We will bring the National Cooperative Policy with a view to make the cooperative movement strong, marketing to underscore its health and sustainability advantages. We have established PM Kisan Samriddhi Kendras to provide all agricultural inputs and services as efficient, transparent, technically rich and vibrant at the grassroots level.",Moderate Confidence: Partial,0.6509,We will expand the coverage of Pradhan Mantri Kisan Samman Nidhi Yojana to all the farmers in the country,2019
one-stop shops to our farmers. We will further expand the network of PM Kisan Samriddhi Kendras. Strengthening Natural Farming Ensuring High-Yielding Seeds,Moderate Confidence: Partial,0.6189,We will expand the coverage of Pradhan Mantri Kisan Samman Nidhi Yojana to all the farmers in the country,2019
"We will launch the National Mission on Natural Farming to promote nature-friendly, climate-resilient,",Moderate Confidence: Partial,0.6074,"Will adopt a 'National Land Use Policy', which will look at the scientific acquisition of non-cultivable land, and its development; Protect the interest of farmers and keep in mind the food production goals and economic goals of the country. Its implementation would be monitored by the National Land Use Authority, which will work with the State Land Use Authorities to regulate and facilitate land management.",2014
"remunerative agriculture for food and nutrition secure Bharat. We will encourage farmers to use high-yielding, climate resilient and bio-fortified varieties of seeds. Further Incentivising Crop Diversification Expanding access to Nano Urea",Low Confidence: Highly Likely,0.5607,"Promote horticulture, floriculture, pisciculture, bee- keeping and poultry for generating jobs and income for rural India",2014
"We have incentivized crop diversification with appropriate price support strategy. Building on this, we We have started using nano-urea to ensure continued soil fertility in Indian farmlands. We will further are committed to further expand crop diversification to make agriculture sustainable and remunerative. expand access to and encourage adoption of Nano Urea. Krishi Infrastructure Mission",Indeterminate,0.4977,"We will bring one crore hectares agricultural land under micro-irrigation, this would be supplemented with ‘fertigation’ to promote judicious use of fertilizers.",2019
"We will launch a Krishi Infrastructure Mission for integrated planning and coordinated implementation of agri-infrastructure projects like storage facilities, irrigation, grading and sorting units, cold storage facilities, and food processing among others. Expanding Irrigation Facilities We have created a 25.5 lakh hectare irrigation capacity under the PM Krishi Sinchai Yojana. Further, we will launch technology-enabled irrigation initiatives to implement cutting-edge technology for efficient water management. Strengthening PM KISAN Network of Grain Storage Facilities in Rural Areas We are providing annual financial assistance of ₹6,000 under PM Kisan Samman Nidhi Yojana. We are",Moderate Confidence: Highly Likely,0.6383,Complete Irrigation Projects under Pradhan Mantri Krishi Sinchayi Yojana,2019
committed to sustained financial support for our farmers. We will develop a substantial storage capacity in PACS under the world's largest grain storage scheme in,Moderate Confidence: Partial,0.6881,We will build an efficient storage and transport mechanism for agriculture produce,2019
"the cooperative sector. We will complement it with basic facilities like grading, sorting, processing and Strengthening PM Fasal Bima Yojana packing.",Low Confidence: Highly Likely,0.5707,We will also set up Centres of Excellence in various sectors in partnership with the Industry.,2014
"We will further strengthen the PM Fasal Bima Yojana through more technological interventions to Launching Krishi Satellite ensure speedy and more accurate assessment, faster payouts and quicker grievance resolution.",Moderate Confidence: Highly Likely,0.6382,Harness our advanced satellite technology and expertise for development.,2014
"We will launch an indigenous Bharat Krishi satellite for farm-related activities like crop forecasting, Increase in MSP pesticide application, irrigation, soil health, and weather forecasting, among others. We have ensured unprecedented increase in MSP for major crops, and we will continue to increase MSP from time to time. 24",Low Confidence: Highly Likely,0.5705,Harness our advanced satellite technology and expertise for development.,2014
We will develWope Dwigililt dael vPeulbolpic D Inigfirtaasl tPruubctliuc rIen ftroa sretrmuoctvuer ien ftoor rmematoiovne ainsfyomrmmaettiroyn i nas aygmrimcueltturyre in a angdr iculture and,Indeterminate,0.4434,Poshan Abhiyaan.,2019
"We will suppoWret Awnilnl asudpatpaosr tt oA mnnaakdea Btahsa rtaot m Aatmkea Bnhirabrhaatr A intm thaen iprbrohdaur cinti othne o pf rpoudlsuecsti (olink eo ft upru, luserasd (,l ike tur, urad, provide farmperro-vceidnet rfiacr smoelurt-icoennst rainc ds osleurtvioicness .and services. Expand the NExeptwanodrk t hoef DNaeitrwy oCroko opfe rDaatiirvye Csooperatives masoor, moomnga saonodr ,c mhaonoan)g a anndd e cdhibalnea o)i la pnrdo edduicbtlieo no i(l lpikreo dmuucsttioanrd (,l iskoey mbeuasnta, tridl ,a snody bgreoaunn, tdinl aunt)d. groundnut).",Indeterminate,0.4949,Launch the 'Pradhan Mantri Gram SinchayeeYojana' with a motto of 'harkhetkopaani'. We will launch multi-pronged 'water strategy' for reducing farmer's dependence on monsoon. Increase irrigated land by completing the long pending irrigation projects on priority.,2014
"We will expanWde t wheil ln eextpwaonrdk tohfe d naeirtyw coorokp oefr adtaiivreys c iono vpiellaragteisv eins tinh ev inllaegxet sfi ivne t yheea nrse xwti tfihv efa yceilaitrise sw oitfh facilities of New ClusterNs efowr CVleugsetetarsb lfeo Pr rVoedguecttaibolne aPnrdo dSutoctriaogne and Storage fodder banksf,o mddilke rt ebsatninksg, lmabilokr taetsotriinegs ,l babuolkr amtoilkri ecos,o bleurlsk, manildk mcoiolkl eprrso, caensds imngil ku npirtosc.essing units. Easy Accessibility of Agricultural Inputs",Indeterminate,0.4612,We will expand the Pradhan Mantri Shram Yogi Maandhan scheme,2019
"We will suppoWret Awnilnl asudpatpaosr tw Aitnhn raedqautiassit we fitahr mreiqnugi sinitpeu ftasr tmo iinngc rinepasuet st htoe ipnrcordeuasceti othne o pf rnoudturcittioiouns o f nutritious Protecting InPdroigteencotiunsg BInredeigdesnous Breeds vegetables bvye egsettaabblilsehsi nbgy nesetwa bclliusshtienrgs n feowr t chlue sptreords ufcotri othne o pf reosdsuecnttiioanls o lifk ees osneinotnia, tlso mlikaet oon, pioont,a ttoom eatcto. , potato etc. Doubling CusDtooumb lHinirgi nCgu sCteonmtr Hesiring Centres",Low Confidence: Partial,0.5212,"We will promote chemical-free organic farming in an additional lakh hectare of hilly, tribal and rainfed areas in the next years",2019
"We will also sWete uwpi lsl taolsroag see ta nudp lsotgoirsatgices afancdi lliotigeiss taict st hfaecsieli tcieluss atet rtsh.ese clusters. We will makeW eeff woritlls m toa kper oetffeocrtt isn dtoig pernootuesc tc aintdtlieg ebnreoeudss c, aatntdle mbraekeed esff, aonrdts m toa kinec erffeaosret st htoe iirn pcrreoadsuec ttihveitiyr productivity We have alreWadey h easvtea ballirsehaeddy 2 e5s,0ta0b0li schuestdo 2m5 ,h0i0ri0n gcu csetnotmre hs.i rWineg wceilnl dtroeusb. lWe et hwei lnl udmoubbeler othf ecu nsutmombe hri roifn gcu stom hiring and preservea tnhde pirr geesenrevteic t dhievierr gseitnye.tic diversity. Positioning BPhoasirtaiot naisn tgh Beh Nauratrti -aHsu tbh eo fN tuhteri W-Hourbld of the World centres, focucseinngtr oens ,m foackuinsign gag ornic multaukrinagl m agarcihciunleturyra al nmda ecqhuinipemrye anntd a et qsutaipbmlee pnrtic aets s.table prices. Eliminating MElaimjoirn Vateitnegr iMnaarjoyr D Viseetearsiensary Diseases Building on thBeu islduicncge sosn otfh teh seu Icncteesrsn oaft itohnea lI nYteearrn oaft iMonilalel tYse, awre o wf Milli lplerotsm, wotee wShillr peero Amnontae ( Smhilrleeets A) nfonra f(omoidll ets) for food Upgrading KUripsghri aVdiginyga nK rKisehnid Vraigyan Kendra",Indeterminate,0.3977,Work towards completing the development of ‘Panchteeh’ circuit,2019
"security, nutrsieticounr iatyn,d n euntrviitrioonnm aenndt eanl vsuirsotnamineanbtilaitl ys uasntda imnaabkieli tByh aanradt m a aGkleo bBahl aMrailtle at GHluobb.al Millet Hub. We will eliminWaete w FiMll eDl i(mFoinoatt aen FdM MDo (uFtoho tD aisneda sMeo) uatnhd Dwisilel aaslseo) aconndt wroilll barlsuoc eclolonstirso tlh brrouucgehll oas mis atshsriovueg h a massive We have upgWraed ehda vKeV uKpsg troa pdreodv KidVeK dsi gtoit aplr osovliudtei odnigsi ttaol osuorlu ftaiormnse tros. oWuer fwairllm fuerrsth. Were u wpgillr afudret haell rK uripsghri ade all Krishi vaccination cvaamccpianiagtnio. n campaign. Millet as SupMeirl lFeot oads Super Food Vigyan KendrVai ginytaon a K oenned-rsat ionpto c ean otnree -fsotro spk cilel ndtervee floopr mskeinll td.evelopment. Sahakar se SSaamharikdadrh sie Samriddhi We have ensuWree dh athvaet e Mnsilulerte dg etthsa tth Me igllelotb gael trse ctohgen giltoiobna la rnedc owginlli tnioown apnrdom woiltl en oitw a sp rtohme goltoeb iat la ssu tpheer fgoloobda. l superfood. Expanding PEMx pKaisnadnin Sga PmMri dKdishain K Seanmdrraidsdhi Kendras",Indeterminate,0.4234,"Modernize our Prison system with technology and infrastructure; to strengthen the security as well human rights and correctional dimensions. Work towards evolving common national standards and protocols. Train and technologically enable the police to track, pursue, as well as prevent Cyber Crime.",2014
"We will also fWoceu ws oilln a elsxop faoncduins go nit se xcpualtnivdaintigo nit sa mcuoltnigv astmioanl la fmaromnegr ssm, parlol mfaormtee rress, eparrocmh oatned r iensteearrncaht iaonnda li nternational We will bringW thee w Nilal tbiorinnagl tChoeo pNeartaiotnivael PCooolicpye rwaittihv ea Pvoieliwcy t wo imtha ak ev itehwe ctoo ompaekraet tivhee mcooovpeemraetnivt es tmroonvge,m ent strong, marketing tom uanrdkeertsincogr teo i tusn hdeearlstcho aren dit ss uhsetaalitnha abnildit ys uasdtvaainnatabgileitsy. advantages. We have estaWbelis hhaevde P eMst Kabislaisnh Seadm PrMid Kdihsai Kne Snadmrarsid tdoh pi Kroevniddrea asl lt aog prricouvlitduer aall li napgruitcsu latnudra sl einrvpiuctess aansd services as efficient, tranesffipcaireenntt, , ttreacnhsnpiacarellnyt r, itcehc ahnndic vailblyr arincth a atn tdh vei bgrraasnstr aoto tths ele gvreal.ssroots level. one-stop shoopnse t-os tooupr sfhaormpse tros. oWuer fwairllm fuerrsth. Were e wxpilal fnudr tthheer n eextpwaonrdk tohfe P nMe tKwisoarnk Soafm PrMid Kdihsai Kne Snadmrarsid.dhi Kendras. StrengtheniSntgr eNnagtuthraeln Finagrm Niantgural Farming Ensuring HigEhn-sYuierlidnign Hg iSgehe-Ydiselding Seeds",Indeterminate,0.4086,Poshan Abhiyaan.,2019
"We will launcWh eth we iNll alatuionncahl tMhies sNioanti oonna Nl aMtiusrsaiol nF aornm Ninagt utroa pl Froamrmoitneg n taot purreo-mfroiteen dnlayt, ucrliem-fartiee-nrdelsyi,l icelinmt,a te-resilient,",Indeterminate,0.4393,Poshan Abhiyaan.,2019
"remunerativere amgruincuelrtautrieve f oarg froicoudlt aunred fnourt froitoiodn a snedc nuuret rBithioanra ste.cure Bharat. We will encouWraeg we iflla ernmceorusr atog eu sfaer hmigehr-sy tioe ludsineg h, icglihm-yaiteeld riensgil,i eclnimt aanted rbeisoi-lifeonrtt iafinedd bviaor-ifeotrietsifi oefd s veaerdiest.ies of seeds. Further InceFnutrivthiseinr gIn Ccreonpt iDviivseinrgsi Cfircoapt iDoniversification Expanding aEcxcepsasn tdoin Nga ancoc eUsrse ato Nano Urea We have inceWnteiv hizaevde cinrocepn dtiivveizresdifi ccraotpio dni vweirtshifi acpaptrioonp rwiaitteh parpicpero spurpiaptoer tp rsitcrea tseugpyp. oBrut isldtirnagt eogny t. hBiusi,l dwien g on this, we We have starWteed h uasvine gs tnaarnteod-u urseian gto n eannsou-ruer ecao ntoti neunesudr seo cilo fnetritniluiteyd i nso Inil dfeiarnt ifliatyrm inla Innddisa. nW fea rwmillla fnudrsth. Were will further are committeadre t oc ofmurmthitetre edx tpoa fnudr tchroepr edxivpearnsdifi ccraotpio dni vteor msifiakceat aiognri ctuol mtuareke s uasgtraiciunlatbulree a snuds traeimnaubnleer aantidv ere. munerative. expand accesesx tpoa nadn da cecnecsosu troa gaen da deonpctoiuorna ogfe Naadnoop tUiorena o. f Nano Urea. Krishi InfrasKtrruischtiu Irnef rMaisstsriuocnture Mission",Low Confidence: Highly Likely,0.5289,Poshan Abhiyaan.,2019
"We will launcWh ea wKriilsl hlaiu Innfcrha sat Kruricsthui rIen fMraissstirounc tfuorre in Mteisgsriaotne fdo pr lianntenginrga taendd p cloanorndininga atnedd icmooprledmineantetdat iimonp loefm entation of agri-infrastruacgtrui-rien fprraosjtercutcst luikree sptroorjeacgtes f laikceil isttieosr,a igrrei gfaatciiolitni,e gsr, airdriingga taionnd, sgorratdiningg u annitds s, ocortldin sgt uornaitgse, cold storage facilities, andf afociolidti epsro, acnesds finogo da mprooncge sostinhger asm. ong others. Expanding IrErxigpaatniodnin Fga Icrirliigtiaetsion Facilities We have creaWteed h aa v2e5 .c5r leaakthe dh eac 2ta5r.5e liarkrihg ahteioctna craep irarcigitayt uionnd cear ptahcei tPyM u nKdriesrh ti hSein PchMa Ki Yroisjhain Sai.n Fcuhratih Yeorj,a wnea . Further, we will launch tewchilnl loaluongcyh-e tneacbhlneodl oirgryig-aetniaobnl eindit iirartigivaetsio tno iinmitpialetmiveesn tto c uimttpinlegm-eedngte c tuetcthinngo-leodggye f oter cehffinoclioengyt for efficient water managweamteenr tm. anagement. StrengtheniSntgr ePnMg KthISeAnNing PM KISAN Network of GNreatiwn oSrtko roafg Ger Faainc iSlittoiersa gine RFuacrailli tAierse ains Rural Areas We are providWineg a aren npuroavl fiidninagn cainanl ausasl ifistnaanncceia ol fa ₹ss6i,s0t0a0n cuen odfe r₹ 6P,M00 K0is uannd Searm PmM aKnis Naind Shai Ymomjaanna .N Wideh ai rYeo jana. We are",Indeterminate,0.4757,"To enable the farmer to store the agri-produce near his village and sell at a remunerative price at an appropriate time, we will roll out a new “Village Storage Scheme” of agri-produce. We will provide farmers with loans at cheaper rates on the basis of storage receipt of the agri-produce",2019
"committed toc osmusmtaititneedd tfion saunsctiaailn seudp pfionratn fcoiar lo suurp fpaorrmt eforsr. our farmers. We will develWope aw silul bdsetvaenlotipa la s stuobrasgtaen ctaiapla sctitoyr aing eP AcaCpSa ucnitdye irn t PhAeC wS ournldd'es rl atrhgee wsto grrlda'isn lsatrogreasgte g srachine smtoer iang e scheme in the cooperattivhee sceocotpoerr. aWteiv we silel ccotomr.p Wleem wenillt c iot mwpitlhe mbaesnict ifta wciliitthie bsa liskiec fgarcaidlitiniegs, sliokert ginrgad, pinrgoc, seosrstiningg a, npdro cessing and StrengtheniSntgr ePnMg Fthaesanli nBgim PaM Y Foajasanla Bima Yojana packing. packing.",Low Confidence: Highly Likely,0.57,"Creation of 10,000 Farmer Producer Organizations",2019
"We will furthWere s wtrielln fgutrhtheenr t shter ePnMg tFhaesna lt Bhiem PaM Y oFjaasnaal Bthimroau Ygohj amnoar teh treocuhgnho mlogoircea tl eincthenrovleongticioanl sin ttoe rventions to Launching KLriasuhni cShaitnegll iKtreishi Satellite ensure speedeyn saunrde m spoeree dayc caunrda tme oarses eascscmureantet, afsassetessr mpaeynotu, ftass atnedr pqauyicokuetrs g arniedv qauniccek erer sgorliuetviaonnc.e resolution.",Low Confidence: Highly Likely,0.5602,Harness our advanced satellite technology and expertise for development.,2014
"We will launcWh ea nw iinlld laiguenncohu asn B ihnadriagte nKoriussh iB shaatrealltit Ker fisohr if saartmel-lriteela ftoerd f aarcmtiv-irteielast elikde a ccrtoivpi tfioerse lcikaes tcirnogp, forecasting, Increase in MInScPrease in MSP pesticide apppliecsattiicoidne, i rarpigpalitciaotnio, sno, iilr hriegaalttiho,n a, nsodi lw heeaatlhthe,r a fnodre wcaesattihnegr, afomreocnags otitnhge,r asm. ong others. We have ensuWree dh auvnep reencseudreendt uendp inreccreeadseen tine dM iSnPcr feoars me ianjo Mr ScPro fposr, manadjo wr ecr wopilsl c, aonndti nwuee w toil li ncocrnetainsuee M tSoP in crease MSP from time tof triomme .time to time.",Indeterminate,0.4698,Re-orient pest management and control programmes,2014
25 25,Indeterminate,0.2946,people-centric,2014
We will booWste s weailwl beoeods tc usletaivwaetieodn cuunltdievra ttihoen Purnaddehra tnh Me aPnratrdih Maant Msyaan Straim Mpaatdsyaa Y Soajamnpa atdoa in Ycorjeaansae t ion cinocmreea se income of fishermeonf. fishermen. Pearl FarmPinegarl Farming,Low Confidence: Partial,0.5946,"We will facilitate farming of sea-weed, pearl as well as ornamental fish to ensure a better return to the fishermen",2019
We will creaWtee swuisllt carienaatbel es ulivstealiihnoaobdle o lpivpeolirhtouondit oiepsp foorrt ufinshiteiersm feonr tfihsrhoeurgmhe pnr othmrooutigohn porfo pmeoatrli ofnar omf ipnega.rl farming. EstablishinEgs tNaubclilsehuisn Bg rNeuecdlienugs C Berneterdesin agn Cde Bnrtoreosd a Bnadn Bkrsood Banks,Indeterminate,0.4698,Launch the 'Pradhan Mantri Gram SinchayeeYojana' with a motto of 'harkhetkopaani'. We will launch multi-pronged 'water strategy' for reducing farmer's dependence on monsoon. Increase irrigated land by completing the long pending irrigation projects on priority.,2014
We will incrWeaes we ipllr iondcurecatisoen p arnodd upcrtoidounc atnivdit pyr iond tuhcet ifivsithye irni etsh ese ficsthoer rtiherso suegcht oers tthabroliushghm eesntta obfli sah nmetewnto rokf a network of Nucleus oBfr eNeudcilnegu sC eBnretreedsi nagn dCe Bnrtoroeds aBnadn kBsr.ood Banks. Using SateUllsitien gIm Saagteelrlyit efo Irm Pargoetreyc tfionrg P Friostheecrtminegn Fishermen,Indeterminate,0.4161,Work towards completing the development of ‘Panchteeh’ circuit,2019
"We will lau nWceh wa isllp leacuinacl hp rao gspraemciaml ep ruotgilrisaimngm sea tuetlilliitsein igm saagteerlyli tfeo rim reangdeeryri nfogr i nretnedgreartinegd isnetrevgircaet feodr stehrev ice for the fishermen cfiosmhemrmuneinty c, oemnsmuurinnigt yb, oetnhs uthrienigr sbaofteht yth aenidr ssaefceutryit ayn.d security. Using TechUnsoilnogg yTe tcoh Aniodl oFgisyh teor mAiedn Fishermen MODI KI",Low Confidence: Partial,0.561,"We will facilitate farming of sea-weed, pearl as well as ornamental fish to ensure a better return to the fishermen",2019
"We will makWee u wseil lo mf aa ksee ruieses ooff tae scehrnieoslo ogfi ctaelc ihnnteorlovgeinctailo innst efrovre fnatrimon bsi ofosre cfaurrmity b, miosaencaugreitmy,e mnta onfa gement of diseases ind aiqseuaasteics a inn iamqaulas,t fice eadn iamnadls g, rfoewedt ha nmdo gnritoowrtinhg m. Woen iwtoilrli nmga. kWee u wseil lo mf darkoen ues tee ocfh dnroolongey t feocrh nology for managememnta onfa gtheem fiesnht eorfi etsh ea nfids haeqruiaecsu alntudr aeq inudaucustltruierse. industries. GUARANTEE FOR FISHERMEN FAMILIES We are committed to advancing the prosperity and welfare of our fishermen by enhancing fisheries through initiatives like the Pradhan Mantri Matsya Sampada Yojana, modernising infrastructure, and providing financial support and skill development. Our efforts are aimed at empowering fishermen families to thrive and contribute to the nation's Blue Revolution. Extending EPxMte Mndatinsgya P SMa mMaptasdyaa YSoajmanpaada Yojana",Indeterminate,0.4262,Poshan Abhiyaan.,2019
We will furtWhee rw eixllt feunrdth tehre e PxMte Mnda ttshyea P SMam Mpaatdsyaa Y Soajamnpa atdoa in Ycorjeaansae t fios ihn cprreoadsuec fitsiohn p arnodd uincctrioena saen odu inr crease our annual seafaonondu eaxl speoarftoso. d exports. Insurance Ifnosru Friasnhceeri feosr Fisheries,Moderate Confidence: Partial,0.6127,"We will facilitate farming of sea-weed, pearl as well as ornamental fish to ensure a better return to the fishermen",2019
"We will furtWhee rw sitllr feunrgtthheern s atrnedn egxthpeann da nthde e ixnpsaunradn tchee c ionvseurraagnec ea vcoaivlaebraleg eu nadvearil aPbMle M uantdseyra P SMam Mpaatdsyaa Sampada Yojana throYuogjahn ma othrero tuegchhn moloorgei ctaelc ihnnteorlovgeinctailo innst etrov eennstiuornes s tpoe eendsyu arned s pmeoerdey a acncdur matoer ea sascecsusrmateen ats, sessment, faster payofuatsst earn pda qyuoiuctkse ra ngdri eqvuaicnkceer r gersioelvuatniocne. resolution. DevelopingD Pevroedloupcitnigo nP raonddu Pcrtoiocne sasnindg P Crolucsetsesrisn gfo Crl uFsistheersrm foern Fishermen",Indeterminate,0.4655,Poshan Abhiyaan.,2019
We will devWeleo pw pilrl oddeuvcetloiopn p arnodd upcrtoicoens asnindg pcrluoscteesrssin wgi tchlu sspteercsia wl aitthte snpteiocina lt aot wteonmtieonn otof cwooamsteanl of coastal communitiecosmmunities,Indeterminate,0.3887,Assist Fishermen via Matsya Sampada Yojana,2019
26 26,Indeterminate,0.371,Poshan Abhiyaan.,2019
We will boost seaweed cultivation under the Pradhan Mantri Matsya Sampada Yojana to increase income of fishermen. Pearl Farming,High Confidence: Partial,0.7289,"We will facilitate farming of sea-weed, pearl as well as ornamental fish to ensure a better return to the fishermen",2019
We will create sustainable livelihood opportunities for fishermen through promotion of pearl farming. Establishing Nucleus Breeding Centres and Brood Banks,High Confidence: Partial,0.7348,"We will facilitate farming of sea-weed, pearl as well as ornamental fish to ensure a better return to the fishermen",2019
We will increase production and productivity in the fisheries sector through establishment of a network of Nucleus Breeding Centres and Brood Banks. Using Satellite Imagery for Protecting Fishermen,High Confidence: Highly Likely,0.7111,Promote fish farming and aqua culture. Measures would be taken for the welfare of fisherman,2014
"We will launch a special programme utilising satellite imagery for rendering integrated service for the fishermen community, ensuring both their safety and security. Using Technology to Aid Fishermen",Moderate Confidence: Highly Likely,0.6159,Harness our advanced satellite technology and expertise for development.,2014
"We will make use of a series of technological interventions for farm biosecurity, management of",Moderate Confidence: Partial,0.6379,We will extensively use technology to ensure a better knowledge of the market prices of various agri products for the benefit of farmers,2019
"diseases in aquatic animals, feed and growth monitoring. We will make use of drone technology for management of the fisheries and aquaculture industries. Extending PM Matsya Sampada Yojana",Low Confidence: Highly Likely,0.5847,Promote fish farming and aqua culture. Measures would be taken for the welfare of fisherman,2014
We will further extend the PM Matsya Sampada Yojana to increase fish production and increase our annual seafood exports. Insurance for Fisheries,Moderate Confidence: Highly Likely,0.621,Assist Fishermen via Matsya Sampada Yojana,2019
"We will further strengthen and expand the insurance coverage available under PM Matsya Sampada Yojana through more technological interventions to ensure speedy and more accurate assessment, faster payouts and quicker grievance resolution. Developing Production and Processing Clusters for Fishermen",Low Confidence: Partial,0.5714,We will bring all fishermen under the ambit of all welfare programmes and social security schemes with expanded coverage for accident insurance,2019
We will develop production and processing clusters with special attention to women of coastal communities 2277,Low Confidence: Highly Likely,0.5655,"Implement and incentivize the setting up of the food processing industry that has remained just a plain talk till now. This will lead to better income for farmers and create jobs. We aim to set up 'agro food processing clusters', with high value, export-quality and vacuum packed food processing facilities, etc.",2014
We will work with platforms for registration of Gig workers on eShram and reach out to such shramik bandhus to help them avail the benefits of various programmes that they are eligible for. Reaching out to Migrant workers registered on e-Shram,Indeterminate,0.4564,Review the working conditions and enhance the remuneration of Anganwadi worker's.,2014
We will reach out to migrant workers and empower them to avail benefits of various programmes that they are eligible for. Special Train Services for Migrant Workers We are running special train services on important occasions for helping the migrant workers travel to,Low Confidence: Partial,0.58,Take urgent steps for the safety of the migrant workers and communities from the Northeast and other states.,2014
and from their homes. We will enhance these services so that migrant workers can travel without any hassles. Expanding PM Svanidhi for Street Vendors We have empowered street vendors by providing credit facilities to 63+ lakh street vendors under PM,Low Confidence: Partial,0.5435,"In rural and semi-rural areas and create better employment opportunities for them, we will make every effort to ensure access to credit and other resources, capacity building, market and distribution network for women entrepreneurs, SHGs and women",2019
"Svanidhi. We will continue to further expand PM Svanidhi to cover street vendors, travelling salesmen among others from small towns and villages across Bharat. MODI KI Establishing Facilities for Drivers along National Highways",Low Confidence: Partial,0.5479,We will expand the coverage of Pradhan Mantri Kisan Samman Nidhi Yojana to all the farmers in the country,2019
"We will introduce a new scheme for truck drivers under which modern facilities will be developed along GUARANTEE FOR the national highways. SHRAMIK SAMMAN Including Auto, Taxi, Truck and Other Drivers in All Social Security Schemes",Moderate Confidence: Partial,0.6006,Develop National Highways Infrastructure,2019
"We will onboard auto, taxi, truck and other drivers on e-Shram portal and ensure 100% coverage of all drivers under insurance and other welfare programmes.",Low Confidence: Unlikely,0.5054,Ensure 100% electrification of all households,2019
"Our Shramik bandhus are major contributors to the progress of Bharat. We will empower our Shramik Bandhus with the aim to provide the best opportunities and facilitate ease of working for all workers including gig workers, truck drivers, porters, domestic workers, and street vendors, among others. Periodic Review of National Floor Wages",Moderate Confidence: Highly Likely,0.6161,"BJP is committed to strengthen self-Governance at the local level and we will empower Panchayati Raj Institutions with extensive devolution of the 3 Fs - Functions, Functionaries and Funds. --- Good performers amongst the Panchayats will be rewarded with additional developmental grants. ---- Strengthen the institution of the Gram Sabha, respecting their inputs and initiatives for development process. ---",2014
We will ensure a review of National Floor Wages from time to time. Social Security through Post Offices and Digital India We have successfully implemented social security insurance schemes like PM Jeevan Bima and Suraksha,Low Confidence: Highly Likely,0.5896,Ensure comprehensive social security coverage for all unorganised labourers,2019
Bima for unorganised workers. We will now integrate all such schemes and use the post office and Digital,Indeterminate,0.4568,"Issue identity cards to the unorganized sector labourers, and arrangements will be made to provide them good quality health and education services. Also, their skills will be upgraded through appropriate training programs.",2014
India network to provide comprehensive social security cover for accident and life insurance. We will use digital technologies for easy enrollment and seamless payment. Coverage of workers in e-Shram,Low Confidence: Highly Likely,0.5878,Ensure comprehensive social security coverage for all unorganised labourers,2019
We have registered unorganised workers on the e-Shram platform. We will reach out to the eShram registered shramik bandhu and help them avail the benefits of various government programmes that they are eligible for. 28,Indeterminate,0.4888,"Initiate a National e-Governance Plan to cover every Government office from the centre to the panchayats. The 'E Gram, Vishwa Gram' scheme in Gujarat to be implemented nationwide.",2014
We will work with platforms for registration of Gig workers on eShram and reach out to such shramik bandhus to help them avail the benefits of various programmes that they are eligible for. Reaching out to Migrant workers registered on e-Shram,Indeterminate,0.4564,Review the working conditions and enhance the remuneration of Anganwadi worker's.,2014
We will reach out to migrant workers and empower them to avail benefits of various programmes that they are eligible for. Special Train Services for Migrant Workers We are running special train services on important occasions for helping the migrant workers travel to,Low Confidence: Partial,0.58,Take urgent steps for the safety of the migrant workers and communities from the Northeast and other states.,2014
and from their homes. We will enhance these services so that migrant workers can travel without any hassles. Expanding PM Svanidhi for Street Vendors We have empowered street vendors by providing credit facilities to 63+ lakh street vendors under PM,Low Confidence: Partial,0.5435,"In rural and semi-rural areas and create better employment opportunities for them, we will make every effort to ensure access to credit and other resources, capacity building, market and distribution network for women entrepreneurs, SHGs and women",2019
"Svanidhi. We will continue to further expand PM Svanidhi to cover street vendors, travelling salesmen among others from small towns and villages across Bharat. Establishing Facilities for Drivers along National Highways",Low Confidence: Partial,0.5257,We will expand the coverage of Pradhan Mantri Kisan Samman Nidhi Yojana to all the farmers in the country,2019
"We will introduce a new scheme for truck drivers under which modern facilities will be developed along the national highways. Including Auto, Taxi, Truck and Other Drivers in All Social Security Schemes",Moderate Confidence: Partial,0.627,Develop National Highways Infrastructure,2019
"We will onboard auto, taxi, truck and other drivers on e-Shram portal and ensure 100% coverage of all drivers under insurance and other welfare programmes. Periodic Review of National Floor Wages",Indeterminate,0.4668,Efficient public transport systems.,2014
We will ensure a review of National Floor Wages from time to time. Social Security through Post Offices and Digital India We have successfully implemented social security insurance schemes like PM Jeevan Bima and Suraksha,Low Confidence: Highly Likely,0.5896,Ensure comprehensive social security coverage for all unorganised labourers,2019
Bima for unorganised workers. We will now integrate all such schemes and use the post office and Digital,Indeterminate,0.4568,"Issue identity cards to the unorganized sector labourers, and arrangements will be made to provide them good quality health and education services. Also, their skills will be upgraded through appropriate training programs.",2014
India network to provide comprehensive social security cover for accident and life insurance. We will use digital technologies for easy enrollment and seamless payment. Coverage of workers in e-Shram,Low Confidence: Highly Likely,0.5878,Ensure comprehensive social security coverage for all unorganised labourers,2019
We have registered unorganised workers on the e-Shram platform. We will reach out to the eShram registered shramik bandhu and help them avail the benefits of various government programmes that they are eligible for. 29,Indeterminate,0.4898,"Initiate a National e-Governance Plan to cover every Government office from the centre to the panchayats. The 'E Gram, Vishwa Gram' scheme in Gujarat to be implemented nationwide.",2014
We will encWouer awgilel esnmcaolul traragdee srms aanll dt rMadSeMrEs sa tnod aMdSoMptE Os NtoD Cad aonpdt eOxNpDanC da nthde eirx pbaunsidn ethsseeirs b uussininge tshsees p uoswinegr the power of technoloogfy t.echnology. ProtectingP argoateincsttin Cgy abgear itnhsrte Caytbser threats,Indeterminate,0.424,"Take all necessary steps to protect the interest of retailers, small traders and small vendors and equip them with the latest techniques and methods to modernize them and make them competitive.",2014
We will creaWtee aw silul citree aotfe p au bsulicit ecy obfe prsuebcliucr cityyb perrosedcuucrtist yt op rhoedlpu cstms atlol threaldpe srms aanll dt rMadSeMrEs sa pnrdo MteScMt Es protect themselvest haegmainsesltv tehse a cgyabinesrt t thhree actysb aenr dt hfrreaautdss a. nd frauds. LaunchingL Aaffuonrcdhainbgle A Iffnsourdraanbclee IPnrsoudruacntcse Products,Indeterminate,0.3869,"We will accord highest priority to ensuring their security, especially the prevention of atrocities against SCs & STs.",2014
"We will launWceh waffillo lraduanbclhe ainffsourrdaanbcele p inrosduuracntsc ef oprr osmduacllt str faodre srms aanll dt rMadSeMrEs sa tnod pMroStMeEcts tthoe pmro ftreocmt t hem from accidents liakcec fiidreen, ttsh elifkte, nfiaretu, trhale dftis, ansatteurrsa el dtcis. a sters etc. GST PortalGST Portal",Indeterminate,0.376,Universalization of emergency medical services-108.,2014
"We will furtWhee rw siilml fpulriftyh etrh esi mGSpTli fpyo trhtael GtoS Tin pcoreratasle t aoc icnecsrseiabsileit ayc tcoe usssiebrislit, ye stpoe ucsiaelrlys ,M esSpMeEcsia allnyd M sSmMaElls and small traders. traders. MODI Tran s f o r m Tinragn Tsrfaodrimtioinnga Tl Hraadnitdiiocnraafl tHandicraft KI",Indeterminate,0.4126,National Traders’ Welfare Board/ National Retail Trade Policy,2019
"We will modWeer nwisilel mtroaddeitrinoinsael tcrraadftitsi obnya fl accrialifttast ibnyg fdaecsiliigtant iinntge drveesnigtnio innst ebryv ecnoltliaobnosr batyi ncogl wlabitohr dateisnigg nw sitkhil ld esign skill GUARANTEE FOR institutes ainnsdt siteuttteinsg a unpd as eHtatinndgi curpa fat HDaensdigicnr Bafatn Dke tsoi gunp Bskainll kt rtaod uitpiosknialll tarratdisitainosn,a ol paerntiisnagn dso, ooprse ntoin ggl odboaolr s to global market oppmoartrukentit oiepsp aonrdtu tnriatniessf oarnmdi tnrga nthsefoirr mcrainfgt itnhteoir s cursatfati ninatbol es ulivstealiihnoaobdle. l ivelihood. MSME, SMALL TRADERS ExpandingE Dxapka nGdhianrg N Diaryka Gt hKaern Ndirraysat Kendras",Indeterminate,0.4867,Skill Mapping - to help scientifically plan our national human resource development that India would need,2014
"AND VISHWAKARMAS We will expWaned w tihlle e nxeptawndo rtkh oef n Deatwk Gorhka or fN Dirayka tG Kheanr dNriarys atto K pernodvridaes etoa spyr oevxipdoer et afsayc ielitxyp otort M faScMilEitsy, tSom MalSl MEs, Small Traders, anTdr aVdisehrws,a aknadr mVias hFwamakilaiersm.a Families. Khadi As aK Ghloabdai Al Bs raa Gndlobal Brand",Indeterminate,0.4596,Poshan Abhiyaan.,2019
"We will rejuWveen watilel r aenjudv reenpaotsei taionnd Krehpaodsi iatiso an nKahtaiodni aasl aan nda gtlioobnaall banradn gdl ofobra ls bursatnadin faobrl es ulifsetsatinyaleb alen ldif estyle and undertake ustnrduecrttuarkael rsetfrourcmtusr atol raecfhoiremves tthoe asceh oiebvjee ctthiveeses. objectives. Small traders and Vishwakarma families have been a backbone of our economy for centuries. Toy ExportT Hoyu bExport Hub We are committed to foster a vibrant, resilient, and innovative environment for MSMEs, Small",Indeterminate,0.4222,Poshan Abhiyaan.,2019
"We will tranWsefo wrmill Btrhaanrsafto irnmto B thhaer agtlo inbtaol htuhbe gfolorb taoly h muba nfourf atcotyu mrinagn,u lefavcetruarginingg, loeuvre srakgilliendg wouorr kskfoilrlecde awnodr kforce and Traders, and Vishwakarma families that acts as a cornerstone of sustainable economic rich culturarli chhe rciutaltguer atlo h perroitdaugcee t ion nporovadtuivcee iannndo vhaigthiv-eq aunadlit hyi gtohy-sq.u ality toys. growth, empowering communities, and driving inclusive development across the nation. Providing EParosyv iWdionrgk Einags yC aWpoitrakling Capital",Indeterminate,0.477,"We will get the latest technologies to transform Waste to Energy and Wealth in a major mission, 11. Adoption of cleaner practises to make our nation a greener country",2019
"We will useW thee w Dililg uitsael Itnhdei aD iingiftraals Itnrduicat iunrfer adsetvreulcotpuerde doveever ltohpee lda sotv 1e0r tyheea rlsa stto 1 c0r eyaetaer sa troo bcruesatt aen ad r eoabsuys t and easy Digital CredDitig siotalul tCiroend tito ssoulpuptioornt ttoh esu gprpoowrtth t hofe sgmroawll tthra odfe srms aanll dt rMadSeMrEs sa.nd MSMEs. StrengthenStinregn PgMth Veinshinwga PkMar Vmisah Ywoajaknaarma Yojana For the firsFto trim thee s fiinrcset itnimdeep seinndcee nincdee, wpeen hdaevnec ein, iwtiaet headv ae sinpieticaiatelldy da esspigencieadll yp droegsriganmemd ep rfoogr rtahme me for the upliftmentu opfl iVftismhwenatk oafr mVias hfawmakiliaersm. aU nfadmeril itehsi.s Uprnodgerra tmhmis ep,r woger aarmem preo, vwidei nagre fi pnraonvcidiainl ags fisnisatnancicael ,a csrseidstita nce, credit",Indeterminate,0.474,Promote e-Bhasha - National Mission for the promotion of IT in Indian Languages.,2014
"facilities, trfaaicniilnitgie asn, dtr sakinililn dge avnedlo spkmille dnetv, aenlodp pmreonvitd, ianngd m parorkveidti nacgc mesasr ktoe tV aischcwesask taor mVias hfawmakiliaersm. Wa efa wmilill ies. We will further strfeunrgtthheern s Btrheanrgatth’se Vni sBhhwaraakta’sr mViassh wtharkoaurgmha as stehrrioeus gohf sau scehr iiensit oiaft sivuecsh. initiatives. SimplifyingS iCmopmlipfyliianngc Ceos manpdli aLnacwess and Laws",Indeterminate,0.4512,"Modernize Government hospitals, upgrading infrastructure and latest technologies.",2014
We will redWucee wcoilml rpedliaunccee cso fmorp lsiamnaclel str faodre srms aanll dt rMadSeMrEs sa tnod eMnShManEcse t toh eenirh eaanscee otfh eliviri nega saen odf e laivsien go fa nd ease of doing busindeosisn.g W beu wsinille wsso. rWk ew witihll Swtoartke wgoitvhe rSntmateen gtosv aenrdn menecnotusr aangde ethnecomu rtaog seim thpelimfy tSot astime pleligfiys lSattaiotnes l.egislations. 30,Indeterminate,0.3486,We are committed to leverage all resources to ensure that the out-of-pocket expenditure (OOPE) on health is reduced and all citizens can avail necessary medical services. +,2019
We will encourage small traders and MSMEs to adopt ONDC and expand their businesses using the power of technology. Protecting against Cyber threats,Low Confidence: Partial,0.5497,Commit to ensure that the retailers and SMEs don't have to spend time and money for seeking multiple licenses to start the business. There will a system in place to avoid harassment of small traders. Ensure easy availability of institutional credit.,2014
We will create a suite of public cybersecurity products to help small traders and MSMEs protect themselves against the cyber threats and frauds. Launching Affordable Insurance Products,Indeterminate,0.4711,Using information technology for women's safety.,2014
"We will launch affordable insurance products for small traders and MSMEs to protect them from accidents like fire, theft, natural disasters etc. GST Portal",Indeterminate,0.4705,Commit to ensure that the retailers and SMEs don't have to spend time and money for seeking multiple licenses to start the business. There will a system in place to avoid harassment of small traders. Ensure easy availability of institutional credit.,2014
"We will further simplify the GST portal to increase accessibility to users, especially MSMEs and small traders. Transforming Traditional Handicraft",Low Confidence: Highly Likely,0.5114,"We shall work with the State governments to usher in the GST in an appropriate timeframe. For implementing the same, a robust IT network system will be put in place.",2014
"We will modernise traditional crafts by facilitating design interventions by collaborating with design skill institutes and setting up a Handicraft Design Bank to upskill traditional artisans, opening doors to global market opportunities and transforming their craft into sustainable livelihood. Expanding Dak Ghar Niryat Kendras",Moderate Confidence: Partial,0.6325,"Augment their traditional artisanship and entrepreneurial skill, which are a backbone of our cottage and small-scale industry - strengthening these sectors through better market linkages, branding and access to credit.",2014
"We will expand the network of Dak Ghar Niryat Kendras to provide easy export facility to MSMEs, Small Traders, and Vishwakarma Families. Khadi As a Global Brand",Moderate Confidence: Partial,0.6353,We will expand the coverage of Pradhan Mantri Kisan Samman Nidhi Yojana to all the farmers in the country,2019
We will rejuvenate and reposition Khadi as a national and global brand for sustainable lifestyle and undertake structural reforms to achieve these objectives. Toy Export Hub,Indeterminate,0.4582,"We will provide adequate resources under the Khelo India scheme to ensure the achievement of declared objectives. Under this scheme, special attention will be given to encourage sporting talent among women.",2019
"We will transform Bharat into the global hub for toy manufacturing, leveraging our skilled workforce and rich cultural heritage to produce innovative and high-quality toys. Providing Easy Working Capital",Indeterminate,0.4796,"Augment their traditional artisanship and entrepreneurial skill, which are a backbone of our cottage and small-scale industry - strengthening these sectors through better market linkages, branding and access to credit.",2014
"We will use the Digital India infrastructure developed over the last 10 years to create a robust and easy Digital Credit solution to support the growth of small traders and MSMEs. Strengthening PM Vishwakarma Yojana For the first time since independence, we have initiated a specially designed programme for the upliftment of Vishwakarma families. Under this programme, we are providing financial assistance, credit",High Confidence: Highly Likely,0.7076,"This will be a high priority area for BJP that IT touches the lives of ordinary men and women. ---BJP aims to nurture a Digital India -making every household and every individual digitally empowered.-- BJP aims to make every household digitally literate with a goal to make India the Global Knowledge hub, with IT being a major driver and engine of growth.",2014
"facilities, training and skill development, and providing market access to Vishwakarma families. We will further strengthen Bharat’s Vishwakarmas through a series of such initiatives. Simplifying Compliances and Laws",Low Confidence: Highly Likely,0.5979,"BJP is committed to strengthen self-Governance at the local level and we will empower Panchayati Raj Institutions with extensive devolution of the 3 Fs - Functions, Functionaries and Funds. --- Good performers amongst the Panchayats will be rewarded with additional developmental grants. ---- Strengthen the institution of the Gram Sabha, respecting their inputs and initiatives for development process. ---",2014
We will reduce compliances for small traders and MSMEs to enhance their ease of living and ease of,Low Confidence: Partial,0.5567,Commit to ensure that the retailers and SMEs don't have to spend time and money for seeking multiple licenses to start the business. There will a system in place to avoid harassment of small traders. Ensure easy availability of institutional credit.,2014
doing business. We will work with State governments and encourage them to simplify State legislations.,Moderate Confidence: Partial,0.6657,"Involve the state Governments in the promotion of foreign trade and commerce. Help the states mobilize resources through investments in industry, agriculture and infrastructure.",2014
31 31,Indeterminate,0.375,Poshan Abhiyaan.,2019
"socio-cultural heritage and contribution of tribal freedom fighters to our freedom movement. have ensured safety, respect and livelihood for Safai Karamcharis. We will continue to expand these initiatives. Establish a Digital Tribal Arts Academy to promote tribal art forms Developing Affordable Indigenous Assistive Devices for Divyangs Preserve and promote tribal medicinal traditions",Moderate Confidence: Highly Likely,0.6533,Ensure the completion of six Tribal Freedom Fighters Museums,2019
"We will continue developing affordable, indigenous aids and assistive devices to make Bharat Creating a District Level Committee atmanirbhar in such equipment.",Low Confidence: Partial,0.5132,"We will formulate a dedicated programme for the creation of work opportunities, provide skill training and strengthen social security mechanism for",2019
"We will establish a District level committee to ensure that welfare schemes reach the lowest level. We Providing Affordable Housing Priority to Divyangs under the PM Awas Yojana will ensure adequate representation for SC,ST and OBCs in this committee.",Low Confidence: Partial,0.5648,We will ensure that the economically weaker sections (EWS) of the society who belong to the non-reserved category are represented and have access to government jobs and higher education,2019
"We will continue to prioritize the housing needs of divyangs under the Pradhan Mantri Awas Yojana, PM-Suraj guaranteeing affordable and accessible housing solutions that cater to their unique requirements.",Moderate Confidence: Highly Likely,0.606,"Simultaneously encourage the overall housing sector, through appropriate policy interventions and credit availability and interest subvention schemes.",2014
We will provide accessible credit facilities to eligible individuals to enable them to access livelihood Expanding the Network of Garima Grahas for Transgenders opportunities through the PM Suraj portal.,Low Confidence: Partial,0.5753,"In rural and semi-rural areas and create better employment opportunities for them, we will make every effort to ensure access to credit and other resources, capacity building, market and distribution network for women entrepreneurs, SHGs and women",2019
"We will expand the network of Garima Grahas to cater to the needs of transgender individuals. We will Unlocking the Potential of Minor Forest Produce issue identity cards to ensure their recognition nationwide. Furthermore, all eligible transgender",Indeterminate,0.4307,"Identify each and every special needs person across the country - establishing a web based disability registration system to issue universal ID for all applicable government benefits (healthcare, transportation, jobs, education etc).",2014
MODI We will encourage innovative and technology-driven startups to initiate commercially viable and individuals will be covered under the Ayushman Bharat Yojana. KI,Moderate Confidence: Partial,0.6522,"Facilitating establishment of 50,000 new Startups in the nation by",2019
"sustainable forest-based enterprises and value addition for forest produce. We will associate all eligible Leverage Technology for Linguistic Minorities tribal self-help groups with Vandhan Vikas Kendra, FPOs, NRLM for scaling up the activities relating to GUARANTEE FOR",Moderate Confidence: Highly Likely,0.6403,"Encourage citizen's participation in reforestation, agro- forestry and social forestry, through targeted programmes.",2014
minor forest produces and will be provided skill and entrepreneurial training. We will work on creation of a technology-based system such as Bhashini for preservation/ facilitating translation of languages of linguistic minorities. SABKA SAATH Expediting the Establishment of Eklavya Model Residential Schools We have emphasised the education of tribal children with a target of setting up 740 Eklavya Model SABKA VIKAS,Low Confidence: Highly Likely,0.5709,Promote e-Bhasha - National Mission for the promotion of IT in Indian Languages.,2014
Residential Schools. We will expedite the construction and operationalization of the remaining schools. Improving Socio-Economic Status of PVTG,Indeterminate,0.4941,Establish institutes of Technology for Rural Development.,2014
"We will invest ₹24,000 crore through PM JANMAN to bring the socio-economic status of the Particularly Vulnerable Tribal Group on par with society. Representation of OBC, SC and ST Communities in Governance Our party has focused on the welfare of the most vulnerable families right from the beginning. Vanchito ko Variyata and Antyodaya form the core of our philosophy. Sabka We have 60% current ministers in the Union Council of Ministers from OBC, SC and ST communities. We Saath, Sabka Vikas drives the policies. We stand committed to improving the lives of all have provided constitutional status to the National Commission for Backward Classes. The benefits of all marginalised sections of the society. Viksit Bharat will be Inclusive Bharat. Garib Kalyan programmes have reached the OBC, SC and ST families. We are committed to Sabka Saath, Sabka Vikas and adequate participation of all sections in our journey to Viksit Bharat. Recognising Contributions of Tribal Communities Expanding Livelihood Opportunities for OBC, SC & ST families We instituted the Janjatiya Gaurav Diwas to recognise the huge contribution made by our tribal",Moderate Confidence: Highly Likely,0.6715,Enhancing the funds for tribal welfare and development.,2014
"We will expand livelihood opportunities for all families, including OBC, SC & ST, by measures like doubling",Low Confidence: Partial,0.5302,"Harness the opportunities provided by the upgradation of infrastructure and housing, for its job generating potential.",2014
communities. We will take this forward by declaring the year 2025 (the 150th Birth Anniversary of,Low Confidence: Highly Likely,0.5355,"Will roll out a massive Low cost Housing programme to ensure that by the time the nation 32 completes 75 years of its Independence, every family will have a pucca house of its own. Our proposed programme will further ensure that these houses are equipped with the basic facilities of toilet, piped water supply, electricity and proper Access. Prioritize all our resources towards this goal.",2014
the MUDRA loan limit to ₹20 lakh. We will further expand the successful schemes such as PM Svanidhi Bhagwan Birsa Munda) as Janjatiya Gaurav Varsh.,Moderate Confidence: Unlikely,0.6007,We will provide short-term new agriculture loans up to Rs. lakh at a 0% interest rate for 1-5 years on the condition of prompt repayment of the principal amount,2019
"and PM Vishwakaram Yojana, among others. We will further expand employment opportunities through Focussed Approach for Tribal Healthcare Eco Tourism and Homestay.",Moderate Confidence: Partial,0.6261,Nurture more job generating opportunities like tourism and IT industry.,2014
"We will work towards elimination of malnutrition amongst tribal children and to provide comprehensive Expanding Scholarship Schemes for Students of OBC, SC & ST Communities",Low Confidence: Partial,0.5728,Mission mode project to eradicate malnutrition.,2014
health care and services in mission mode in tribal areas. We will work towards eliminating sickle cell,Low Confidence: Highly Likely,0.5276,Focus on Rural Health care delivery.,2014
"We will ensure that no student of the OBC, SC and ST families are deprived of higher education due to anaemia. affordability by expanding existing scholarships for meritorious students. Preserving and Promoting Rich Tribal Heritage and Culture Expanding Skilling Opportunities for OBC, SC and ST communities We are committed to honouring and preserving the culture of tribal communities by",Low Confidence: Highly Likely,0.5935,Educational scholarships and educational facilities.,2014
"We will further expand skilling opportunities including recognition and certification of prior skills. Increasing funds to Tribal Research Institutes to promote, preserve, and disseminate research Empowerment of Nomadic Tribes on the rich tapestry of tribal heritage We have introduced several welfare schemes for nomadic tribes, which have brought a positive change",High Confidence: Highly Likely,0.7098,Enhancing the funds for tribal welfare and development.,2014
in their lives. We will further expand all these schemes. 32,Low Confidence: Partial,0.5597,We will expand the Pradhan Mantri Shram Yogi Maandhan scheme,2019
"socio-cultural heritage and contribution of tribal freedom fighters to our freedom movement. have ensured safety, respect and livelihood for Safai Karamcharis. We will continue to expand these initiatives. Establish a Digital Tribal Arts Academy to promote tribal art forms Developing Affordable Indigenous Assistive Devices for Divyangs Preserve and promote tribal medicinal traditions",Moderate Confidence: Highly Likely,0.6533,Ensure the completion of six Tribal Freedom Fighters Museums,2019
"We will continue developing affordable, indigenous aids and assistive devices to make Bharat Creating a District Level Committee atmanirbhar in such equipment.",Low Confidence: Partial,0.5132,"We will formulate a dedicated programme for the creation of work opportunities, provide skill training and strengthen social security mechanism for",2019
"We will establish a District level committee to ensure that welfare schemes reach the lowest level. We Providing Affordable Housing Priority to Divyangs under the PM Awas Yojana will ensure adequate representation for SC,ST and OBCs in this committee.",Low Confidence: Partial,0.5648,We will ensure that the economically weaker sections (EWS) of the society who belong to the non-reserved category are represented and have access to government jobs and higher education,2019
"We will continue to prioritize the housing needs of divyangs under the Pradhan Mantri Awas Yojana, PM-Suraj guaranteeing affordable and accessible housing solutions that cater to their unique requirements.",Moderate Confidence: Highly Likely,0.606,"Simultaneously encourage the overall housing sector, through appropriate policy interventions and credit availability and interest subvention schemes.",2014
We will provide accessible credit facilities to eligible individuals to enable them to access livelihood Expanding the Network of Garima Grahas for Transgenders opportunities through the PM Suraj portal.,Low Confidence: Partial,0.5753,"In rural and semi-rural areas and create better employment opportunities for them, we will make every effort to ensure access to credit and other resources, capacity building, market and distribution network for women entrepreneurs, SHGs and women",2019
"We will expand the network of Garima Grahas to cater to the needs of transgender individuals. We will Unlocking the Potential of Minor Forest Produce issue identity cards to ensure their recognition nationwide. Furthermore, all eligible transgender",Indeterminate,0.4307,"Identify each and every special needs person across the country - establishing a web based disability registration system to issue universal ID for all applicable government benefits (healthcare, transportation, jobs, education etc).",2014
We will encourage innovative and technology-driven startups to initiate commercially viable and individuals will be covered under the Ayushman Bharat Yojana.,Moderate Confidence: Partial,0.6533,We will continue to promote and encourage Startups through creation of a ‘Seed Startup,2019
"sustainable forest-based enterprises and value addition for forest produce. We will associate all eligible Leverage Technology for Linguistic Minorities tribal self-help groups with Vandhan Vikas Kendra, FPOs, NRLM for scaling up the activities relating to",Moderate Confidence: Highly Likely,0.638,"Encourage citizen's participation in reforestation, agro- forestry and social forestry, through targeted programmes.",2014
minor forest produces and will be provided skill and entrepreneurial training. We will work on creation of a technology-based system such as Bhashini for preservation/ facilitating translation of languages of linguistic minorities. Expediting the Establishment of Eklavya Model Residential Schools We have emphasised the education of tribal children with a target of setting up 740 Eklavya Model,Low Confidence: Highly Likely,0.5279,Promote e-Bhasha - National Mission for the promotion of IT in Indian Languages.,2014
Residential Schools. We will expedite the construction and operationalization of the remaining schools. Improving Socio-Economic Status of PVTG,Indeterminate,0.4941,Establish institutes of Technology for Rural Development.,2014
"We will invest ₹24,000 crore through PM JANMAN to bring the socio-economic status of the Particularly Vulnerable Tribal Group on par with society. Representation of OBC, SC and ST Communities in Governance We have 60% current ministers in the Union Council of Ministers from OBC, SC and ST communities. We have provided constitutional status to the National Commission for Backward Classes. The benefits of all Garib Kalyan programmes have reached the OBC, SC and ST families. We are committed to Sabka Saath, Sabka Vikas and adequate participation of all sections in our journey to Viksit Bharat. Recognising Contributions of Tribal Communities Expanding Livelihood Opportunities for OBC, SC & ST families We instituted the Janjatiya Gaurav Diwas to recognise the huge contribution made by our tribal",Moderate Confidence: Highly Likely,0.6541,Enhancing the funds for tribal welfare and development.,2014
"We will expand livelihood opportunities for all families, including OBC, SC & ST, by measures like doubling",Low Confidence: Partial,0.5302,"Harness the opportunities provided by the upgradation of infrastructure and housing, for its job generating potential.",2014
communities. We will take this forward by declaring the year 2025 (the 150th Birth Anniversary of,Low Confidence: Highly Likely,0.5355,"Will roll out a massive Low cost Housing programme to ensure that by the time the nation 32 completes 75 years of its Independence, every family will have a pucca house of its own. Our proposed programme will further ensure that these houses are equipped with the basic facilities of toilet, piped water supply, electricity and proper Access. Prioritize all our resources towards this goal.",2014
the MUDRA loan limit to ₹20 lakh. We will further expand the successful schemes such as PM Svanidhi Bhagwan Birsa Munda) as Janjatiya Gaurav Varsh.,Moderate Confidence: Unlikely,0.6007,We will provide short-term new agriculture loans up to Rs. lakh at a 0% interest rate for 1-5 years on the condition of prompt repayment of the principal amount,2019
"and PM Vishwakaram Yojana, among others. We will further expand employment opportunities through Focussed Approach for Tribal Healthcare Eco Tourism and Homestay.",Moderate Confidence: Partial,0.6261,Nurture more job generating opportunities like tourism and IT industry.,2014
"We will work towards elimination of malnutrition amongst tribal children and to provide comprehensive Expanding Scholarship Schemes for Students of OBC, SC & ST Communities",Low Confidence: Partial,0.5728,Mission mode project to eradicate malnutrition.,2014
health care and services in mission mode in tribal areas. We will work towards eliminating sickle cell,Low Confidence: Highly Likely,0.5276,Focus on Rural Health care delivery.,2014
"We will ensure that no student of the OBC, SC and ST families are deprived of higher education due to anaemia. affordability by expanding existing scholarships for meritorious students. Preserving and Promoting Rich Tribal Heritage and Culture Expanding Skilling Opportunities for OBC, SC and ST communities We are committed to honouring and preserving the culture of tribal communities by",Low Confidence: Highly Likely,0.5935,Educational scholarships and educational facilities.,2014
"We will further expand skilling opportunities including recognition and certification of prior skills. Increasing funds to Tribal Research Institutes to promote, preserve, and disseminate research Empowerment of Nomadic Tribes on the rich tapestry of tribal heritage We have introduced several welfare schemes for nomadic tribes, which have brought a positive change",High Confidence: Highly Likely,0.7098,Enhancing the funds for tribal welfare and development.,2014
in their lives. We will further expand all these schemes. 33,Low Confidence: Partial,0.5588,We will expand the Pradhan Mantri Shram Yogi Maandhan scheme,2019
"socio-cultural heritage and contribution of tribal freedom fighters to our freedom movement. have ensured safety, respect and livelihood for Safai Karamcharis. We will continue to expand these initiatives. Establish a Digital Tribal Arts Academy to promote tribal art forms Developing Affordable Indigenous Assistive Devices for Divyangs Preserve and promote tribal medicinal traditions",Moderate Confidence: Highly Likely,0.6533,Ensure the completion of six Tribal Freedom Fighters Museums,2019
"We will continue developing affordable, indigenous aids and assistive devices to make Bharat Creating a District Level Committee atmanirbhar in such equipment.",Low Confidence: Partial,0.5132,"We will formulate a dedicated programme for the creation of work opportunities, provide skill training and strengthen social security mechanism for",2019
"We will establish a District level committee to ensure that welfare schemes reach the lowest level. We Providing Affordable Housing Priority to Divyangs under the PM Awas Yojana will ensure adequate representation for SC,ST and OBCs in this committee.",Low Confidence: Partial,0.5648,We will ensure that the economically weaker sections (EWS) of the society who belong to the non-reserved category are represented and have access to government jobs and higher education,2019
"We will continue to prioritize the housing needs of divyangs under the Pradhan Mantri Awas Yojana, PM-Suraj guaranteeing affordable and accessible housing solutions that cater to their unique requirements.",Moderate Confidence: Highly Likely,0.606,"Simultaneously encourage the overall housing sector, through appropriate policy interventions and credit availability and interest subvention schemes.",2014
We will provide accessible credit facilities to eligible individuals to enable them to access livelihood Expanding the Network of Garima Grahas for Transgenders opportunities through the PM Suraj portal.,Low Confidence: Partial,0.5753,"In rural and semi-rural areas and create better employment opportunities for them, we will make every effort to ensure access to credit and other resources, capacity building, market and distribution network for women entrepreneurs, SHGs and women",2019
"We will expand the network of Garima Grahas to cater to the needs of transgender individuals. We will Unlocking the Potential of Minor Forest Produce issue identity cards to ensure their recognition nationwide. Furthermore, all eligible transgender",Indeterminate,0.4307,"Identify each and every special needs person across the country - establishing a web based disability registration system to issue universal ID for all applicable government benefits (healthcare, transportation, jobs, education etc).",2014
We will encourage innovative and technology-driven startups to initiate commercially viable and individuals will be covered under the Ayushman Bharat Yojana.,Moderate Confidence: Partial,0.6533,We will continue to promote and encourage Startups through creation of a ‘Seed Startup,2019
"sustainable forest-based enterprises and value addition for forest produce. We will associate all eligible Leverage Technology for Linguistic Minorities tribal self-help groups with Vandhan Vikas Kendra, FPOs, NRLM for scaling up the activities relating to",Moderate Confidence: Highly Likely,0.638,"Encourage citizen's participation in reforestation, agro- forestry and social forestry, through targeted programmes.",2014
minor forest produces and will be provided skill and entrepreneurial training. We will work on creation of a technology-based system such as Bhashini for preservation/ facilitating translation of languages of linguistic minorities. Expediting the Establishment of Eklavya Model Residential Schools We have emphasised the education of tribal children with a target of setting up 740 Eklavya Model,Low Confidence: Highly Likely,0.5279,Promote e-Bhasha - National Mission for the promotion of IT in Indian Languages.,2014
Residential Schools. We will expedite the construction and operationalization of the remaining schools. Improving Socio-Economic Status of PVTG,Indeterminate,0.4941,Establish institutes of Technology for Rural Development.,2014
"We will invest ₹24,000 crore through PM JANMAN to bring the socio-economic status of the Particularly Vulnerable Tribal Group on par with society. Representation of OBC, SC and ST Communities in Governance We have 60% current ministers in the Union Council of Ministers from OBC, SC and ST communities. We have provided constitutional status to the National Commission for Backward Classes. The benefits of all Garib Kalyan programmes have reached the OBC, SC and ST families. We are committed to Sabka Saath, Sabka Vikas and adequate participation of all sections in our journey to Viksit Bharat. Recognising Contributions of Tribal Communities Expanding Livelihood Opportunities for OBC, SC & ST families We instituted the Janjatiya Gaurav Diwas to recognise the huge contribution made by our tribal",Moderate Confidence: Highly Likely,0.6541,Enhancing the funds for tribal welfare and development.,2014
"We will expand livelihood opportunities for all families, including OBC, SC & ST, by measures like doubling",Low Confidence: Partial,0.5302,"Harness the opportunities provided by the upgradation of infrastructure and housing, for its job generating potential.",2014
communities. We will take this forward by declaring the year 2025 (the 150th Birth Anniversary of,Low Confidence: Highly Likely,0.5355,"Will roll out a massive Low cost Housing programme to ensure that by the time the nation 32 completes 75 years of its Independence, every family will have a pucca house of its own. Our proposed programme will further ensure that these houses are equipped with the basic facilities of toilet, piped water supply, electricity and proper Access. Prioritize all our resources towards this goal.",2014
the MUDRA loan limit to ₹20 lakh. We will further expand the successful schemes such as PM Svanidhi Bhagwan Birsa Munda) as Janjatiya Gaurav Varsh.,Moderate Confidence: Unlikely,0.6007,We will provide short-term new agriculture loans up to Rs. lakh at a 0% interest rate for 1-5 years on the condition of prompt repayment of the principal amount,2019
"and PM Vishwakaram Yojana, among others. We will further expand employment opportunities through Focussed Approach for Tribal Healthcare Eco Tourism and Homestay.",Moderate Confidence: Partial,0.6261,Nurture more job generating opportunities like tourism and IT industry.,2014
"We will work towards elimination of malnutrition amongst tribal children and to provide comprehensive Expanding Scholarship Schemes for Students of OBC, SC & ST Communities",Low Confidence: Partial,0.5728,Mission mode project to eradicate malnutrition.,2014
health care and services in mission mode in tribal areas. We will work towards eliminating sickle cell,Low Confidence: Highly Likely,0.5276,Focus on Rural Health care delivery.,2014
"We will ensure that no student of the OBC, SC and ST families are deprived of higher education due to anaemia. affordability by expanding existing scholarships for meritorious students. Preserving and Promoting Rich Tribal Heritage and Culture Expanding Skilling Opportunities for OBC, SC and ST communities We are committed to honouring and preserving the culture of tribal communities by",Low Confidence: Highly Likely,0.5935,Educational scholarships and educational facilities.,2014
"We will further expand skilling opportunities including recognition and certification of prior skills. Increasing funds to Tribal Research Institutes to promote, preserve, and disseminate research Empowerment of Nomadic Tribes on the rich tapestry of tribal heritage We have introduced several welfare schemes for nomadic tribes, which have brought a positive change",High Confidence: Highly Likely,0.7098,Enhancing the funds for tribal welfare and development.,2014
in their lives. We will further expand all these schemes. 34,Low Confidence: Partial,0.5528,We will expand the Pradhan Mantri Shram Yogi Maandhan scheme,2019
"socio-cultural heritage and contribution of tribal freedom fighters to our freedom movement. have ensured safety, respect and livelihood for Safai Karamcharis. We will continue to expand these initiatives. Establish a Digital Tribal Arts Academy to promote tribal art forms Developing Affordable Indigenous Assistive Devices for Divyangs Preserve and promote tribal medicinal traditions",Moderate Confidence: Highly Likely,0.6533,Ensure the completion of six Tribal Freedom Fighters Museums,2019
"We will continue developing affordable, indigenous aids and assistive devices to make Bharat Creating a District Level Committee atmanirbhar in such equipment.",Low Confidence: Partial,0.5132,"We will formulate a dedicated programme for the creation of work opportunities, provide skill training and strengthen social security mechanism for",2019
"We will establish a District level committee to ensure that welfare schemes reach the lowest level. We Providing Affordable Housing Priority to Divyangs under the PM Awas Yojana will ensure adequate representation for SC,ST and OBCs in this committee.",Low Confidence: Partial,0.5648,We will ensure that the economically weaker sections (EWS) of the society who belong to the non-reserved category are represented and have access to government jobs and higher education,2019
"We will continue to prioritize the housing needs of divyangs under the Pradhan Mantri Awas Yojana, PM-Suraj guaranteeing affordable and accessible housing solutions that cater to their unique requirements.",Moderate Confidence: Highly Likely,0.606,"Simultaneously encourage the overall housing sector, through appropriate policy interventions and credit availability and interest subvention schemes.",2014
We will provide accessible credit facilities to eligible individuals to enable them to access livelihood Expanding the Network of Garima Grahas for Transgenders opportunities through the PM Suraj portal.,Low Confidence: Partial,0.5753,"In rural and semi-rural areas and create better employment opportunities for them, we will make every effort to ensure access to credit and other resources, capacity building, market and distribution network for women entrepreneurs, SHGs and women",2019
"We will expand the network of Garima Grahas to cater to the needs of transgender individuals. We will Unlocking the Potential of Minor Forest Produce issue identity cards to ensure their recognition nationwide. Furthermore, all eligible transgender",Indeterminate,0.4307,"Identify each and every special needs person across the country - establishing a web based disability registration system to issue universal ID for all applicable government benefits (healthcare, transportation, jobs, education etc).",2014
We will encourage innovative and technology-driven startups to initiate commercially viable and individuals will be covered under the Ayushman Bharat Yojana. MODI KI,Moderate Confidence: Partial,0.6593,"Facilitating establishment of 50,000 new Startups in the nation by",2019
"sustainable forest-based enterprises and value addition for forest produce. We will associate all eligible Leverage Technology for Linguistic Minorities tribal self-help groups with Vandhan Vikas Kendra, FPOs, NRLM for scaling up the activities relating to",Moderate Confidence: Highly Likely,0.638,"Encourage citizen's participation in reforestation, agro- forestry and social forestry, through targeted programmes.",2014
minor forest produces and will be provided skill and entrepreneurial training. We will work on creation of a technology-based system such as Bhashini for preservation/ facilitating GUARANTEE FOR translation of languages of linguistic minorities. Expediting the Establishment of Eklavya Model Residential Schools VISHWA BANDHU We have emphasised the education of tribal children with a target of setting up 740 Eklavya Model BHARAT,Low Confidence: Highly Likely,0.5799,Promote e-Bhasha - National Mission for the promotion of IT in Indian Languages.,2014
Residential Schools. We will expedite the construction and operationalization of the remaining schools. Improving Socio-Economic Status of PVTG,Indeterminate,0.4941,Establish institutes of Technology for Rural Development.,2014
"We will invest ₹24,000 crore through PM JANMAN to bring the socio-economic status of the Particularly Vulnerable Tribal Group on par with society. Representation of OBC, SC and ST Communities in Governance We have established Bharat as a reliable, trusted and dependable voice globally in the last ten years. We have demonstrated Bharat’s independence of thought and action for the We have 60% current ministers in the Union Council of Ministers from OBC, SC and ST communities. We have provided constitutional status to the National Commission for Backward Classes. The benefits of all benefit of humanity. Our human-centric worldview has helped to be a consensus builder, Garib Kalyan programmes have reached the OBC, SC and ST families. We are committed to Sabka Saath, first responder and a voice of the Global South. Today, the world believes that Bharat is the Sabka Vikas and adequate participation of all sections in our journey to Viksit Bharat. Mother of Democracy. Our diaspora around the world feels empowered and connected. Our Recognising Contributions of Tribal Communities civilizational values, thoughts, wisdom and traditional knowledge have found a place of pride Expanding Livelihood Opportunities for OBC, SC & ST families",Moderate Confidence: Highly Likely,0.6254,Enhancing the funds for tribal welfare and development.,2014
We instituted the Janjatiya Gaurav Diwas to recognise the huge contribution made by our tribal at the world stage. We will strengthen our position and conduct our policies to further our,Low Confidence: Highly Likely,0.5546,Enhancing the funds for tribal welfare and development.,2014
"communities. We will take this forward by declaring the year 2025 (the 150th Birth Anniversary of We will expand livelihood opportunities for all families, including OBC, SC & ST, by measures like doubling national interests with the spirit of Vishwa Bandhu.",Low Confidence: Highly Likely,0.5709,"Will roll out a massive Low cost Housing programme to ensure that by the time the nation 32 completes 75 years of its Independence, every family will have a pucca house of its own. Our proposed programme will further ensure that these houses are equipped with the basic facilities of toilet, piped water supply, electricity and proper Access. Prioritize all our resources towards this goal.",2014
the MUDRA loan limit to ₹20 lakh. We will further expand the successful schemes such as PM Svanidhi Bhagwan Birsa Munda) as Janjatiya Gaurav Varsh.,Moderate Confidence: Unlikely,0.6007,We will provide short-term new agriculture loans up to Rs. lakh at a 0% interest rate for 1-5 years on the condition of prompt repayment of the principal amount,2019
"and PM Vishwakaram Yojana, among others. We will further expand employment opportunities through A Bharat First Foreign Policy Focussed Approach for Tribal Healthcare Eco Tourism and Homestay.",Low Confidence: Partial,0.5754,Nurture more job generating opportunities like tourism and IT industry.,2014
"We will work towards elimination of malnutrition amongst tribal children and to provide comprehensive Leading the Global South Expanding Scholarship Schemes for Students of OBC, SC & ST Communities",Low Confidence: Partial,0.5553,Mission mode project to eradicate malnutrition.,2014
health care and services in mission mode in tribal areas. We will work towards eliminating sickle cell,Low Confidence: Highly Likely,0.5276,Focus on Rural Health care delivery.,2014
We will further consolidate Bharat’s position as a Voice of the Global South by using the Prime Minister’s,Indeterminate,0.4905,"BJP is committed to strengthen self-Governance at the local level and we will empower Panchayati Raj Institutions with extensive devolution of the 3 Fs - Functions, Functionaries and Funds. --- Good performers amongst the Panchayats will be rewarded with additional developmental grants. ---- Strengthen the institution of the Gram Sabha, respecting their inputs and initiatives for development process. ---",2014
"We will ensure that no student of the OBC, SC and ST families are deprived of higher education due to anaemia. visionary 5S approach of Samman, Samvad, Sahyog, Shanti and Samriddhi. affordability by expanding existing scholarships for meritorious students. Preserving and Promoting Rich Tribal Heritage and Culture First Responder Bharat Expanding Skilling Opportunities for OBC, SC and ST communities We are committed to honouring and preserving the culture of tribal communities by",Low Confidence: Highly Likely,0.5597,Educational scholarships and educational facilities.,2014
"We will further promote Bharat’s reputation as a trusted global partner and a first responder, continuing",Low Confidence: Highly Likely,0.5179,Promote e-Bhasha - National Mission for the promotion of IT in Indian Languages.,2014
"We will further expand skilling opportunities including recognition and certification of prior skills. Increasing funds to Tribal Research Institutes to promote, preserve, and disseminate research our humanitarian assistance and disaster relief programmes. Empowerment of Nomadic Tribes on the rich tapestry of tribal heritage Becoming a Permanent Member of the UN Security Council We have introduced several welfare schemes for nomadic tribes, which have brought a positive change We are committed to seeking permanent membership in the UN Security Council to elevate Bharat’s",Moderate Confidence: Highly Likely,0.6776,Enhancing the funds for tribal welfare and development.,2014
in their lives. We will further expand all these schemes. position in global decision making.,Low Confidence: Highly Likely,0.5397,"We will expand and empower our pool of diplomats, ensuring our message is taken to the world and our great nation represented on the whole in a befitting manner.",2014
35 35,Indeterminate,0.336,Merged with 493,2014
We will continue our efforts to create a consensus among all members of the United Nations on the Establishing Thiruvalluvar Cultural Centres Globally Comprehensive Convention against International Terrorism and other such efforts to combat terrorism.,Low Confidence: Highly Likely,0.5829,"We will continue our dialogue, engagement and cooperation, with global forums like BRICS, G20. IBSA, SCO and ASEM. States will be encouraged to play a greater role in diplomacy; actively building relations with foreign countries to harness their mutual cultural and commercial strengths.",2014
We will build upon the success of the ‘No Money for Terror’ conference to develop better coordination on We will establish Thiruvalluvar Cultural Centres across the globe to showcase Bharat’s rich culture and,Low Confidence: Highly Likely,0.5182,Ensure the completion of six Tribal Freedom Fighters Museums,2019
"countering terrorism financing. offer training in yoga, ayurveda, Bharatiya languages, classical music etc. We will promote Bharat’s rich democratic traditions going back millennia as the Mother of Democracy. Following the Neighbourhood First Policy Pioneering International Alliances",Low Confidence: Partial,0.5563,Strengthen and modernize minority educational systems and institutions; dovetailing them with modern requirements. National Madrasa modernization programme would be initiated.,2014
"We will continue being a trusted and responsible partner in the subcontinent, promoting regional",Low Confidence: Highly Likely,0.5574,"We will continue our dialogue, engagement and cooperation, with global forums like BRICS, G20. IBSA, SCO and ASEM. States will be encouraged to play a greater role in diplomacy; actively building relations with foreign countries to harness their mutual cultural and commercial strengths.",2014
"cooperation and ensuring stability and prosperity. We will continue forming and leading alliances of like-minded partners in areas of mutual interest such as the International Solar Alliance, the Coalition for Disaster Resilient Infrastructure, the One Future Strengthening Maritime Vision (SAGAR) Alliance, the Global Biofuels Alliance and the Big Cat Alliance.",Moderate Confidence: Highly Likely,0.6652,"We will continue our dialogue, engagement and cooperation, with global forums like BRICS, G20. IBSA, SCO and ASEM. States will be encouraged to play a greater role in diplomacy; actively building relations with foreign countries to harness their mutual cultural and commercial strengths.",2014
We will continue to collaborate with the countries of the Indo-Pacific Region for the security and growth Taking our Digital Public Infrastructure to the World of all in the Region. The role of Bharat’s Digital Public Infrastructure in revolutionising public service delivery is appreciated Establishment of IMEC to promote Bharat’s trade interests,Moderate Confidence: Highly Likely,0.6411,"This will be a high priority area for BJP that IT touches the lives of ordinary men and women. ---BJP aims to nurture a Digital India -making every household and every individual digitally empowered.-- BJP aims to make every household digitally literate with a goal to make India the Global Knowledge hub, with IT being a major driver and engine of growth.",2014
all over the world. We will work towards sharing this technology with partner countries.,Low Confidence: Highly Likely,0.5358,Harness our advanced satellite technology and expertise for development.,2014
We will facilitate the international movement of trade and services through Bharat by boosting Taking Yoga and Ayurveda to the World connectivity to Europe via the India-Middle East-Europe Corridor.,Moderate Confidence: Partial,0.6477,Yoga and Ayurveda are the gifts of ancient Indian civilization to humanity and we will increase the public investment to promote Yoga and AYUSH. We will start integrated courses for Indian System of Medicine (ISM) and modern science and Ayurgenomics. We will set up institutions and launch a vigorous program to standardize and validate the Ayurvedic medicine.,2014
We will facilitate Yoga and Ayurveda Institutes in all the major countries for providing certified courses. Developing Strategic Partnerships for Mineral Security,Moderate Confidence: Partial,0.6899,Yoga and Ayurveda are the gifts of ancient Indian civilization to humanity and we will increase the public investment to promote Yoga and AYUSH. We will start integrated courses for Indian System of Medicine (ISM) and modern science and Ayurgenomics. We will set up institutions and launch a vigorous program to standardize and validate the Ayurvedic medicine.,2014
"We will also establish a globally recognised certification mechanism for Yoga and Ayurveda. In our endeavour to secure mineral resources for Bharat, we will work to establish collaborative Bringing Back Bharatiya Artefacts partnerships across the globe. Through these partnerships, we will integrate ourselves in global supply",Moderate Confidence: Partial,0.6724,Yoga and Ayurveda are the gifts of ancient Indian civilization to humanity and we will increase the public investment to promote Yoga and AYUSH. We will start integrated courses for Indian System of Medicine (ISM) and modern science and Ayurgenomics. We will set up institutions and launch a vigorous program to standardize and validate the Ayurvedic medicine.,2014
"chains, and develop mining, processing and related technologies while prioritising sustainable We will relentlessly work towards bringing back Bharatiya idols and artefacts that were taken away development practices. illegally from Bharat. Expanding Bharat’s Diplomatic Network Encourage Classical Language Research",Low Confidence: Partial,0.5868,BJP is committed to the preservation of the rich culture and heritage of India's minority communities; alongside their social and economic empowerment. Curate their rich heritage and culture - maintenance and restoration of heritage sites; digitization of archives; preservation and promotion of Urdu.,2014
We will further expand the network of our missions and diplomats to pursue the global interests that We will encourage the study of classical Indian languages in major educational institutions across the have been secured by Bharat’s unprecedented rise in the global order. world Bharatiya Diaspora for Growth and Development Celebrating Bharat’s Rich Cultural Heritage,Moderate Confidence: Highly Likely,0.6528,Promote e-Bhasha - National Mission for the promotion of IT in Indian Languages.,2014
"We will fortify our connection with the Bharatiya diaspora, actively involving them in Bharat's progress and providing unwavering support during their times of need, thereby enriching our mutual cultural and Revitalising Bharatiya Civilizational Monuments economic ties.",Moderate Confidence: Partial,0.6293,BJP is committed to the preservation of the rich culture and heritage of India's minority communities; alongside their social and economic empowerment. Curate their rich heritage and culture - maintenance and restoration of heritage sites; digitization of archives; preservation and promotion of Urdu.,2014
We will collaborate with countries across the globe to restore and revitalise sites of Bharatiya civilization. Preserving and Promoting the Legacy of Lord Ram,Low Confidence: Highly Likely,0.5861,Ram Mandir,2019
"Ramayan is celebrated across the world, particularly in South and South-East Asia. We will launch a global outreach program for documenting and promoting the tangible and intangible legacy of Lord Ram",Indeterminate,0.495,Ram Mandir,2019
in all countries. We will celebrate Ramayan Utsav with great fervour across the globe to commemorate the Pran Pratishtha of Ram Lalla 36,Indeterminate,0.4906,Ram Mandir,2019
We will establish Thiruvalluvar Cultural Centres across the globe to showcase Bharat’s rich culture and,Low Confidence: Highly Likely,0.5222,"Indigenous knowledge, based on our long and rich tradition will be further developed and harnessed for the purpose of wealth and employment generation",2014
"offer training in yoga, ayurveda, Bharatiya languages, classical music etc. We will promote Bharat’s rich democratic traditions going back millennia as the Mother of Democracy. Pioneering International Alliances",Moderate Confidence: Partial,0.6265,Yoga and Ayurveda are the gifts of ancient Indian civilization to humanity and we will increase the public investment to promote Yoga and AYUSH. We will start integrated courses for Indian System of Medicine (ISM) and modern science and Ayurgenomics. We will set up institutions and launch a vigorous program to standardize and validate the Ayurvedic medicine.,2014
"We will continue forming and leading alliances of like-minded partners in areas of mutual interest such as the International Solar Alliance, the Coalition for Disaster Resilient Infrastructure, the One Future Alliance, the Global Biofuels Alliance and the Big Cat Alliance. Taking our Digital Public Infrastructure to the World The role of Bharat’s Digital Public Infrastructure in revolutionising public service delivery is appreciated",Low Confidence: Highly Likely,0.5838,"We will continue our dialogue, engagement and cooperation, with global forums like BRICS, G20. IBSA, SCO and ASEM. States will be encouraged to play a greater role in diplomacy; actively building relations with foreign countries to harness their mutual cultural and commercial strengths.",2014
all over the world. We will work towards sharing this technology with partner countries. Taking Yoga and Ayurveda to the World,High Confidence: Partial,0.7277,Yoga and Ayurveda are the gifts of ancient Indian civilization to humanity and we will increase the public investment to promote Yoga and AYUSH. We will start integrated courses for Indian System of Medicine (ISM) and modern science and Ayurgenomics. We will set up institutions and launch a vigorous program to standardize and validate the Ayurvedic medicine.,2014
We will facilitate Yoga and Ayurveda Institutes in all the major countries for providing certified courses.,High Confidence: Partial,0.7472,Yoga and Ayurveda are the gifts of ancient Indian civilization to humanity and we will increase the public investment to promote Yoga and AYUSH. We will start integrated courses for Indian System of Medicine (ISM) and modern science and Ayurgenomics. We will set up institutions and launch a vigorous program to standardize and validate the Ayurvedic medicine.,2014
We will also establish a globally recognised certification mechanism for Yoga and Ayurveda. Bringing Back Bharatiya Artefacts,High Confidence: Partial,0.7973,Yoga and Ayurveda are the gifts of ancient Indian civilization to humanity and we will increase the public investment to promote Yoga and AYUSH. We will start integrated courses for Indian System of Medicine (ISM) and modern science and Ayurgenomics. We will set up institutions and launch a vigorous program to standardize and validate the Ayurvedic medicine.,2014
We will relentlessly work towards bringing back Bharatiya idols and artefacts that were taken away illegally from Bharat. Encourage Classical Language Research,Low Confidence: Partial,0.577,BJP is committed to the preservation of the rich culture and heritage of India's minority communities; alongside their social and economic empowerment. Curate their rich heritage and culture - maintenance and restoration of heritage sites; digitization of archives; preservation and promotion of Urdu.,2014
We will encourage the study of classical Indian languages in major educational institutions across the world Celebrating Bharat’s Rich Cultural Heritage Revitalising Bharatiya Civilizational Monuments,Moderate Confidence: Partial,0.6949,"Languages: Indian Languages are repositories of our rich literature, history, culture, art and scientific achievements. Many of our dialects are important source for knowing our heritage. BJP would promote Indian languages, and put measures for the development of all Indian languages, so that they become a powerful vehicle for creating a knowledge society.",2014
We will collaborate with countries across the globe to restore and revitalise sites of Bharatiya civilization. Preserving and Promoting the Legacy of Lord Ram,Low Confidence: Highly Likely,0.5861,Ram Mandir,2019
"Ramayan is celebrated across the world, particularly in South and South-East Asia. We will launch a global outreach program for documenting and promoting the tangible and intangible legacy of Lord Ram",Indeterminate,0.495,Ram Mandir,2019
in all countries. We will celebrate Ramayan Utsav with great fervour across the globe to commemorate the Pran Pratishtha of Ram Lalla,Low Confidence: Highly Likely,0.5111,Ram Mandir,2019
37 37,Indeterminate,0.3412,Merged with 178,2014
"We will aim towards eliminating the threat of drugs on our society, especially our young citizens, through",Indeterminate,0.4784,BJP is committed to eliminate manual scavenging. BJP will look at more effective ways to pull these people out of the poverty line.,2014
"a series of technical, legal and intelligence programmes. We will work on enforcement and reducing",Low Confidence: Partial,0.5883,"Implement measures to improve the efficiency of Armed Forces Tribunals, and minimize appeals by the Government.",2014
"demand for drugs. We will leverage Big Data analytics, artificial intelligence, drones and satellite imagery to detect and dismantle drug trafficking networks effectively. Implementing Bhartiya Nyay Sahita Expeditiously We have enacted Bharatiya Nyay Sanhita to ensure security as well as justice delivery for our citizens. We are committed to its effective implementation through training, online certificate courses, new curriculum in universities and law schools, and many additional measures. Eliminating Left Wing Extremism (LWE)",Indeterminate,0.4956,"Modernize our Prison system with technology and infrastructure; to strengthen the security as well human rights and correctional dimensions. Work towards evolving common national standards and protocols. Train and technologically enable the police to track, pursue, as well as prevent Cyber Crime.",2014
We will strengthen our paramilitary forces with state-of-the-art equipment and trained personnel to eliminate LWE in all its forms. Our development measures have weakened the false propaganda spread,Low Confidence: Partial,0.5849,We will modernize the Central Armed Police Forces to further increase their capacity and readiness and enable them to effectively combat internal security challenges,2019
"by extremists. We will ensure that the development and welfare schemes reach the people living in areas affected by Left Wing Extremism. With this 360 degree approach, we will eliminate LWE in our journey towards Viksit Bharat. Implementation of CAA MODI KI We have taken the historic step of enacting the Citizenship Amendment Act (CAA) and will implement it to confer citizenship to all eligible persons. GUARANTEE FOR Enhancing the Capabilities of the Armed Forces and the Central Armed Police Forces",Indeterminate,0.4967,Ensure the completion of six Tribal Freedom Fighters Museums,2019
"We will further equip the Armed Forces and the Central Armed Police Forces with modern SURAKSHIT BHARAT state-of-the-art weapons, equipment and technology to aid the swift disposal of any current and emerging threats. National Forensics Mission To move away from ‘punishment to justice, and improve the current conviction rate in the country, we will launch a National Forensics Mission to strengthen the forensic infrastructure. Protecting Bharat's Security Interests in the Indian Ocean Region In the last ten years, we have taken a firm stand on protecting our country and",Low Confidence: Highly Likely,0.5939,Provide the State governments with all assistance to modernize their respective police forces and equip them with the latest technology. This will be taken up on a mission mode approach.,2014
We will expand Bharat’s defence footprint across strategic locations and partner with friendly countries citizens from the threats of terrorism and naxalism. We have followed a zero tolerance to protect Bharat’s and the Indian Ocean Region’s security interests. policy on terrorism. We remain committed to keep our country and citizens safe. Safeguarding Bharat's Digital Sovereignty,Low Confidence: Partial,0.5075,"Strengthen and expand the Civil Defence and Home Guards mechanism to create a group of citizens for community defence, self-defence and disaster management.",2014
"We will take further steps towards strengthening Bharat’s digital sovereignty and will take stringent Continuing a Zero-Tolerance Policy Towards Terrorism action against digital entities that threaten the safety of Bharatiya on the internet. The Surgical Strikes of 2016 and the Air Strikes of 2019 are examples of our dedicated efforts towards Implementing Robust Cyber Security Policies countering terrorism. We are committed to defend Bharat's citizens and interests at home and abroad from all threats of terrorism. To regulate and monitor Bharat’s cyber protection agencies and infrastructure, we will develop and implement robust cyber security policies. Theatrization of Military Commands We have established the position of Chief of Defense staff (CDS) for better coordination in the military.",Low Confidence: Highly Likely,0.5966,"This will be a high priority area for BJP that IT touches the lives of ordinary men and women. ---BJP aims to nurture a Digital India -making every household and every individual digitally empowered.-- BJP aims to make every household digitally literate with a goal to make India the Global Knowledge hub, with IT being a major driver and engine of growth.",2014
"We will further establish the military theatre commands for more efficient operations. Ensuring Robust Infrastructure Along Borders The gross neglect by previous governments resulted in poor infrastructure in border areas. We have corrected this grave error and started constructing roads, railway, telecom towers, optical fibre cables",Low Confidence: Highly Likely,0.5429,Provide the State governments with all assistance to modernize their respective police forces and equip them with the latest technology. This will be taken up on a mission mode approach.,2014
"and electricity networks. We will accelerate development of robust infrastructure along the Indo-China,",Low Confidence: Partial,0.56,Give a thrust to renewable sources of energy as an important component of India's energy mix.,2014
Indo-Pakistan and Indo-Myanmar borders. We will introduce technological solutions on fenced portions to make fencing smarter. 38,High Confidence: Highly Likely,0.7279,"Complete all pending fencing work along the India- Bangladesh and India-Myanmar border, stepping up border security.",2014
"We will aim towards eliminating the threat of drugs on our society, especially our young citizens, through",Indeterminate,0.4784,BJP is committed to eliminate manual scavenging. BJP will look at more effective ways to pull these people out of the poverty line.,2014
"a series of technical, legal and intelligence programmes. We will work on enforcement and reducing",Low Confidence: Partial,0.5883,"Implement measures to improve the efficiency of Armed Forces Tribunals, and minimize appeals by the Government.",2014
"demand for drugs. We will leverage Big Data analytics, artificial intelligence, drones and satellite imagery to detect and dismantle drug trafficking networks effectively. Implementing Bhartiya Nyay Sahita Expeditiously We have enacted Bharatiya Nyay Sanhita to ensure security as well as justice delivery for our citizens. We are committed to its effective implementation through training, online certificate courses, new curriculum in universities and law schools, and many additional measures. Eliminating Left Wing Extremism (LWE)",Indeterminate,0.4956,"Modernize our Prison system with technology and infrastructure; to strengthen the security as well human rights and correctional dimensions. Work towards evolving common national standards and protocols. Train and technologically enable the police to track, pursue, as well as prevent Cyber Crime.",2014
We will strengthen our paramilitary forces with state-of-the-art equipment and trained personnel to eliminate LWE in all its forms. Our development measures have weakened the false propaganda spread,Low Confidence: Partial,0.5849,We will modernize the Central Armed Police Forces to further increase their capacity and readiness and enable them to effectively combat internal security challenges,2019
"by extremists. We will ensure that the development and welfare schemes reach the people living in areas affected by Left Wing Extremism. With this 360 degree approach, we will eliminate LWE in our journey towards Viksit Bharat. Implementation of CAA We have taken the historic step of enacting the Citizenship Amendment Act (CAA) and will implement it to confer citizenship to all eligible persons. Enhancing the Capabilities of the Armed Forces and the Central Armed Police Forces",Indeterminate,0.4782,Ensure the completion of six Tribal Freedom Fighters Museums,2019
"We will further equip the Armed Forces and the Central Armed Police Forces with modern state-of-the-art weapons, equipment and technology to aid the swift disposal of any current and emerging threats. National Forensics Mission To move away from ‘punishment to justice, and improve the current conviction rate in the country, we will launch a National Forensics Mission to strengthen the forensic infrastructure. Protecting Bharat's Security Interests in the Indian Ocean Region",Moderate Confidence: Partial,0.6245,"We will work with the states to empower Police with the authority, independence and resources. Facilitate training and capacity building of Police forces Modernize the police force, equipping them with the latest technology. Initiate the networking of police stations across the country for intelligence sharing and crime control. Develop specialized expertise in investigation; through continuous training, especially in evolving competencies. Strengthen Investigations, making them Swift, Transparent, Fair, Clear and Decisive - acting as an inescapable deterrent to wrong- doers and a protective shield to the innocent. Overhaul our intelligence set up, with special focus on coordination and integration of human and technological intel - comprehensively gearing it towards collecting real time, specific and actionable inputs.",2014
We will expand Bharat’s defence footprint across strategic locations and partner with friendly countries to protect Bharat’s and the Indian Ocean Region’s security interests. Safeguarding Bharat's Digital Sovereignty,Low Confidence: Highly Likely,0.5277,"This will be a high priority area for BJP that IT touches the lives of ordinary men and women. ---BJP aims to nurture a Digital India -making every household and every individual digitally empowered.-- BJP aims to make every household digitally literate with a goal to make India the Global Knowledge hub, with IT being a major driver and engine of growth.",2014
"We will take further steps towards strengthening Bharat’s digital sovereignty and will take stringent Continuing a Zero-Tolerance Policy Towards Terrorism action against digital entities that threaten the safety of Bharatiya on the internet. The Surgical Strikes of 2016 and the Air Strikes of 2019 are examples of our dedicated efforts towards Implementing Robust Cyber Security Policies countering terrorism. We are committed to defend Bharat's citizens and interests at home and abroad from all threats of terrorism. To regulate and monitor Bharat’s cyber protection agencies and infrastructure, we will develop and implement robust cyber security policies. Theatrization of Military Commands We have established the position of Chief of Defense staff (CDS) for better coordination in the military.",Low Confidence: Highly Likely,0.5966,"This will be a high priority area for BJP that IT touches the lives of ordinary men and women. ---BJP aims to nurture a Digital India -making every household and every individual digitally empowered.-- BJP aims to make every household digitally literate with a goal to make India the Global Knowledge hub, with IT being a major driver and engine of growth.",2014
"We will further establish the military theatre commands for more efficient operations. Ensuring Robust Infrastructure Along Borders The gross neglect by previous governments resulted in poor infrastructure in border areas. We have corrected this grave error and started constructing roads, railway, telecom towers, optical fibre cables",Low Confidence: Highly Likely,0.5429,Provide the State governments with all assistance to modernize their respective police forces and equip them with the latest technology. This will be taken up on a mission mode approach.,2014
"and electricity networks. We will accelerate development of robust infrastructure along the Indo-China,",Low Confidence: Partial,0.56,Give a thrust to renewable sources of energy as an important component of India's energy mix.,2014
Indo-Pakistan and Indo-Myanmar borders. We will introduce technological solutions on fenced portions to make fencing smarter. 39,High Confidence: Highly Likely,0.7275,"Complete all pending fencing work along the India- Bangladesh and India-Myanmar border, stepping up border security.",2014
"We will proWmeo twei Bll hparoramt'ost eex Bphoarrtas tt'sh reoxupgohr tins ttehrrnoautgiohn ianlt ceornoapteiroantaiol nco, ionpferarasttriounc,t iunrfer adsetvreulcotpumree dnet vaenlodp ment and simplificatisoinm opfl ilfiacwastion of laws Revamp CoRmevmaemrcpi aClo amnmd Tearcxi aLle agnisdl aTtaioxn Lsegislations We have suWbset haanvtiea lslyu bssimtapnlitfiiaeldly t shime ipnldifiireedc tt haen din ddiirreecctt taanxd s dyisrteecmt tsa txh sryosutgehm ssim thprloeur gruhl essim, npelewr rules, new legislation, laengdis luasteio onf, atencdh unsoelo ogfy t. eWceh naorelo cgoym. Wmei tatreed c toom lamuinttcehd a tno e lxaeurnccishe a tno e cxoemrcpisleet teoly c roemvapmlepte olyu rr evamp our MODI KI economic aencdo ncoommmic earncdia cl olemgimsleartcioianls l etgoi ssluaitti oonusr teoc osnuoitm oiucr n eeceodnso. mic needs. Honour HoHnoensto uTar xHpoanyeesrts Taxpayers GUARANTEE FOR",Indeterminate,0.3676,Work towards completing the development of ‘Panchteeh’ circuit,2019
"We will honWouer w hiolln heosnto tuarx hpoayneersst wtahxop hayaevres p wlahyoe dh aavne i mplpayoertda annt irmolpeo inrt satnrte nroglteh ienn sintrge onugrt heecnoinnogm oyu.r economy. PROSPEROUS BHARAT We have successfully brought Bharat from fragile 5 to top 5 economies despite the global turmoil and once-in-a-century event Covid pandemic. We have strengthened our financial system, maintained fiscal prudence, and increased our foreign exchange reserves. We have successfully shielded our citizens from global price shocks and created a conducive environment for economic",Indeterminate,0.4609,"BJP is committed to strengthen self-Governance at the local level and we will empower Panchayati Raj Institutions with extensive devolution of the 3 Fs - Functions, Functionaries and Funds. --- Good performers amongst the Panchayats will be rewarded with additional developmental grants. ---- Strengthen the institution of the Gram Sabha, respecting their inputs and initiatives for development process. ---",2014
"growth. Our policies have resulted in Bharat becoming the 5th largest economy. We will build upon this foundation in the next five years to launch our country on the path to Viksit Bharat by 2047. Make BharMata tkhee B Thhairradt- Lthareg Tehsitr dEc-Loanrogmesyt Economy Within a deWcaitdhei,n w ae d heacvaed eb,r woueg hhatv Beh barroautg fhrot mBh 1a1trha tt ofr 5otmh 1la1trhg etsot 5 etcho lnaorgmeisct p eocwonero. mThici sp wowase rp. oTshsiisb wlea dsu peo ssible due to right polticoi erisg, hfot cpuoslsiceieds e, xfoeccuustisoend aenxde cmuetitoicnu alonuds m pelatnicnuinlogu. sW pela gnunairnagn. tWeee gthuaatr aBnhtaerea tt hwaitll Bbhea trhaet w3ridll be the 3rd largest ecolnaorgmeisct p eocwonero.mic power. SustainingS Fuisntaaninciianlg M Faincaron cSitaal bMilaitcyro Stability",Low Confidence: Highly Likely,0.5561,Establish 1.5 lakh health and wellness centres under Ayushman Bharat.,2019
"We have deWmeo hnasvtrea dteedm loonws tinrafltaetdio lno,w h iignhfl agtrioown,t hhi gahn dg rfioswcatlh p arnudd efinsccea li np rtuhdee pnacset idne tchaed pea. Wste d wecilal de. We will continue onc otnhtisin puaet ho na nthdi ss tpaayt hco amndm sitttaeyd c toom emxpitatnedd otou re excpoannodm oiucr p ercoowneosms.ic prowess. ExpandingE Exmpapnlodyinmge Enmt Oplpopyomrteunnti Otipepsortunities Despite gloDbeasl pchitael lgelnogbeasl cahnadl luenngperesc aendde nutnepdr eecveednetns tseudc he vaesn tthse s Cuochvi das p tahned Ceomviicd, opuarn deecomnioc,m oiucr p eocloicnieosm ic policies have been shuacvcee bsesfeunl sinu cccreeasstifnugl ian scurebasttianngt iaa ls nuubmstbaenrt ioafl neummpbloeyrm oef netm opplopyomrteunntit oiepsp. oOrutru sntitraietse.g Oicu rf oscturast egic focus on sectors olikne s mecatnoursf alickteu mrinagn,u sfearcvtiucreisn,g r,u srearl vinicdeuss, trruyr,a iln ifnrdaustsrturyc,t iunrfer,a tsotururicstmur, ea,n tdo uskriisllm d,e avnedlo spkmille dnetv, elopment, coupled witcho uspulpepdo wrti tthh rsouupgpho rctr etdhrito fuagchil ictrieesd ivti afa Scvilaitnieidsh vi iaan Sdv aMnuiddhrai ,a hnads M guredartal,y h eaxsp garnedaetdly leivxepliahnodoedd livelihood 40",Indeterminate,0.4479,Poshan Abhiyaan.,2019
"recognise that manufacturing presents huge potential for employment creation. We will make Bharat a trusted Global Manufacturing Hub through a series of programmes including simplification of regulatory processes, investment in infrastructure to meet the requirements of manufacturing hubs, bringing capital to the industry and investing in research and development. Increasing the Exports",High Confidence: Highly Likely,0.7404,"Accord high priority to the growth of manufacturing, so that we can create enough jobs in the country. This sector must grow fast to ensure employment and asset creation. We will facilitate setting up of software and hardware manufacturing units.",2014
"We will promote Bharat's exports through international cooperation, infrastructure development and simplification of laws Revamp Commercial and Tax Legislations We have substantially simplified the indirect and direct tax systems through simpler rules, new legislation, and use of technology. We are committed to launch an exercise to completely revamp our economic and commercial legislations to suit our economic needs. Honour Honest Taxpayers",Low Confidence: Partial,0.5627,Rationalize and simplify the tax regime.,2014
"We will honour honest taxpayers who have played an important role in strengthening our economy. Make Bharat the Third-Largest Economy Within a decade, we have brought Bharat from 11th to 5th largest economic power. This was possible due to right policies, focussed execution and meticulous planning. We guarantee that Bharat will be the 3rd largest economic power. Sustaining Financial Macro Stability",Low Confidence: Highly Likely,0.5694,"BJP is committed to strengthen self-Governance at the local level and we will empower Panchayati Raj Institutions with extensive devolution of the 3 Fs - Functions, Functionaries and Funds. --- Good performers amongst the Panchayats will be rewarded with additional developmental grants. ---- Strengthen the institution of the Gram Sabha, respecting their inputs and initiatives for development process. ---",2014
"We have demonstrated low inflation, high growth and fiscal prudence in the past decade. We will continue on this path and stay committed to expand our economic prowess. Expanding Employment Opportunities Despite global challenges and unprecedented events such as the Covid pandemic, our economic policies have been successful in creating a substantial number of employment opportunities. Our strategic focus on sectors like manufacturing, services, rural industry, infrastructure, tourism, and skill development, coupled with support through credit facilities via Svanidhi and Mudra, has greatly expanded livelihood 41",Low Confidence: Highly Likely,0.5558,Initiating new economic activities.,2014
Balanced and Inclusive Development We will consolidate our efforts and expand electronics manufacturing three times to become a,Low Confidence: Highly Likely,0.5447,"Accord high priority to the growth of manufacturing, so that we can create enough jobs in the country. This sector must grow fast to ensure employment and asset creation. We will facilitate setting up of software and hardware manufacturing units.",2014
major player in the global value chain. We will leverage our design capabilities to develop,Low Confidence: Partial,0.5501,We will move up the value chain of the sector driven by a focus on Quality. Market linkages - both national and international.,2014
"We will launch an initiative to foster balanced regional development across all districts of the country. indigenous brands. Brand, promotion and exports of One District One Product (ODOP) products will be encouraged under the initiative. Making Bharat a Major Player in Semiconductor and Chip Manufacturing Building a Globally Competitive Food Processing Industry Building on our success of electronics industry, will deepen our component ecosystem and take semiconductor design and manufacturing to a new level to become one of the global majors in chip",Low Confidence: Highly Likely,0.529,"Accord high priority to the growth of manufacturing, so that we can create enough jobs in the country. This sector must grow fast to ensure employment and asset creation. We will facilitate setting up of software and hardware manufacturing units.",2014
"We will establish smart food processing hubs equipped with cutting-edge technologies to manufacturing enable comprehensive monitoring of the entire food supply chain, from farm to table, ensuring quality, traceability and operational efficiency. Making Bharat a Global Leader in Automobile and EV Manufacturing",High Confidence: Highly Likely,0.7234,"Implement and incentivize the setting up of the food processing industry that has remained just a plain talk till now. This will lead to better income for farmers and create jobs. We aim to set up 'agro food processing clusters', with high value, export-quality and vacuum packed food processing facilities, etc.",2014
"We will position Bharat as a major player in value chains of processed fruits, vegetables, fish, Bharat is a major automobile manufacturer. We will support the growth of the automobile industry and",Low Confidence: Partial,0.5261,Encourage Indian companies to go global and we will support Indian companies in this endeavor. We believe that Indian entrepreneurs have the capability to take on global markets.,2014
"seafood and dairy, among others. its transition to EV manufacturing. We will invest in establishing a nationwide EV charger infrastructure to encourage EV adoption. Focusing on Core Industries Developing Rare Earths and Strategic Mineral Industry",Indeterminate,0.4574,"We will encourage domestic industry to have a larger share in design and production of military hardware and platforms for both domestic use and exports, in a competitive environment.",2014
"We will focus on the technology and sustainability transition happening in steel, cement, metals, and",Moderate Confidence: Partial,0.6078,"Focus on development of energy infrastructure, human resource development and upgradation of technology.",2014
engineering goods industries. We will support these industries to adopt greener manufacturing We will support exploration for rare earths and strategic minerals. We will develop partnerships with,Low Confidence: Highly Likely,0.5743,"To ensure industry responsive manpower, we will bring together industry, universities and government.",2014
processes. countries having reserves of these minerals to secure our supply chain. We will support the processing industries and manufacture of final products using rare earths and strategic minerals. MODI KI Promoting Defence Manufacturing Making Bharat a Global Leader in Textile Manufacturing,Low Confidence: Partial,0.5185,"To generate better work    h opportunities for          n women, 10% material to h be sourced for u government procurement will be        h done from MSMEs            m",2019
"We will vastly expand domestic defence manufacturing and exports of Made in Bharat defence GUARANTEE FOR equipment. This effort will be facilitated by accelerating indigenisation in major Air and Land Equipment Bharat has been a leader in textiles, garments, and apparels. We recognise the huge Platforms. employment generating potential of these industries. Therefore, we will accelerate the efforts GLOBAL made over the last ten years and take textile, garment, and apparel industries to the next MANUFACTURING HUB Positioning Bharat as a Global Railway Manufacturing Hub level.",Moderate Confidence: Partial,0.62,Technology transfer in defence manufacturing will be encouraged to the maximum.,2014
"We will promote manufacturing, research, and development in the railway sector to make Bharat a",Low Confidence: Partial,0.5264,"We will provide adequate resources under the Khelo India scheme to ensure the achievement of declared objectives. Under this scheme, special attention will be given to encourage sporting talent among women.",2019
"We will successfully operationalize PM Mitra parks, invest in research and development of new leading global railway manufacturing hub. products, simplify the legal and compliance regimes, invest in common amenities, invest in infrastructure for textile industry, and launch special skilling programmes focussed on Making Bharat as Global Aviation Manufacturing and MRO Hub employment.",Low Confidence: Highly Likely,0.5041,We will also set up Centres of Excellence in various sectors in partnership with the Industry.,2014
We will bring a commercial aircraft manufacturing ecosystem to Bharat. For this we will design,Low Confidence: Partial,0.535,"have a human crewed submersible going to the deepest oceans that will facilitate sustainable use of resources. With a thrust on non-fossil fuels, our research mission in this area will reduce imports and make India a leader in new technologies",2019
"We will also make investments in our traditional textile industries to take our indigenous In the last ten years we have made significant progress in the manufacturing sector. We launched a Policy for Aerospace Manufacturing in the country and try to develop our own passenger industries and designs to the global stage. a series of programmes like Make in India, PLI, and simplification of compliances to expand aircraft.",Moderate Confidence: Highly Likely,0.6089,We will set up World class Investment and Industrial regions as Global Hubs of Manufacturing.,2014
manufacturing. We will further harness the potential of manufacturing in creating employment Lab Grown Diamonds,Low Confidence: Highly Likely,0.5543,"Accord high priority to the growth of manufacturing, so that we can create enough jobs in the country. This sector must grow fast to ensure employment and asset creation. We will facilitate setting up of software and hardware manufacturing units.",2014
"We will strengthen the civil aviation ecosystem by encouraging Maintenance, Repairs and opportunities and expanding economic activity. We believe that our talent in research and design Overhaul (MRO) activities as well as Aircraft Financing and Leasing Activities institutions",Low Confidence: Highly Likely,0.5045,"We shall modernize existing and operational Airports, and build new ones especially connecting smaller towns and all tourism circuits. In addition, there is a potential for inland air transportation to various remote and local locations in the country. Such air strips will be developed so that low cost air travelling becomes possible within the country.",2014
"can be best complimented by expanding the manufacturing sector. We also understand the need We will make India the largest producer for lab-grown diamond production, embracing through comprehensive government support programs under the Make in India initiative. for self-reliance and resilience in global value chains. Therefore, we will make all efforts to develop cutting-edge technology and sustainable methods to drive economic growth and establish a Bharat as a Global Manufacturing Hub. Promoting Ship Building leading position in the international market. Setting Up Bio-Manufacturing Hubs",Moderate Confidence: Highly Likely,0.6667,"Accord high priority to the growth of manufacturing, so that we can create enough jobs in the country. This sector must grow fast to ensure employment and asset creation. We will facilitate setting up of software and hardware manufacturing units.",2014
"Global Manufacturing Hub We will ensure availability of dedicated research, designing and testing facilities across the country to promote shipbuilding under the Make in India initiative. For fostering high-performance biomanufacturing towards promoting a circular economy for green, Under the Make in India programme, manufacturing has emerged as a major economic sector with good clean and prosperous Bharat by setting up of Bio-Manufacturing Hubs.",High Confidence: Highly Likely,0.7279,We will set up World class Investment and Industrial regions as Global Hubs of Manufacturing.,2014
"success in electronics, defence, mobile, automobiles and more. We will work towards making Bharat a Strengthening Bharat’s Position as Pharmacy of the World global manufacturing hub and enhance employment in these crucial sectors.",Low Confidence: Highly Likely,0.5441,"Accord high priority to the growth of manufacturing, so that we can create enough jobs in the country. This sector must grow fast to ensure employment and asset creation. We will facilitate setting up of software and hardware manufacturing units.",2014
"We will strengthen Bharat’s position as the ‘Pharmacy of the World’ by boosting the Becoming Product Nation manufacturing and research capacities of the pharmaceutical sector, especially APIs.",Low Confidence: Partial,0.5363,"We will encourage domestic industry to have a larger share in design and production of military hardware and platforms for both domestic use and exports, in a competitive environment.",2014
"We are a major engineering and design services hub in the world with many complex products being We will expand Research Linked Incentive schemes, encouraging companies to invest in",Moderate Confidence: Highly Likely,0.633,We will set up World class Investment and Industrial regions as Global Hubs of Manufacturing.,2014
"designed in Bharat. We will build on this strength to become a major Product Nation by combining our research for new drugs, chemical entities and new biological entities. strength in product design services with manufacturing. Making Bharat a Global Electronics Manufacturing Hub by 2030 Developing Robust Industrial Infrastructure In the last ten years we have established a USD 100+ billion electronics manufacturing Based on the principles of PM-Gatishakti, the government shall develop industrial cities in different industry. We have already become the second largest mobile phone manufacturer in the world. industrial corridors for balanced regional development. This shall promote industrialisation of backward Our policies have resulted in generating huge employment opportunities in this industry. regions of the country.",Moderate Confidence: Highly Likely,0.6114,"Accord high priority to the growth of manufacturing, so that we can create enough jobs in the country. This sector must grow fast to ensure employment and asset creation. We will facilitate setting up of software and hardware manufacturing units.",2014
42 42,Indeterminate,0.434,Merged with 493,2014
Balanced and Inclusive Development We will consolidate our efforts and expand electronics manufacturing three times to become a,Low Confidence: Highly Likely,0.5447,"Accord high priority to the growth of manufacturing, so that we can create enough jobs in the country. This sector must grow fast to ensure employment and asset creation. We will facilitate setting up of software and hardware manufacturing units.",2014
major player in the global value chain. We will leverage our design capabilities to develop,Low Confidence: Partial,0.5501,We will move up the value chain of the sector driven by a focus on Quality. Market linkages - both national and international.,2014
"We will launch an initiative to foster balanced regional development across all districts of the country. indigenous brands. Brand, promotion and exports of One District One Product (ODOP) products will be encouraged under the initiative. Making Bharat a Major Player in Semiconductor and Chip Manufacturing Building a Globally Competitive Food Processing Industry Building on our success of electronics industry, will deepen our component ecosystem and take semiconductor design and manufacturing to a new level to become one of the global majors in chip",Low Confidence: Highly Likely,0.529,"Accord high priority to the growth of manufacturing, so that we can create enough jobs in the country. This sector must grow fast to ensure employment and asset creation. We will facilitate setting up of software and hardware manufacturing units.",2014
"We will establish smart food processing hubs equipped with cutting-edge technologies to manufacturing enable comprehensive monitoring of the entire food supply chain, from farm to table, ensuring quality, traceability and operational efficiency. Making Bharat a Global Leader in Automobile and EV Manufacturing",High Confidence: Highly Likely,0.7234,"Implement and incentivize the setting up of the food processing industry that has remained just a plain talk till now. This will lead to better income for farmers and create jobs. We aim to set up 'agro food processing clusters', with high value, export-quality and vacuum packed food processing facilities, etc.",2014
"We will position Bharat as a major player in value chains of processed fruits, vegetables, fish, Bharat is a major automobile manufacturer. We will support the growth of the automobile industry and",Low Confidence: Partial,0.5261,Encourage Indian companies to go global and we will support Indian companies in this endeavor. We believe that Indian entrepreneurs have the capability to take on global markets.,2014
"seafood and dairy, among others. its transition to EV manufacturing. We will invest in establishing a nationwide EV charger infrastructure to encourage EV adoption. Focusing on Core Industries Developing Rare Earths and Strategic Mineral Industry",Indeterminate,0.4574,"We will encourage domestic industry to have a larger share in design and production of military hardware and platforms for both domestic use and exports, in a competitive environment.",2014
"We will focus on the technology and sustainability transition happening in steel, cement, metals, and",Moderate Confidence: Partial,0.6078,"Focus on development of energy infrastructure, human resource development and upgradation of technology.",2014
engineering goods industries. We will support these industries to adopt greener manufacturing We will support exploration for rare earths and strategic minerals. We will develop partnerships with,Low Confidence: Highly Likely,0.5743,"To ensure industry responsive manpower, we will bring together industry, universities and government.",2014
processes. countries having reserves of these minerals to secure our supply chain. We will support the processing industries and manufacture of final products using rare earths and strategic minerals. Promoting Defence Manufacturing Making Bharat a Global Leader in Textile Manufacturing,Low Confidence: Highly Likely,0.5233,"Accord high priority to the growth of manufacturing, so that we can create enough jobs in the country. This sector must grow fast to ensure employment and asset creation. We will facilitate setting up of software and hardware manufacturing units.",2014
"We will vastly expand domestic defence manufacturing and exports of Made in Bharat defence equipment. This effort will be facilitated by accelerating indigenisation in major Air and Land Equipment Bharat has been a leader in textiles, garments, and apparels. We recognise the huge Platforms. employment generating potential of these industries. Therefore, we will accelerate the efforts made over the last ten years and take textile, garment, and apparel industries to the next Positioning Bharat as a Global Railway Manufacturing Hub level.",Moderate Confidence: Partial,0.6269,Technology transfer in defence manufacturing will be encouraged to the maximum.,2014
"We will promote manufacturing, research, and development in the railway sector to make Bharat a",Low Confidence: Partial,0.5264,"We will provide adequate resources under the Khelo India scheme to ensure the achievement of declared objectives. Under this scheme, special attention will be given to encourage sporting talent among women.",2019
"We will successfully operationalize PM Mitra parks, invest in research and development of new leading global railway manufacturing hub. products, simplify the legal and compliance regimes, invest in common amenities, invest in infrastructure for textile industry, and launch special skilling programmes focussed on Making Bharat as Global Aviation Manufacturing and MRO Hub employment.",Low Confidence: Highly Likely,0.5041,We will also set up Centres of Excellence in various sectors in partnership with the Industry.,2014
We will bring a commercial aircraft manufacturing ecosystem to Bharat. For this we will design,Low Confidence: Partial,0.535,"have a human crewed submersible going to the deepest oceans that will facilitate sustainable use of resources. With a thrust on non-fossil fuels, our research mission in this area will reduce imports and make India a leader in new technologies",2019
We will also make investments in our traditional textile industries to take our indigenous a Policy for Aerospace Manufacturing in the country and try to develop our own passenger industries and designs to the global stage. aircraft. Lab Grown Diamonds,Moderate Confidence: Highly Likely,0.6059,We will set up World class Investment and Industrial regions as Global Hubs of Manufacturing.,2014
"We will strengthen the civil aviation ecosystem by encouraging Maintenance, Repairs and Overhaul (MRO) activities as well as Aircraft Financing and Leasing Activities institutions",Indeterminate,0.4935,"We shall modernize existing and operational Airports, and build new ones especially connecting smaller towns and all tourism circuits. In addition, there is a potential for inland air transportation to various remote and local locations in the country. Such air strips will be developed so that low cost air travelling becomes possible within the country.",2014
"We will make India the largest producer for lab-grown diamond production, embracing through comprehensive government support programs under the Make in India initiative. cutting-edge technology and sustainable methods to drive economic growth and establish a leading position in the international market. Promoting Ship Building Setting Up Bio-Manufacturing Hubs",Low Confidence: Highly Likely,0.5835,"Accord high priority to the growth of manufacturing, so that we can create enough jobs in the country. This sector must grow fast to ensure employment and asset creation. We will facilitate setting up of software and hardware manufacturing units.",2014
"Global Manufacturing Hub We will ensure availability of dedicated research, designing and testing facilities across the country to promote shipbuilding under the Make in India initiative. For fostering high-performance biomanufacturing towards promoting a circular economy for green, Under the Make in India programme, manufacturing has emerged as a major economic sector with good clean and prosperous Bharat by setting up of Bio-Manufacturing Hubs.",High Confidence: Highly Likely,0.7279,We will set up World class Investment and Industrial regions as Global Hubs of Manufacturing.,2014
"success in electronics, defence, mobile, automobiles and more. We will work towards making Bharat a Strengthening Bharat’s Position as Pharmacy of the World global manufacturing hub and enhance employment in these crucial sectors.",Low Confidence: Highly Likely,0.5441,"Accord high priority to the growth of manufacturing, so that we can create enough jobs in the country. This sector must grow fast to ensure employment and asset creation. We will facilitate setting up of software and hardware manufacturing units.",2014
"We will strengthen Bharat’s position as the ‘Pharmacy of the World’ by boosting the Becoming Product Nation manufacturing and research capacities of the pharmaceutical sector, especially APIs.",Low Confidence: Partial,0.5363,"We will encourage domestic industry to have a larger share in design and production of military hardware and platforms for both domestic use and exports, in a competitive environment.",2014
"We are a major engineering and design services hub in the world with many complex products being We will expand Research Linked Incentive schemes, encouraging companies to invest in",Moderate Confidence: Highly Likely,0.633,We will set up World class Investment and Industrial regions as Global Hubs of Manufacturing.,2014
"designed in Bharat. We will build on this strength to become a major Product Nation by combining our research for new drugs, chemical entities and new biological entities. strength in product design services with manufacturing. Making Bharat a Global Electronics Manufacturing Hub by 2030 Developing Robust Industrial Infrastructure In the last ten years we have established a USD 100+ billion electronics manufacturing Based on the principles of PM-Gatishakti, the government shall develop industrial cities in different industry. We have already become the second largest mobile phone manufacturer in the world. industrial corridors for balanced regional development. This shall promote industrialisation of backward Our policies have resulted in generating huge employment opportunities in this industry. regions of the country.",Moderate Confidence: Highly Likely,0.6114,"Accord high priority to the growth of manufacturing, so that we can create enough jobs in the country. This sector must grow fast to ensure employment and asset creation. We will facilitate setting up of software and hardware manufacturing units.",2014
43 43,Indeterminate,0.4373,Merged with 493,2014
Balanced and Inclusive Development We will consolidate our efforts and expand electronics manufacturing three times to become a Building World Class Station,Low Confidence: Highly Likely,0.5357,"Accord high priority to the growth of manufacturing, so that we can create enough jobs in the country. This sector must grow fast to ensure employment and asset creation. We will facilitate setting up of software and hardware manufacturing units.",2014
major player in the global value chain. We will leverage our design capabilities to develop,Low Confidence: Partial,0.5501,We will move up the value chain of the sector driven by a focus on Quality. Market linkages - both national and international.,2014
"We will launch an initiative to foster balanced regional development across all districts of the country. We have already started redevelopment of 1,300+ railway stations to world class standards. We will Expanding PM Gram Sadak Yojana indigenous brands. Brand, promotion and exports of One District One Product (ODOP) products will be encouraged under expand this project to all other major and medium sized stations.",Low Confidence: Highly Likely,0.5557,"Initiate R&D for indigenous railways, coach design and signals.",2014
"We will extend the PM Gram Sadak Yojana to the remotest areas where there are settlements to ensure the initiative. Making Bharat a Major Player in Semiconductor and Chip Manufacturing Expanding Coverage of New Age Trains improved connectivity and access to healthcare, education, government services and markets. Building a Globally Competitive Food Processing Industry Building on our success of electronics industry, will deepen our component ecosystem and take We have developed and manufactured world class Vande Bharat, Amrit Bharat and Namo Bharat trains. Further Enhancing Road Safety semiconductor design and manufacturing to a new level to become one of the global majors in chip",Low Confidence: Partial,0.5594,We will expand the Pradhan Mantri Shram Yogi Maandhan scheme,2019
We will establish smart food processing hubs equipped with cutting-edge technologies to We will further expand this network of new age trains. manufacturing,Moderate Confidence: Highly Likely,0.6863,"Implement and incentivize the setting up of the food processing industry that has remained just a plain talk till now. This will lead to better income for farmers and create jobs. We aim to set up 'agro food processing clusters', with high value, export-quality and vacuum packed food processing facilities, etc.",2014
"We will focus on further improving safety on roads through a series of techno legal interventions, enable comprehensive monitoring of the entire food supply chain, from farm to table, ensuring Vande Sleeper Trains training and behavioural change to improve road safety. quality, traceability and operational efficiency. Making Bharat a Global Leader in Automobile and EV Manufacturing",Low Confidence: Highly Likely,0.5707,"Build quality integrated Public Transport systems, discouraging usage of private vehicles.",2014
We will launch Vande Sleeper trains for a comfortable overnight journey. Expanding Expressways and ring roads,Low Confidence: Partial,0.5081,Agri Rail network will be established - with Train Wagons designed to cater to the specific needs of perishable Agricultural products like milk and vegetables as well as light weight wagons for salt movement.,2014
"We will position Bharat as a major player in value chains of processed fruits, vegetables, fish, Bharat is a major automobile manufacturer. We will support the growth of the automobile industry and",Low Confidence: Partial,0.5261,Encourage Indian companies to go global and we will support Indian companies in this endeavor. We believe that Indian entrepreneurs have the capability to take on global markets.,2014
"seafood and dairy, among others. its transition to EV manufacturing. We will invest in establishing a nationwide EV charger infrastructure High Frequency Trains for Regional Connectivity We will strengthen the modern road connectivity ecosystem to 15,000 km of access-controlled to encourage EV adoption.",Low Confidence: Highly Likely,0.5187,Efficient public transport systems.,2014
highways. We will construct ring roads around major cities to improve mobility and decongest cities.,High Confidence: Partial,0.702,Develop National Highways Infrastructure,2019
Focusing on Core Industries We have commissioned sections of RRTS between Delhi and Meerut. We will further expand these Developing Rare Earths and Strategic Mineral Industry services and launch other regional connectivity programmes to other major cities to ensure robust Promoting EVs,Low Confidence: Partial,0.5407,"We shall give the highest priority towards bringing the eastern parts of the country on par with the western parts. To that extent, there shall be special focus and emphasis on the development of the eastern side of India. Put special emphasis on enhancing the connectivity within the region and to the rest of the country and There will be special emphasis on massive infrastructure development, especially along the Line of Actual Control in Arunachal Pradesh and Sikkim.",2014
"We will focus on the technology and sustainability transition happening in steel, cement, metals, and connectivity and integrate the regional economies.",Moderate Confidence: Partial,0.6057,"Focus on development of energy infrastructure, human resource development and upgradation of technology.",2014
"engineering goods industries. We will support these industries to adopt greener manufacturing We will support exploration for rare earths and strategic minerals. We will develop partnerships with We have successfully facilitated the induction of over 30 lakh EVs, currently operational on our roads. We",Low Confidence: Partial,0.5496,"We will encourage domestic industry to have a larger share in design and production of military hardware and platforms for both domestic use and exports, in a competitive environment.",2014
"processes. countries having reserves of these minerals to secure our supply chain. We will support the processing MODI Expanding Metro Network will increase the fleets of EVs and will also establish EV charging stations. KI industries and manufacture of final products using rare earths and strategic minerals. Promoting Defence Manufacturing We have initiated metro in 20+ cities over the past decade, we will expand the metro network in major Making Bharat a Global Leader in Textile Manufacturing GUARANTEE FOR urban centres ensuring last mile connectivity.",Low Confidence: Highly Likely,0.5406,"We will look at urbanisation as an Opportunity rather than a Threat. Major steps will be undertaken in Transport and Housing for 'Urban Upliftment' in India. We will initiate building 100 new cities; enabled with the latest in technology and infrastructure - adhering to concepts like sustainability, walk to work etc, and focused on specialized domains.",2014
"We will vastly expand domestic defence manufacturing and exports of Made in Bharat defence equipment. This effort will be facilitated by accelerating indigenisation in major Air and Land Equipment Bharat has been a leader in textiles, garments, and apparels. We recognise the huge Expanding Bullet Trains Platforms. employment generating potential of these industries. Therefore, we will accelerate the efforts WORLD-CLASS made over the last ten years and take textile, garment, and apparel industries to the next We are constructing the first Bullet Train corridor in the country. Using the experience gained so far, we Positioning Bharat as a Global Railway Manufacturing Hub level. INFRASTRUCTURE will initiate feasibility studies for Bullet Train Corridors in North, South and East India.",Moderate Confidence: Partial,0.6145,Technology transfer in defence manufacturing will be encouraged to the maximum.,2014
"We will promote manufacturing, research, and development in the railway sector to make Bharat a We will successfully operationalize PM Mitra parks, invest in research and development of new Launch User Friendly Super App leading global railway manufacturing hub. products, simplify the legal and compliance regimes, invest in common amenities, invest in",Low Confidence: Partial,0.5191,"We will provide adequate resources under the Khelo India scheme to ensure the achievement of declared objectives. Under this scheme, special attention will be given to encourage sporting talent among women.",2019
"We will launch a Super App to provide all trains related services to users in a single app. infrastructure for textile industry, and launch special skilling programmes focussed on Making Bharat as Global Aviation Manufacturing and MRO Hub employment.",Indeterminate,0.448,We will launch Diamond Quadrilateral project - of High Speed Train network.,2014
We will bring a commercial aircraft manufacturing ecosystem to Bharat. For this we will design,Low Confidence: Partial,0.535,"have a human crewed submersible going to the deepest oceans that will facilitate sustainable use of resources. With a thrust on non-fossil fuels, our research mission in this area will reduce imports and make India a leader in new technologies",2019
"We will also make investments in our traditional textile industries to take our indigenous a Policy for Aerospace Manufacturing in the country and try to develop our own passenger We have transformed infrastructure in the past ten years in terms of quality, quantity and reach. industries and designs to the global stage.",Low Confidence: Partial,0.5524,"We will encourage domestic industry to have a larger share in design and production of military hardware and platforms for both domestic use and exports, in a competitive environment.",2014
aircraft. Every region of the country is experiencing the benefits of our efforts. We will continue these efforts so that our citizens can realise their full potential in life and livelihood. Lab Grown Diamonds,Low Confidence: Highly Likely,0.5521,"We shall modernize existing and operational Airports, and build new ones especially connecting smaller towns and all tourism circuits. In addition, there is a potential for inland air transportation to various remote and local locations in the country. Such air strips will be developed so that low cost air travelling becomes possible within the country.",2014
"We will strengthen the civil aviation ecosystem by encouraging Maintenance, Repairs and Overhaul (MRO) activities as well as Aircraft Financing and Leasing Activities institutions",Indeterminate,0.4935,"We shall modernize existing and operational Airports, and build new ones especially connecting smaller towns and all tourism circuits. In addition, there is a potential for inland air transportation to various remote and local locations in the country. Such air strips will be developed so that low cost air travelling becomes possible within the country.",2014
"We will make India the largest producer for lab-grown diamond production, embracing Providing Best in Class Experience in Railways through comprehensive government support programs under the Make in India initiative. cutting-edge technology and sustainable methods to drive economic growth and establish a leading position in the international market. Constructing New Tracks Promoting Ship Building",Low Confidence: Highly Likely,0.5322,"Accord high priority to the growth of manufacturing, so that we can create enough jobs in the country. This sector must grow fast to ensure employment and asset creation. We will facilitate setting up of software and hardware manufacturing units.",2014
Setting Up Bio-Manufacturing Hubs We will expand the railway network to increase capacity for passenger as well as cargo transportation.,Low Confidence: Partial,0.5293,Agri Rail network will be established - with Train Wagons designed to cater to the specific needs of perishable Agricultural products like milk and vegetables as well as light weight wagons for salt movement.,2014
"Global Manufacturing Hub We will ensure availability of dedicated research, designing and testing facilities across the country to We have constructed 31,000 km railway tracks in the last ten years. We are now adding 5000+ km of new promote shipbuilding under the Make in India initiative. For fostering high-performance biomanufacturing towards promoting a circular economy for green, Under the Make in India programme, manufacturing has emerged as a major economic sector with good tracks every year and will continue to add new tracks at this pace for the next few years. clean and prosperous Bharat by setting up of Bio-Manufacturing Hubs.",Moderate Confidence: Highly Likely,0.6437,We will set up World class Investment and Industrial regions as Global Hubs of Manufacturing.,2014
"success in electronics, defence, mobile, automobiles and more. We will work towards making Bharat a Strengthening Bharat’s Position as Pharmacy of the World Increasing Ticket Availability global manufacturing hub and enhance employment in these crucial sectors.",Low Confidence: Highly Likely,0.5315,"Accord high priority to the growth of manufacturing, so that we can create enough jobs in the country. This sector must grow fast to ensure employment and asset creation. We will facilitate setting up of software and hardware manufacturing units.",2014
We will strengthen Bharat’s position as the ‘Pharmacy of the World’ by boosting the,Low Confidence: Highly Likely,0.5925,"BJP is committed to strengthen self-Governance at the local level and we will empower Panchayati Raj Institutions with extensive devolution of the 3 Fs - Functions, Functionaries and Funds. --- Good performers amongst the Panchayats will be rewarded with additional developmental grants. ---- Strengthen the institution of the Gram Sabha, respecting their inputs and initiatives for development process. ---",2014
"We will significantly increase passenger carrying capacity by 2030 to significantly reduce the waiting list. Becoming Product Nation manufacturing and research capacities of the pharmaceutical sector, especially APIs. Expansion of Kavach Train Protection System",Low Confidence: Highly Likely,0.5755,Develop National logistics network for faster movement of goods.,2014
"We are a major engineering and design services hub in the world with many complex products being We will expand Research Linked Incentive schemes, encouraging companies to invest in",Moderate Confidence: Highly Likely,0.633,We will set up World class Investment and Industrial regions as Global Hubs of Manufacturing.,2014
"designed in Bharat. We will build on this strength to become a major Product Nation by combining our research for new drugs, chemical entities and new biological entities. We have indigenously developed Automatic Train Protection System Kavach and are rapidly expanding strength in product design services with manufacturing. its coverage. In the next few years, we will expand the manufacturing, design and installation of Kavach Making Bharat a Global Electronics Manufacturing Hub by 2030 Systems in a mission mode just as we electrified the railway network. Developing Robust Industrial Infrastructure In the last ten years we have established a USD 100+ billion electronics manufacturing Based on the principles of PM-Gatishakti, the government shall develop industrial cities in different industry. We have already become the second largest mobile phone manufacturer in the world. industrial corridors for balanced regional development. This shall promote industrialisation of backward Our policies have resulted in generating huge employment opportunities in this industry. regions of the country. 44",Low Confidence: Highly Likely,0.5349,"Railways Modernization, inducting of state-of-the-art technology.",2014
"We have already started redevelopment of 1,300+ railway stations to world class standards. We will Expanding PM Gram Sadak Yojana expand this project to all other major and medium sized stations.",Low Confidence: Unlikely,0.5907,Modernize and equip all stations with requisite infrastructure and public utilities.,2014
"We will extend the PM Gram Sadak Yojana to the remotest areas where there are settlements to ensure Expanding Coverage of New Age Trains improved connectivity and access to healthcare, education, government services and markets. We have developed and manufactured world class Vande Bharat, Amrit Bharat and Namo Bharat trains. Further Enhancing Road Safety",Low Confidence: Partial,0.5261,Establish institutes of Technology for Rural Development.,2014
We will further expand this network of new age trains.,Moderate Confidence: Highly Likely,0.6818,"Railways Modernization, inducting of state-of-the-art technology.",2014
"We will focus on further improving safety on roads through a series of techno legal interventions, Vande Sleeper Trains training and behavioural change to improve road safety.",Moderate Confidence: Unlikely,0.6067,"Prioritize Safety and invest in long required overhaul of stressed infrastructure, strict norms and warning systems.",2014
We will launch Vande Sleeper trains for a comfortable overnight journey. Expanding Expressways and ring roads,Low Confidence: Partial,0.5081,Agri Rail network will be established - with Train Wagons designed to cater to the specific needs of perishable Agricultural products like milk and vegetables as well as light weight wagons for salt movement.,2014
"High Frequency Trains for Regional Connectivity We will strengthen the modern road connectivity ecosystem to 15,000 km of access-controlled",Moderate Confidence: Highly Likely,0.6165,Hinterland will be connected to the ports through strategic new Rail networks.,2014
highways. We will construct ring roads around major cities to improve mobility and decongest cities.,High Confidence: Partial,0.702,Develop National Highways Infrastructure,2019
"We have commissioned sections of RRTS between Delhi and Meerut. We will further expand these services and launch other regional connectivity programmes to other major cities to ensure robust Promoting EVs connectivity and integrate the regional economies. We have successfully facilitated the induction of over 30 lakh EVs, currently operational on our roads. We MODI Expanding Metro Network will increase the fleets of EVs and will also establish EV charging stations. KI We have initiated metro in 20+ cities over the past decade, we will expand the metro network in major GUARANTEE FOR urban centres ensuring last mile connectivity. Expanding Bullet Trains WORLD-CLASS We are constructing the first Bullet Train corridor in the country. Using the experience gained so far, we INFRASTRUCTURE will initiate feasibility studies for Bullet Train Corridors in North, South and East India. Launch User Friendly Super App",Low Confidence: Highly Likely,0.5488,"We will look at urbanisation as an Opportunity rather than a Threat. Major steps will be undertaken in Transport and Housing for 'Urban Upliftment' in India. We will initiate building 100 new cities; enabled with the latest in technology and infrastructure - adhering to concepts like sustainability, walk to work etc, and focused on specialized domains.",2014
"We will launch a Super App to provide all trains related services to users in a single app. We have transformed infrastructure in the past ten years in terms of quality, quantity and reach.",Low Confidence: Highly Likely,0.562,"Railways Modernization, inducting of state-of-the-art technology.",2014
Every region of the country is experiencing the benefits of our efforts. We will continue these efforts so that our citizens can realise their full potential in life and livelihood. Providing Best in Class Experience in Railways Constructing New Tracks,Low Confidence: Highly Likely,0.5665,"Railways Modernization, inducting of state-of-the-art technology.",2014
"We will expand the railway network to increase capacity for passenger as well as cargo transportation. We have constructed 31,000 km railway tracks in the last ten years. We are now adding 5000+ km of new tracks every year and will continue to add new tracks at this pace for the next few years. Increasing Ticket Availability",Moderate Confidence: Highly Likely,0.6668,"Railways Modernization, inducting of state-of-the-art technology.",2014
"We will significantly increase passenger carrying capacity by 2030 to significantly reduce the waiting list. Expansion of Kavach Train Protection System We have indigenously developed Automatic Train Protection System Kavach and are rapidly expanding its coverage. In the next few years, we will expand the manufacturing, design and installation of Kavach Systems in a mission mode just as we electrified the railway network.",Low Confidence: Highly Likely,0.5024,Efficient public transport systems.,2014
45 45,Indeterminate,0.3562,Merged with 493,2014
"We have already started redevelopment of 1,300+ railway stations to world class standards. We will Expanding PM Gram Sadak Yojana expand this project to all other major and medium sized stations.",Low Confidence: Unlikely,0.5907,Modernize and equip all stations with requisite infrastructure and public utilities.,2014
"We will extend the PM Gram Sadak Yojana to the remotest areas where there are settlements to ensure Expanding Coverage of New Age Trains improved connectivity and access to healthcare, education, government services and markets. We have developed and manufactured world class Vande Bharat, Amrit Bharat and Namo Bharat trains. Further Enhancing Road Safety",Low Confidence: Partial,0.5261,Establish institutes of Technology for Rural Development.,2014
We will further expand this network of new age trains.,Moderate Confidence: Highly Likely,0.6818,"Railways Modernization, inducting of state-of-the-art technology.",2014
"We will focus on further improving safety on roads through a series of techno legal interventions, Vande Sleeper Trains training and behavioural change to improve road safety.",Moderate Confidence: Unlikely,0.6067,"Prioritize Safety and invest in long required overhaul of stressed infrastructure, strict norms and warning systems.",2014
We will launch Vande Sleeper trains for a comfortable overnight journey. Expanding Expressways and ring roads,Low Confidence: Partial,0.5081,Agri Rail network will be established - with Train Wagons designed to cater to the specific needs of perishable Agricultural products like milk and vegetables as well as light weight wagons for salt movement.,2014
"High Frequency Trains for Regional Connectivity We will strengthen the modern road connectivity ecosystem to 15,000 km of access-controlled",Moderate Confidence: Highly Likely,0.6165,Hinterland will be connected to the ports through strategic new Rail networks.,2014
highways. We will construct ring roads around major cities to improve mobility and decongest cities.,High Confidence: Partial,0.702,Develop National Highways Infrastructure,2019
"We have commissioned sections of RRTS between Delhi and Meerut. We will further expand these services and launch other regional connectivity programmes to other major cities to ensure robust Promoting EVs connectivity and integrate the regional economies. We have successfully facilitated the induction of over 30 lakh EVs, currently operational on our roads. We Expanding Metro Network will increase the fleets of EVs and will also establish EV charging stations. We have initiated metro in 20+ cities over the past decade, we will expand the metro network in major urban centres ensuring last mile connectivity. Expanding Bullet Trains We are constructing the first Bullet Train corridor in the country. Using the experience gained so far, we will initiate feasibility studies for Bullet Train Corridors in North, South and East India. Launch User Friendly Super App",Low Confidence: Highly Likely,0.5464,"We will look at urbanisation as an Opportunity rather than a Threat. Major steps will be undertaken in Transport and Housing for 'Urban Upliftment' in India. We will initiate building 100 new cities; enabled with the latest in technology and infrastructure - adhering to concepts like sustainability, walk to work etc, and focused on specialized domains.",2014
We will launch a Super App to provide all trains related services to users in a single app. Constructing New Tracks,Low Confidence: Partial,0.5384,Agri Rail network will be established - with Train Wagons designed to cater to the specific needs of perishable Agricultural products like milk and vegetables as well as light weight wagons for salt movement.,2014
"We will expand the railway network to increase capacity for passenger as well as cargo transportation. We have constructed 31,000 km railway tracks in the last ten years. We are now adding 5000+ km of new tracks every year and will continue to add new tracks at this pace for the next few years. Increasing Ticket Availability",Moderate Confidence: Highly Likely,0.6668,"Railways Modernization, inducting of state-of-the-art technology.",2014
"We will significantly increase passenger carrying capacity by 2030 to significantly reduce the waiting list. Expansion of Kavach Train Protection System We have indigenously developed Automatic Train Protection System Kavach and are rapidly expanding its coverage. In the next few years, we will expand the manufacturing, design and installation of Kavach Systems in a mission mode just as we electrified the railway network. 46",Low Confidence: Highly Likely,0.5052,Efficient public transport systems.,2014
"We have already started redevelopment of 1,300+ railway stations to world class standards. We will Expanding PM Gram Sadak Yojana expand this project to all other major and medium sized stations.",Low Confidence: Unlikely,0.5907,Modernize and equip all stations with requisite infrastructure and public utilities.,2014
"We will extend the PM Gram Sadak Yojana to the remotest areas where there are settlements to ensure Expanding Coverage of New Age Trains improved connectivity and access to healthcare, education, government services and markets. We have developed and manufactured world class Vande Bharat, Amrit Bharat and Namo Bharat trains. Further Enhancing Road Safety",Low Confidence: Partial,0.5261,Establish institutes of Technology for Rural Development.,2014
We will further expand this network of new age trains.,Moderate Confidence: Highly Likely,0.6818,"Railways Modernization, inducting of state-of-the-art technology.",2014
"We will focus on further improving safety on roads through a series of techno legal interventions, Vande Sleeper Trains training and behavioural change to improve road safety.",Moderate Confidence: Unlikely,0.6067,"Prioritize Safety and invest in long required overhaul of stressed infrastructure, strict norms and warning systems.",2014
We will launch Vande Sleeper trains for a comfortable overnight journey. Expanding Expressways and ring roads,Low Confidence: Partial,0.5081,Agri Rail network will be established - with Train Wagons designed to cater to the specific needs of perishable Agricultural products like milk and vegetables as well as light weight wagons for salt movement.,2014
"High Frequency Trains for Regional Connectivity We will strengthen the modern road connectivity ecosystem to 15,000 km of access-controlled",Moderate Confidence: Highly Likely,0.6165,Hinterland will be connected to the ports through strategic new Rail networks.,2014
highways. We will construct ring roads around major cities to improve mobility and decongest cities.,High Confidence: Partial,0.702,Develop National Highways Infrastructure,2019
"We have commissioned sections of RRTS between Delhi and Meerut. We will further expand these services and launch other regional connectivity programmes to other major cities to ensure robust Promoting EVs connectivity and integrate the regional economies. We have successfully facilitated the induction of over 30 lakh EVs, currently operational on our roads. We Expanding Metro Network will increase the fleets of EVs and will also establish EV charging stations. We have initiated metro in 20+ cities over the past decade, we will expand the metro network in major urban centres ensuring last mile connectivity. Expanding Bullet Trains We are constructing the first Bullet Train corridor in the country. Using the experience gained so far, we will initiate feasibility studies for Bullet Train Corridors in North, South and East India. Launch User Friendly Super App",Low Confidence: Highly Likely,0.5464,"We will look at urbanisation as an Opportunity rather than a Threat. Major steps will be undertaken in Transport and Housing for 'Urban Upliftment' in India. We will initiate building 100 new cities; enabled with the latest in technology and infrastructure - adhering to concepts like sustainability, walk to work etc, and focused on specialized domains.",2014
We will launch a Super App to provide all trains related services to users in a single app. Constructing New Tracks,Low Confidence: Partial,0.5384,Agri Rail network will be established - with Train Wagons designed to cater to the specific needs of perishable Agricultural products like milk and vegetables as well as light weight wagons for salt movement.,2014
"We will expand the railway network to increase capacity for passenger as well as cargo transportation. We have constructed 31,000 km railway tracks in the last ten years. We are now adding 5000+ km of new tracks every year and will continue to add new tracks at this pace for the next few years. Increasing Ticket Availability",Moderate Confidence: Highly Likely,0.6668,"Railways Modernization, inducting of state-of-the-art technology.",2014
"We will significantly increase passenger carrying capacity by 2030 to significantly reduce the waiting list. Expansion of Kavach Train Protection System We have indigenously developed Automatic Train Protection System Kavach and are rapidly expanding its coverage. In the next few years, we will expand the manufacturing, design and installation of Kavach Systems in a mission mode just as we electrified the railway network.",Low Confidence: Highly Likely,0.5024,Efficient public transport systems.,2014
47 47,Indeterminate,0.4189,Merged with 493,2014
"We will enhance air connectivity multifold by development and operationalization of new airports, We will achieve energy independence for Bharat by 2047 and reduce petroleum imports through a mix of helipads and aerodromes. electric mobility, network of charging stations, renewable energy production and improving energy efficiency. Ensuring the Modernisation of Airports Implementing PM Surya Ghar Muft Bijli Yojana",High Confidence: Highly Likely,0.716,"We shall modernize existing and operational Airports, and build new ones especially connecting smaller towns and all tourism circuits. In addition, there is a potential for inland air transportation to various remote and local locations in the country. Such air strips will be developed so that low cost air travelling becomes possible within the country.",2014
"We will transform airports into multi-modal hubs with integrated transit facilities such as buses, metro",Moderate Confidence: Highly Likely,0.6293,"We shall modernize existing and operational Airports, and build new ones especially connecting smaller towns and all tourism circuits. In addition, there is a potential for inland air transportation to various remote and local locations in the country. Such air strips will be developed so that low cost air travelling becomes possible within the country.",2014
"and rapid rail among others by effective use of PM Gatishakti National Master Plan. We will enable homes across Bharat to run devices like Electric Stoves, Fan, AC, TV among others and also enable EV charging through solar energy. Expansion of International Airports Increasing Ethanol Mix for Dual Benefits In line with our vision for enhanced connectivity and economic growth, we will expand the number of",Low Confidence: Partial,0.5943,Give a thrust to renewable sources of energy as an important component of India's energy mix.,2014
international airports. We have achieved record ethanol blending under the Ethanol Blended Petrol Programme. We will further increase ethanol blending in petrol to mitigate environmental degradation while providing additional Formulating a Master Plan for Airport Transformation income to farmers.,Moderate Confidence: Partial,0.6396,Strive to achieve 10% blending of ethanol in petrol,2019
"We will introduce the Amrit Kaal Civil Aviation Master Plan to transform our airports into regional Expanding Nuclear Energy international hubs, providing single-point connectivity to designated regions worldwide, with the vision",Low Confidence: Highly Likely,0.5567,"We shall modernize existing and operational Airports, and build new ones especially connecting smaller towns and all tourism circuits. In addition, there is a potential for inland air transportation to various remote and local locations in the country. Such air strips will be developed so that low cost air travelling becomes possible within the country.",2014
to position Bharat as the leading aviation ecosystem of South Asia. We will expand the nuclear energy component of Bharat’s energy mix through a focus on developing small modular reactors as well as increased investment in nuclear energy production. Accelerating Bharat's Renewable Energy Transition Strengthening Waterways and Shipping,Low Confidence: Partial,0.583,Give a thrust to renewable sources of energy as an important component of India's energy mix.,2014
"We will harness Bharat’s renewable energy potential, targeting 500 GW of renewable energy through Enhancing the Capacity of Inland Waterways the establishment of mega solar parks, wind parks and the Green Energy Corridor project among others.",High Confidence: Partial,0.7537,Give a thrust to renewable sources of energy as an important component of India's energy mix.,2014
"We will integrate inter-ministry initiatives like the National Waterway Project, Namami Gange, the Developing Battery Energy Storage System Infrastructure National River Conservation Plan, Jal Marg Vikas Project and Arth Ganga, among others, to double the",Low Confidence: Partial,0.5532,We will form a new Ministry of Water unifying the water management functions to approach the issue of water management,2019
"share of Inland Water Transport in transportation. We will incentivise private sector investment in large-scale Battery Energy Storage Systems (BESS) infrastructure for fostering renewable energy integration, grid stability and resilience, ensuring a Expanding Water Metro sustainable and reliable energy future for all.",Moderate Confidence: Highly Likely,0.6196,Develop waterways for passenger and cargo transport.,2014
"We will expand water metro services across all feasible regions, enhancing water-based public Increasing Green Hydrogen Production Capacity transportation networks and improving connectivity. With a clear focus on green hydrogen, we will invest in expanding production, developing technologies Building a Homegrown Shipping Industry and aim to become a major green hydrogen production hub.",Low Confidence: Highly Likely,0.5389,"Upgrading housing, water and health facilities.",2014
We will revamp the legal framework to enable faster growth of our Shipping industry to become globally Establishing Smart Grid competitive.,Low Confidence: Partial,0.5445,We will simultaneously reform the legal system to make it more accessible to the common man. Make legal information open and freely accessible. Run legal awareness programmes and introduce in school curriculum - making the common man aware of his rights and duties,2014
"We will establish nationwide smart grids integrated with advanced technology, including smart meters and control centres, for efficient and intelligent energy management. Digital Infrastructure Global Manufacturing Hub in Renewable Energy Facilitating Digital Revolution by 6G",Low Confidence: Partial,0.5267,"Ensuring a right mix of energy which leads towards a cleaner environment, 8. We will install renewable energy capacity of GW by",2019
"We will set up a Centre of Excellence for clean energy technologies and position the country as Global Manufacturing Hub for Wind, Solar and Green Hydrogen and scale up Bio-Energy Manufacturing facilities",Moderate Confidence: Partial,0.6314,"Ensuring a right mix of energy which leads towards a cleaner environment, 8. We will install renewable energy capacity of GW by",2019
We will expand the 5G networks and take the lead in the development of 6G technology. from all sorts of waste. Expanding Bharat Net,Indeterminate,0.4717,"We shall work with the State governments to usher in the GST in an appropriate timeframe. For implementing the same, a robust IT network system will be put in place.",2014
"We have connected over 2 lakh Gram Panchayats with BharatNet. We will expand BharatNet to every village with broadband, making high-speed internet accessible to all. Land Records Digitization",Low Confidence: Highly Likely,0.5754,Focus on increasing the penetration and usage of broadband across the country. Deployment of broadband in every village would be a thrust area.,2014
We will implement next generation ‘Land Record Digitization’ and the integration of various institutions like Revenue Courts and Registration Offices. 48,High Confidence: Partial,0.7441,Work Towards Digitizing Land Records,2019
"We will enhance air connectivity multifold by development and operationalization of new airports, We will achieve energy independence for Bharat by 2047 and reduce petroleum imports through a mix of helipads and aerodromes. electric mobility, network of charging stations, renewable energy production and improving energy efficiency. Ensuring the Modernisation of Airports Implementing PM Surya Ghar Muft Bijli Yojana",High Confidence: Highly Likely,0.716,"We shall modernize existing and operational Airports, and build new ones especially connecting smaller towns and all tourism circuits. In addition, there is a potential for inland air transportation to various remote and local locations in the country. Such air strips will be developed so that low cost air travelling becomes possible within the country.",2014
"We will transform airports into multi-modal hubs with integrated transit facilities such as buses, metro",Moderate Confidence: Highly Likely,0.6293,"We shall modernize existing and operational Airports, and build new ones especially connecting smaller towns and all tourism circuits. In addition, there is a potential for inland air transportation to various remote and local locations in the country. Such air strips will be developed so that low cost air travelling becomes possible within the country.",2014
"and rapid rail among others by effective use of PM Gatishakti National Master Plan. We will enable homes across Bharat to run devices like Electric Stoves, Fan, AC, TV among others and also enable EV charging through solar energy. Expansion of International Airports Increasing Ethanol Mix for Dual Benefits In line with our vision for enhanced connectivity and economic growth, we will expand the number of",Low Confidence: Partial,0.5943,Give a thrust to renewable sources of energy as an important component of India's energy mix.,2014
international airports. We have achieved record ethanol blending under the Ethanol Blended Petrol Programme. We will further increase ethanol blending in petrol to mitigate environmental degradation while providing additional Formulating a Master Plan for Airport Transformation income to farmers.,Moderate Confidence: Partial,0.6396,Strive to achieve 10% blending of ethanol in petrol,2019
"We will introduce the Amrit Kaal Civil Aviation Master Plan to transform our airports into regional Expanding Nuclear Energy international hubs, providing single-point connectivity to designated regions worldwide, with the vision",Low Confidence: Highly Likely,0.5567,"We shall modernize existing and operational Airports, and build new ones especially connecting smaller towns and all tourism circuits. In addition, there is a potential for inland air transportation to various remote and local locations in the country. Such air strips will be developed so that low cost air travelling becomes possible within the country.",2014
to position Bharat as the leading aviation ecosystem of South Asia. We will expand the nuclear energy component of Bharat’s energy mix through a focus on developing small modular reactors as well as increased investment in nuclear energy production. Accelerating Bharat's Renewable Energy Transition Strengthening Waterways and Shipping,Low Confidence: Partial,0.583,Give a thrust to renewable sources of energy as an important component of India's energy mix.,2014
"We will harness Bharat’s renewable energy potential, targeting 500 GW of renewable energy through Enhancing the Capacity of Inland Waterways the establishment of mega solar parks, wind parks and the Green Energy Corridor project among others.",High Confidence: Partial,0.7537,Give a thrust to renewable sources of energy as an important component of India's energy mix.,2014
"We will integrate inter-ministry initiatives like the National Waterway Project, Namami Gange, the Developing Battery Energy Storage System Infrastructure National River Conservation Plan, Jal Marg Vikas Project and Arth Ganga, among others, to double the",Low Confidence: Partial,0.5532,We will form a new Ministry of Water unifying the water management functions to approach the issue of water management,2019
"share of Inland Water Transport in transportation. We will incentivise private sector investment in large-scale Battery Energy Storage Systems (BESS) infrastructure for fostering renewable energy integration, grid stability and resilience, ensuring a Expanding Water Metro sustainable and reliable energy future for all.",Moderate Confidence: Highly Likely,0.6196,Develop waterways for passenger and cargo transport.,2014
"We will expand water metro services across all feasible regions, enhancing water-based public Increasing Green Hydrogen Production Capacity transportation networks and improving connectivity. With a clear focus on green hydrogen, we will invest in expanding production, developing technologies Building a Homegrown Shipping Industry and aim to become a major green hydrogen production hub.",Low Confidence: Highly Likely,0.5389,"Upgrading housing, water and health facilities.",2014
We will revamp the legal framework to enable faster growth of our Shipping industry to become globally Establishing Smart Grid competitive.,Low Confidence: Partial,0.5445,We will simultaneously reform the legal system to make it more accessible to the common man. Make legal information open and freely accessible. Run legal awareness programmes and introduce in school curriculum - making the common man aware of his rights and duties,2014
"We will establish nationwide smart grids integrated with advanced technology, including smart meters and control centres, for efficient and intelligent energy management. Digital Infrastructure Global Manufacturing Hub in Renewable Energy Facilitating Digital Revolution by 6G",Low Confidence: Partial,0.5267,"Ensuring a right mix of energy which leads towards a cleaner environment, 8. We will install renewable energy capacity of GW by",2019
"We will set up a Centre of Excellence for clean energy technologies and position the country as Global Manufacturing Hub for Wind, Solar and Green Hydrogen and scale up Bio-Energy Manufacturing facilities",Moderate Confidence: Partial,0.6314,"Ensuring a right mix of energy which leads towards a cleaner environment, 8. We will install renewable energy capacity of GW by",2019
We will expand the 5G networks and take the lead in the development of 6G technology. from all sorts of waste. Expanding Bharat Net,Indeterminate,0.4717,"We shall work with the State governments to usher in the GST in an appropriate timeframe. For implementing the same, a robust IT network system will be put in place.",2014
"We have connected over 2 lakh Gram Panchayats with BharatNet. We will expand BharatNet to every village with broadband, making high-speed internet accessible to all. Land Records Digitization",Low Confidence: Highly Likely,0.5754,Focus on increasing the penetration and usage of broadband across the country. Deployment of broadband in every village would be a thrust area.,2014
We will implement next generation ‘Land Record Digitization’ and the integration of various institutions like Revenue Courts and Registration Offices.,High Confidence: Partial,0.7146,Work Towards Digitizing Land Records,2019
49 49,Indeterminate,0.4103,Merged with 493,2014
"We will create water-secure cities, leveraging best practices for wastewater treatment, aquifer recharge and smart metering for bulk consumers. Promoting Cooperative Urban Governance",High Confidence: Partial,0.727,"Promote decentralized, demand-driven, community- managed water resource management, water supply and environmental sanitation.",2014
We will begin long-term infrastructure projects with centre-state-city partnerships with a vision to revitalise our urban landscapes and enhance the quality of life for our citizens. Developing Sustainable Cities,Moderate Confidence: Highly Likely,0.6361,"Upgrade existing urban centres, transitioning focus from basic infrastructure to public utility services like Waste and Water Management - for a clean and healthy city life. Cleanliness and Sanitation will be given priority - efficient Waste and Water management systems will be set up. Model towns will be identified for rolling out integrated waste management infrastructure.",2014
"We will develop more green spaces like parks, playgrounds etc., reviving water bodies and developing natural spaces to make cities more adaptable, sustainable and people-friendly. Open Landfill Free Cities MODI KI",Moderate Confidence: Highly Likely,0.6326,"Upgrade existing urban centres, transitioning focus from basic infrastructure to public utility services like Waste and Water Management - for a clean and healthy city life. Cleanliness and Sanitation will be given priority - efficient Waste and Water management systems will be set up. Model towns will be identified for rolling out integrated waste management infrastructure.",2014
We will continue eliminating open landfills to manage all kinds of waste being produced in Bharat through ‘Waste to Wealth Mission’. GUARANTEE FOR Strengthening the Urban Land Record Systems,High Confidence: Partial,0.728,"Sustainable Solid Waste Management in every village. Through the mission, we will ensure 100% disposal of liquid waste through emphasis on faecal sludge management and reuse of waste water in rural, peri urban and unsewered areas",2019
EASE OF LIVING IN We will undertake the creation of the Digital Urban Land Records System. CITIES Encouraging Modern Regulatory Framework,High Confidence: Partial,0.721,Work Towards Digitizing Land Records,2019
"We will work with state governments and cities to encourage them to create a modern set of legislation, by-laws and urban planning processes using technology. Global Conference and Exhibition Hubs",Moderate Confidence: Partial,0.6188,We will put in place a mechanism that will ensure that the Central and state governments work in close coordination and synergy while giving clearances to mega projects.,2014
"We will create big convention centres across cities and make Bharat into a global destination for Our vision is to provide a world-class infrastructure in all cities and promote sustainable living. conferences and exhibitions. Urban Governance Curriculum Promoting Affordable Housing To ensure all round development of cities, we will create a fresh curriculum to teach urban finance, urban",Low Confidence: Highly Likely,0.5212,"This will be a high priority area for BJP that IT touches the lives of ordinary men and women. ---BJP aims to nurture a Digital India -making every household and every individual digitally empowered.-- BJP aims to make every household digitally literate with a goal to make India the Global Knowledge hub, with IT being a major driver and engine of growth.",2014
"We will strengthen the RERA act which has helped make the real estate sector in Bharat more infrastructure, urban environmental protection, urban water management, urban transport and more. transparent and citizen friendly than ever before. Further, we will facilitate home ownership for middle-income families through comprehensive measures including cost reduction in construction and registration, regulatory reforms like enabling automatic approvals for standard housing designs and promoting mixed-use housing. New Satellite Townships",Moderate Confidence: Highly Likely,0.6044,"A full-fledged programme for 'Rural Rejuvenation' will be made and implemented which will comprise of integrated strategies for personal, economic and social well-being of the villagers. Through the idea of Rurban, we will bring urban amenities to our rural areas, while retaining the soul of the village. Major thrust area for rural development would be to improve village level infrastructure in terms of roads, potable water, education, health, supply chain, electricity, broadband, job creation, security in rural areas and linkage to markets.",2014
We will encourage the creation of new satellite townships near metro cities across India through a,Low Confidence: Highly Likely,0.5345,Harness our advanced satellite technology and expertise for development.,2014
combination of reforms and policy initiatives. We will encourage mixed use and transit oriented development through the same. Expanding Piped Natural Gas Connections,Low Confidence: Partial,0.5918,"Take Steps to increase the domestic coal exploration and production, to bridge the demand and supply gap. Oil and gas explorations would also be expedited in the country. This will also help to reduce the import bill.",2014
We have provided piped gas connections to around 1.1 crore households nationwide. We will further expand this programme to all major cities and towns. Ensuring Ease of Mobility,Moderate Confidence: Partial,0.6505,Ensure LPG gas cylinder connection to all poor rural households,2019
We will create unified metropolitan transport systems that integrate multi-modal transport facilities,High Confidence: Highly Likely,0.7495,Efficient public transport systems.,2014
and reduce commute time in cities. We will implement AI technologies for traffic management and transport efficiency. 50,Moderate Confidence: Highly Likely,0.6842,Efficient public transport systems.,2014
"We will create water-secure cities, leveraging best practices for wastewater treatment, aquifer recharge and smart metering for bulk consumers. Promoting Cooperative Urban Governance",High Confidence: Partial,0.727,"Promote decentralized, demand-driven, community- managed water resource management, water supply and environmental sanitation.",2014
We will begin long-term infrastructure projects with centre-state-city partnerships with a vision to revitalise our urban landscapes and enhance the quality of life for our citizens. Developing Sustainable Cities,Moderate Confidence: Highly Likely,0.6361,"Upgrade existing urban centres, transitioning focus from basic infrastructure to public utility services like Waste and Water Management - for a clean and healthy city life. Cleanliness and Sanitation will be given priority - efficient Waste and Water management systems will be set up. Model towns will be identified for rolling out integrated waste management infrastructure.",2014
"We will develop more green spaces like parks, playgrounds etc., reviving water bodies and developing natural spaces to make cities more adaptable, sustainable and people-friendly. Open Landfill Free Cities",Moderate Confidence: Highly Likely,0.6204,"Upgrade existing urban centres, transitioning focus from basic infrastructure to public utility services like Waste and Water Management - for a clean and healthy city life. Cleanliness and Sanitation will be given priority - efficient Waste and Water management systems will be set up. Model towns will be identified for rolling out integrated waste management infrastructure.",2014
We will continue eliminating open landfills to manage all kinds of waste being produced in Bharat through ‘Waste to Wealth Mission’. Strengthening the Urban Land Record Systems,High Confidence: Partial,0.7238,"Sustainable Solid Waste Management in every village. Through the mission, we will ensure 100% disposal of liquid waste through emphasis on faecal sludge management and reuse of waste water in rural, peri urban and unsewered areas",2019
We will undertake the creation of the Digital Urban Land Records System. Encouraging Modern Regulatory Framework,High Confidence: Partial,0.7647,Work Towards Digitizing Land Records,2019
"We will work with state governments and cities to encourage them to create a modern set of legislation, by-laws and urban planning processes using technology. Global Conference and Exhibition Hubs",Moderate Confidence: Partial,0.6188,We will put in place a mechanism that will ensure that the Central and state governments work in close coordination and synergy while giving clearances to mega projects.,2014
"We will create big convention centres across cities and make Bharat into a global destination for conferences and exhibitions. Urban Governance Curriculum Promoting Affordable Housing To ensure all round development of cities, we will create a fresh curriculum to teach urban finance, urban",Low Confidence: Partial,0.5724,Set up neighbourhood Children's/ Youth Parliament across India that leads to vibrant student committees leading to development,2014
"We will strengthen the RERA act which has helped make the real estate sector in Bharat more infrastructure, urban environmental protection, urban water management, urban transport and more. transparent and citizen friendly than ever before. Further, we will facilitate home ownership for middle-income families through comprehensive measures including cost reduction in construction and registration, regulatory reforms like enabling automatic approvals for standard housing designs and promoting mixed-use housing. New Satellite Townships",Moderate Confidence: Highly Likely,0.6044,"A full-fledged programme for 'Rural Rejuvenation' will be made and implemented which will comprise of integrated strategies for personal, economic and social well-being of the villagers. Through the idea of Rurban, we will bring urban amenities to our rural areas, while retaining the soul of the village. Major thrust area for rural development would be to improve village level infrastructure in terms of roads, potable water, education, health, supply chain, electricity, broadband, job creation, security in rural areas and linkage to markets.",2014
We will encourage the creation of new satellite townships near metro cities across India through a,Low Confidence: Highly Likely,0.5345,Harness our advanced satellite technology and expertise for development.,2014
combination of reforms and policy initiatives. We will encourage mixed use and transit oriented development through the same. Expanding Piped Natural Gas Connections,Low Confidence: Partial,0.5918,"Take Steps to increase the domestic coal exploration and production, to bridge the demand and supply gap. Oil and gas explorations would also be expedited in the country. This will also help to reduce the import bill.",2014
We have provided piped gas connections to around 1.1 crore households nationwide. We will further expand this programme to all major cities and towns. Ensuring Ease of Mobility,Moderate Confidence: Partial,0.6505,Ensure LPG gas cylinder connection to all poor rural households,2019
We will create unified metropolitan transport systems that integrate multi-modal transport facilities,High Confidence: Highly Likely,0.7495,Efficient public transport systems.,2014
and reduce commute time in cities. We will implement AI technologies for traffic management and transport efficiency.,Moderate Confidence: Partial,0.6905,"Create a public transport system, which can reduce the dependence on personal vehicles for transport, thereby, reducing cost, time to travel as well as ecological cost.",2014
51 51,Indeterminate,0.395,Poshan Abhiyaan.,2019
"We will expedite the construction of the Yuge Yugeen Bharat National Museum, featuring millenia of Bharatiya history and work towards making it one of the most liked museums in the world. Developing Legal Standards For Cultural IP Protection",Low Confidence: Highly Likely,0.5964,"Deploy IT to protect India's priceless cultural and artistic heritage, which includes digitization of all archives and museology.",2014
We will collaborate with domestic and international organizations like WIPO & UNESCO to develop harmonised legal standards for cultural IP protection. Translating Bharatiya Literary Works into Foreign Languages,Low Confidence: Partial,0.5622,"Languages: Indian Languages are repositories of our rich literature, history, culture, art and scientific achievements. Many of our dialects are important source for knowing our heritage. BJP would promote Indian languages, and put measures for the development of all Indian languages, so that they become a powerful vehicle for creating a knowledge society.",2014
We will support the translation and adaptation of ancient Bhartiya literary works into foreign languages. International Conclave on Bharatiya Knowledge Traditions,Moderate Confidence: Partial,0.6854,"Languages: Indian Languages are repositories of our rich literature, history, culture, art and scientific achievements. Many of our dialects are important source for knowing our heritage. BJP would promote Indian languages, and put measures for the development of all Indian languages, so that they become a powerful vehicle for creating a knowledge society.",2014
We will organise a Triennial International Conclave on Bharatiya Knowledge Traditions. Developing ASI Monuments,Low Confidence: Highly Likely,0.5317,"Indigenous knowledge, based on our long and rich tradition will be further developed and harnessed for the purpose of wealth and employment generation",2014
"We will restore and preserve culturally important Archaeological Survey of India Monuments, re-igniting MODI KI our rich heritage for the 21st century. Strengthen Swadesh Darshan Programme GUARANTEE FOR We have launched a Swadesh Darshan programme for comprehensive development of tourist",Moderate Confidence: Highly Likely,0.6291,"Heritage Sites: We will provide appropriate resources for the maintenance and restoration of all national heritage sites, and to prevent their vandalisation in any form. The digitization of archives and archeological and museological records would be initiated. A National Mission for beautifying and improving the infrastructure and amenities at pilgrimage centres of all faiths will be launched.",2014
"destinations. We will work with state governments to implement and further strengthen this VIRASAT BHI,",Moderate Confidence: Partial,0.6167,"Government will play the role of an enabler and a facilitator to the rapid progress of the states; planning along regional aspirations, strengths and potentials, evolving appropriate strategies for various zones of the country - hilly regions, plains, desert and coastal areas.",2014
"programme. We will include destinations and circuits covering the life and travels of important saints and philosophers. VIKAS BHI Developing Thematic Circuits for promoting cultural experience For Border Villages to experience their lifestyle and culture Sustainable ecotourism in select under-explored regions spread across Bharat. Riverine Tourism along all major river ecosystems of Bharat. Island tourism hubs in Lakshadweep and Andaman and Nicobar Islands. Our vision of Virasat bhi, Vikas bhi is to shape a future where our traditions inspire and Adventure Tourism in the North East and other Hill States. unite people across the world. Promoting ‘Wed In India’",Moderate Confidence: Highly Likely,0.6169,"Initiate a mission mode project to create 50 tourist circuits that are affordable and built around themes like: a.) Archaeological and Heritage, b.) Cultural and Spiritual, c.) Himalayan, d.) Desert, e.) Coastal, f.) Medical (Ayurveda and Modern Medicine), etc.",2014
"Developing Our Religious and Cultural Sites We will promote select destinations across Bharat as preferred venues to showcase the richness of Bharatiya weddings, highlighting the vibrant traditions, and supporting cultural exchanges.",Low Confidence: Highly Likely,0.5597,"Heritage Sites: We will provide appropriate resources for the maintenance and restoration of all national heritage sites, and to prevent their vandalisation in any form. The digitization of archives and archeological and museological records would be initiated. A National Mission for beautifying and improving the infrastructure and amenities at pilgrimage centres of all faiths will be launched.",2014
"We will undertake significant new projects to develop religious and tourist sites inspired by the Kashi Vishwanath corridor model, across the length and breadth of our country. Holistic Development of Ayodhya As millions of devotees from around the world visit Shri Ram Lalla in Ayodhya, we are committed to the holistic development of the city. Continue the Preservation and Study of Bharatiya Manuscripts",Moderate Confidence: Partial,0.6614,To explore all possibilities within the framework of the constitution to facilitate the construction of the Ram Temple in Ayodhya.,2014
We will continue to digitise all Bharatiya manuscripts and epigraphs in mission mode. We will establish a dedicated scholarship programme to research ancient Bharatiya manuscripts and epigraphs. Establishing Bharatiya Sanskriti Kosh,Low Confidence: Highly Likely,0.5382,"Deploy IT to protect India's priceless cultural and artistic heritage, which includes digitization of all archives and museology.",2014
"We will establish the Bharatiya Sanskriti Kosh to ensure the preservation and protection of ancient Bharatiya civilization, classical languages, culture, and traditions through the extensive use of technology.",Low Confidence: Partial,0.5812,BJP is committed to the preservation of the rich culture and heritage of India's minority communities; alongside their social and economic empowerment. Curate their rich heritage and culture - maintenance and restoration of heritage sites; digitization of archives; preservation and promotion of Urdu.,2014
52 52,Indeterminate,0.3912,Poshan Abhiyaan.,2019
"We will expedite the construction of the Yuge Yugeen Bharat National Museum, featuring millenia of Bharatiya history and work towards making it one of the most liked museums in the world. Developing Legal Standards For Cultural IP Protection",Low Confidence: Highly Likely,0.5964,"Deploy IT to protect India's priceless cultural and artistic heritage, which includes digitization of all archives and museology.",2014
We will collaborate with domestic and international organizations like WIPO & UNESCO to develop harmonised legal standards for cultural IP protection. Translating Bharatiya Literary Works into Foreign Languages,Low Confidence: Partial,0.5622,"Languages: Indian Languages are repositories of our rich literature, history, culture, art and scientific achievements. Many of our dialects are important source for knowing our heritage. BJP would promote Indian languages, and put measures for the development of all Indian languages, so that they become a powerful vehicle for creating a knowledge society.",2014
We will support the translation and adaptation of ancient Bhartiya literary works into foreign languages. International Conclave on Bharatiya Knowledge Traditions,Moderate Confidence: Partial,0.6854,"Languages: Indian Languages are repositories of our rich literature, history, culture, art and scientific achievements. Many of our dialects are important source for knowing our heritage. BJP would promote Indian languages, and put measures for the development of all Indian languages, so that they become a powerful vehicle for creating a knowledge society.",2014
We will organise a Triennial International Conclave on Bharatiya Knowledge Traditions. Developing ASI Monuments,Low Confidence: Highly Likely,0.5317,"Indigenous knowledge, based on our long and rich tradition will be further developed and harnessed for the purpose of wealth and employment generation",2014
"We will restore and preserve culturally important Archaeological Survey of India Monuments, re-igniting our rich heritage for the 21st century. Strengthen Swadesh Darshan Programme We have launched a Swadesh Darshan programme for comprehensive development of tourist",Moderate Confidence: Highly Likely,0.6347,"Heritage Sites: We will provide appropriate resources for the maintenance and restoration of all national heritage sites, and to prevent their vandalisation in any form. The digitization of archives and archeological and museological records would be initiated. A National Mission for beautifying and improving the infrastructure and amenities at pilgrimage centres of all faiths will be launched.",2014
destinations. We will work with state governments to implement and further strengthen this,Moderate Confidence: Partial,0.6938,"Government will play the role of an enabler and a facilitator to the rapid progress of the states; planning along regional aspirations, strengths and potentials, evolving appropriate strategies for various zones of the country - hilly regions, plains, desert and coastal areas.",2014
programme. We will include destinations and circuits covering the life and travels of important saints and philosophers. Developing Thematic Circuits for promoting cultural experience For Border Villages to experience their lifestyle and culture Sustainable ecotourism in select under-explored regions spread across Bharat. Riverine Tourism along all major river ecosystems of Bharat. Island tourism hubs in Lakshadweep and Andaman and Nicobar Islands. Adventure Tourism in the North East and other Hill States. Promoting ‘Wed In India’,Moderate Confidence: Highly Likely,0.6352,"Initiate a mission mode project to create 50 tourist circuits that are affordable and built around themes like: a.) Archaeological and Heritage, b.) Cultural and Spiritual, c.) Himalayan, d.) Desert, e.) Coastal, f.) Medical (Ayurveda and Modern Medicine), etc.",2014
"Developing Our Religious and Cultural Sites We will promote select destinations across Bharat as preferred venues to showcase the richness of Bharatiya weddings, highlighting the vibrant traditions, and supporting cultural exchanges.",Low Confidence: Highly Likely,0.5597,"Heritage Sites: We will provide appropriate resources for the maintenance and restoration of all national heritage sites, and to prevent their vandalisation in any form. The digitization of archives and archeological and museological records would be initiated. A National Mission for beautifying and improving the infrastructure and amenities at pilgrimage centres of all faiths will be launched.",2014
"We will undertake significant new projects to develop religious and tourist sites inspired by the Kashi Vishwanath corridor model, across the length and breadth of our country. Holistic Development of Ayodhya As millions of devotees from around the world visit Shri Ram Lalla in Ayodhya, we are committed to the holistic development of the city. Continue the Preservation and Study of Bharatiya Manuscripts",Moderate Confidence: Partial,0.6614,To explore all possibilities within the framework of the constitution to facilitate the construction of the Ram Temple in Ayodhya.,2014
We will continue to digitise all Bharatiya manuscripts and epigraphs in mission mode. We will establish a dedicated scholarship programme to research ancient Bharatiya manuscripts and epigraphs. Establishing Bharatiya Sanskriti Kosh,Low Confidence: Highly Likely,0.5382,"Deploy IT to protect India's priceless cultural and artistic heritage, which includes digitization of all archives and museology.",2014
"We will establish the Bharatiya Sanskriti Kosh to ensure the preservation and protection of ancient Bharatiya civilization, classical languages, culture, and traditions through the extensive use of technology.",Low Confidence: Partial,0.5812,BJP is committed to the preservation of the rich culture and heritage of India's minority communities; alongside their social and economic empowerment. Curate their rich heritage and culture - maintenance and restoration of heritage sites; digitization of archives; preservation and promotion of Urdu.,2014
53 53,Indeterminate,0.391,Poshan Abhiyaan.,2019
We will take further steps to facilitate fiscal autonomy and sustainability of Panchayati Raj Institutions. Accelerating e-Courts on Mission Mode,Low Confidence: Partial,0.5395,Ensure fiscal autonomy of States while urging financial discipline.,2014
Formulating a National Litigation Policy We will accelerate the e-Courts Mission Mode Project to complete the digitisation of entire court records and for easy access to court proceedings online.,Moderate Confidence: Partial,0.6564,Achieve complete digitisation and modernisation of courts,2019
"We will formulate a National Litigation Policy to expedite the resolution of all matters in courts, lower the cost of contested court proceedings, and decrease the number of cases in which the government is Expedite the Resolution of Old Cases a party and the consequent load on the courts.",High Confidence: Partial,0.8314,"Implement the National Litigation Policy in letter and spirit to reduce average pendency time of cases. Review and reduce significantly the number of cases, in which the Government is a litigant in the next five years.",2014
We will establish fast track courts for quick disposal of pendency in identified areas. Initiating Reforms in the Civil Procedures Creation of Ecosystem for Alternate Dispute Resolution,Moderate Confidence: Partial,0.6826,"Accord high priority to judicial reforms to address the issue of appointment of judges, filling the vacancies Opening new courts, setting up a mechanism for speedy clearance of the backlog of cases at various levels in the judiciary.",2014
"We will completely overhaul the commercial and civil justice systems, on the lines of criminal justice",Moderate Confidence: Highly Likely,0.678,"Reform the criminal justice system to make dispensation of justice simpler, quicker and more effective and after examining the recommendations of the earlier reports on this subject.",2014
"We will work towards further improving the legal framework to promote arbitration and mediation reforms. This revamp will aim to streamline procedures, enhance the efficiency of legal processes and ecosystem. ensure timely justice, fostering a more business-friendly and citizen-centric legal environment. Improving Delivery of Public Services",Moderate Confidence: Highly Likely,0.6904,"Reform the criminal justice system to make dispensation of justice simpler, quicker and more effective and after examining the recommendations of the earlier reports on this subject.",2014
We will improve public services delivery through CSCs and Post Offices using technology. We will use,Low Confidence: Highly Likely,0.5205,Use technology to reduce Transmission and distribution losses.,2014
Bhashini to provide services in multiple Indian languages. We will increase participation of citizens in policy making through platforms like MyGov. MODI KI Strengthen Statistical Institutions,High Confidence: Highly Likely,0.7069,Promote e-Bhasha - National Mission for the promotion of IT in Indian Languages.,2014
"We will further strengthen the capacity of statistical institutions to give an impetus to data driven policy GUARANTEE FOR making. GOOD GOVERNANCE Making One Nation, One Election a Reality We have set up a High Powered Committee to examine the issues of conducting simultaneous elections and will work towards the implementation of the recommendations of the Committee. ‘Reform, Perform, Transform’ is our mantra for Good Governance. We have used a mix of Introducing Common Electoral Roll policies, technology, and simpler processes to ensure good governance in the last ten years.",Low Confidence: Partial,0.5107,We will formulate a ‘National Policy for Reskilling and Upskilling’ to evolve a flexible and industry responsive workforce which is capable of accessing new opportunities and to insulate it from technological shocks,2019
"These initiatives have made the governance more efficient and have reduced corruption at all We will make provisions for a common Electoral Roll for all levels of elections. levels of governance from the top to everyday transactions carried out by citizens. Our Vision for good governance is to further simplify the processes, procedures, rules and regulations in such a way that we are able to take the government out of the everyday lives of normal",Moderate Confidence: Partial,0.6175,Hallmarks of our Governance model would be:,2014
citizens. We will undertake more institutional reforms and simplify processes using Capacity Building for All Central Government Employees technology to ensure that citizen-government interaction is significantly improved.,Low Confidence: Highly Likely,0.5961,Administrative reforms will be a priority for the BJP. ---The administration and its members will be made truly accountable to their tasks as well as the people through rigorous evaluation process.. ---,2014
"We will expand the Karmyogi Scheme to cover all Central Government employees, promoting a Institutional Reforms responsive, highly competent and tech-savvy workforce for efficient and inclusive governance. Combating Corruption Modernising Police Forces In contrast with the previous government, we have given transparent and accountable governance to",Low Confidence: Partial,0.5618,We will expand the Pradhan Mantri Shram Yogi Maandhan scheme,2019
"We will assist states in transforming the police into a tech-savvy, tech-trained and tech-equipped force",High Confidence: Partial,0.8064,"We will work with the states to empower Police with the authority, independence and resources. Facilitate training and capacity building of Police forces Modernize the police force, equipping them with the latest technology. Initiate the networking of police stations across the country for intelligence sharing and crime control. Develop specialized expertise in investigation; through continuous training, especially in evolving competencies. Strengthen Investigations, making them Swift, Transparent, Fair, Clear and Decisive - acting as an inescapable deterrent to wrong- doers and a protective shield to the innocent. Overhaul our intelligence set up, with special focus on coordination and integration of human and technological intel - comprehensively gearing it towards collecting real time, specific and actionable inputs.",2014
"our citizens. We will continue our fight against corruption through strict implementation of laws and use through the Police Modernization Scheme. of technology. Bringing Uniform Civil Code Article 44 of the Constitution lists Uniform Civil Code as one of the Directive Principles of State Policy. BJP believes that there cannot be gender equality till such time Bharat adopts a Uniform Civil Code, which protects the rights of all women, and the BJP reiterates its stand to draw a Uniform Civil Code, drawing upon the best traditions and harmonising them with the modern times. 54",High Confidence: Partial,0.8628,"Article 44 of the constitution of India lists Uniform Civil Code as one of the Directive Principles of state policy. BJP believes that there cannot be gender equality till such time India adopts a Uniform Civil Code, which protects the rights of all women, and the BJP reiterates its stand to draft a Uniform Civil Code, drawing upon the best traditions and harmonizing them with the modern times.",2014
We will take further steps to facilitate fiscal autonomy and sustainability of Panchayati Raj Institutions. Accelerating e-Courts on Mission Mode,Low Confidence: Partial,0.5395,Ensure fiscal autonomy of States while urging financial discipline.,2014
We will take further steps to facilitate fiscal autonomy and sustainability of Panchayati Raj Institutions. Accelerating e-Courts on Mission Mode,Low Confidence: Partial,0.5395,Ensure fiscal autonomy of States while urging financial discipline.,2014
Formulating a National Litigation Policy We will accelerate the e-Courts Mission Mode Project to complete the digitisation of entire court records,High Confidence: Partial,0.7401,Achieve complete digitisation and modernisation of courts,2019
Formulating a National Litigation Policy We will accelerate the e-Courts Mission Mode Project to complete the digitisation of entire court records and for easy access to court proceedings online.,Moderate Confidence: Partial,0.6564,Achieve complete digitisation and modernisation of courts,2019
"We will formulate a National Litigation Policy to expedite the resolution of all matters in courts, lower and for easy access to court proceedings online.",High Confidence: Partial,0.72,"Implement the National Litigation Policy in letter and spirit to reduce average pendency time of cases. Review and reduce significantly the number of cases, in which the Government is a litigant in the next five years.",2014
"We will formulate a National Litigation Policy to expedite the resolution of all matters in courts, lower the cost of contested court proceedings, and decrease the number of cases in which the government is Expedite the Resolution of Old Cases the cost of contested court proceedings, and decrease the number of cases in which the government is Expedite the Resolution of Old Cases a party and the consequent load on the courts. a party and the consequent load on the courts.",High Confidence: Partial,0.8298,"Implement the National Litigation Policy in letter and spirit to reduce average pendency time of cases. Review and reduce significantly the number of cases, in which the Government is a litigant in the next five years.",2014
We will establish fast track courts for quick disposal of pendency in identified areas.,Low Confidence: Highly Likely,0.5608,Create courts specially equipped to deal with IPR cases.,2014
We will establish fast track courts for quick disposal of pendency in identified areas. Initiating Reforms in the Civil Procedures Initiating Reforms in the Civil Procedures Creation of Ecosystem for Alternate Dispute Resolution Creation of Ecosystem for Alternate Dispute Resolution,Moderate Confidence: Partial,0.6721,"Accord high priority to judicial reforms to address the issue of appointment of judges, filling the vacancies Opening new courts, setting up a mechanism for speedy clearance of the backlog of cases at various levels in the judiciary.",2014
"We will completely overhaul the commercial and civil justice systems, on the lines of criminal justice",Moderate Confidence: Highly Likely,0.678,"Reform the criminal justice system to make dispensation of justice simpler, quicker and more effective and after examining the recommendations of the earlier reports on this subject.",2014
"We will completely overhaul the commercial and civil justice systems, on the lines of criminal justice",Moderate Confidence: Highly Likely,0.678,"Reform the criminal justice system to make dispensation of justice simpler, quicker and more effective and after examining the recommendations of the earlier reports on this subject.",2014
We will work towards further improving the legal framework to promote arbitration and mediation,Moderate Confidence: Partial,0.6199,"Expand alternative dispute redressal mechanisms through Lok Adalats and Tribunals. Give special emphasis to the development of Alternate Dispute Resolution mechanisms – like LokAdalats, Arbitration and Conciliation centres",2014
"reforms. This revamp will aim to streamline procedures, enhance the efficiency of legal processes and We will work towards further improving the legal framework to promote arbitration and mediation reforms. This revamp will aim to streamline procedures, enhance the efficiency of legal processes and ecosystem. ensure timely justice, fostering a more business-friendly and citizen-centric legal environment. ecosystem. ensure timely justice, fostering a more business-friendly and citizen-centric legal environment. Improving Delivery of Public Services Improving Delivery of Public Services",Moderate Confidence: Highly Likely,0.6984,"Reform the criminal justice system to make dispensation of justice simpler, quicker and more effective and after examining the recommendations of the earlier reports on this subject.",2014
We will improve public services delivery through CSCs and Post Offices using technology. We will use,Low Confidence: Highly Likely,0.5205,Use technology to reduce Transmission and distribution losses.,2014
We will improve public services delivery through CSCs and Post Offices using technology. We will use,Low Confidence: Highly Likely,0.5205,Use technology to reduce Transmission and distribution losses.,2014
Bhashini to provide services in multiple Indian languages. We will increase participation of citizens in,High Confidence: Highly Likely,0.772,Promote e-Bhasha - National Mission for the promotion of IT in Indian Languages.,2014
Bhashini to provide services in multiple Indian languages. We will increase participation of citizens in policy making through platforms like MyGov. policy making through platforms like MyGov. MODI KI Strengthen Statistical Institutions Strengthen Statistical Institutions,Moderate Confidence: Highly Likely,0.6537,Promote e-Bhasha - National Mission for the promotion of IT in Indian Languages.,2014
We will further strengthen the capacity of statistical institutions to give an impetus to data driven policy,Low Confidence: Highly Likely,0.5458,Set an institute of Big data and Analytics for studying the impact of big data across sectors,2014
"GUARANTEE FOR We will further strengthen the capacity of statistical institutions to give an impetus to data driven policy making. making. GOOD GOVERNANCE Electoral Reforms Making One Nation, One Election a Reality Making One Nation, One Election a Reality We have set up a High Powered Committee to examine the issues of conducting simultaneous elections We have set up a High Powered Committee to examine the issues of conducting simultaneous elections and will work towards the implementation of the recommendations of the Committee. and will work towards the implementation of the recommendations of the Committee. ‘Reform, Perform, Transform’ is our mantra for Good Governance. We have used a mix of Introducing Common Electoral Roll Introducing Common Electoral Roll policies, technology, and simpler processes to ensure good governance in the last ten years.",Low Confidence: Partial,0.5262,"BJP is committed to initiate electoral reforms that will enable to eradicate corruption, eliminate criminals and it also commits to hold wider consultations with all the stakeholders for holding simulataneous elections of Parliament and State assemblies. BJP will also work with political parties and the EC make expenditure limits more realistic.",2014
"These initiatives have made the governance more efficient and have reduced corruption at all We will mak W e e p w ro il v l i m sio a n ke s f p o r r o v a i s c i o o m ns m f o o n r a E l c e o c m to m ra o l n R o E l l l e f c o t r o a ra ll l l R ev o e ll l f s o o r f a e ll l e le c v t e io ls n s o . f elections. levels of governance from the top to everyday transactions carried out by citizens. Our Vision for good governance is to further simplify the processes, procedures, rules and regulations in such a way that we are able to take the government out of the everyday lives of normal Employees and Police Personnel Welfare",Low Confidence: Partial,0.6,Mandate digitization of all government work to reduce corruption and delays.,2014
citizens. We will undertake more institutional reforms and simplify processes using Capacity Building for All Central Government Employees technology to ensure that citizen-government interaction is significantly improved. Capacity Building for All Central Government Employees,Low Confidence: Highly Likely,0.5707,Administrative reforms will be a priority for the BJP. ---The administration and its members will be made truly accountable to their tasks as well as the people through rigorous evaluation process.. ---,2014
"We will expand the Karmyogi Scheme to cover all Central Government employees, promoting a",Moderate Confidence: Partial,0.6015,We will expand the Pradhan Mantri Shram Yogi Maandhan scheme,2019
"We will expand the Karmyogi Scheme to cover all Central Government employees, promoting a Institutional Reforms responsive, highly competent and tech-savvy workforce for efficient and inclusive governance. responsive, highly competent and tech-savvy workforce for efficient and inclusive governance. Combating Corruption Combating Corruption Modernising Police Forces Modernising Police Forces In contrast with the previous government, we have given transparent and accountable governance to",Low Confidence: Partial,0.5437,We will expand the Pradhan Mantri Shram Yogi Maandhan scheme,2019
"In contrast with the previous government, we have given transparent and accountable governance to We will assist states in transforming the police into a tech-savvy, tech-trained and tech-equipped force",High Confidence: Partial,0.7274,"We will work with the states to empower Police with the authority, independence and resources. Facilitate training and capacity building of Police forces Modernize the police force, equipping them with the latest technology. Initiate the networking of police stations across the country for intelligence sharing and crime control. Develop specialized expertise in investigation; through continuous training, especially in evolving competencies. Strengthen Investigations, making them Swift, Transparent, Fair, Clear and Decisive - acting as an inescapable deterrent to wrong- doers and a protective shield to the innocent. Overhaul our intelligence set up, with special focus on coordination and integration of human and technological intel - comprehensively gearing it towards collecting real time, specific and actionable inputs.",2014
"We will assist states in transforming the police into a tech-savvy, tech-trained and tech-equipped force",High Confidence: Partial,0.8064,"We will work with the states to empower Police with the authority, independence and resources. Facilitate training and capacity building of Police forces Modernize the police force, equipping them with the latest technology. Initiate the networking of police stations across the country for intelligence sharing and crime control. Develop specialized expertise in investigation; through continuous training, especially in evolving competencies. Strengthen Investigations, making them Swift, Transparent, Fair, Clear and Decisive - acting as an inescapable deterrent to wrong- doers and a protective shield to the innocent. Overhaul our intelligence set up, with special focus on coordination and integration of human and technological intel - comprehensively gearing it towards collecting real time, specific and actionable inputs.",2014
our citizens. We will continue our fight against corruption through strict implementation of laws and use,Moderate Confidence: Unlikely,0.6143,Corruption at any level will be dealt with firmly and swiftly.,2014
"our citizens. We will continue our fight against corruption through strict implementation of laws and use through the Police Modernization Scheme. through the Police Modernization Scheme. of technology. of technology. Bringing Uniform Civil Code Bringing Uniform Civil Code Article 44 of the Constitution lists Uniform Civil Code as one of the Directive Principles of State Policy. Article 44 of the Constitution lists Uniform Civil Code as one of the Directive Principles of State Policy. BJP believes that there cannot be gender equality till such time Bharat adopts a Uniform Civil Code, BJP believes that there cannot be gender equality till such time Bharat adopts a Uniform Civil Code, which protects the rights of all women, and the BJP reiterates its stand to draw a Uniform Civil Code, which protects the rights of all women, and the BJP reiterates its stand to draw a Uniform Civil Code, drawing upon the best traditions and harmonising them with the modern times. drawing upon the best traditions and harmonising them with the modern times. 55",High Confidence: Partial,0.8146,"Article 44 of the constitution of India lists Uniform Civil Code as one of the Directive Principles of state policy. BJP believes that there cannot be gender equality till such time India adopts a Uniform Civil Code, which protects the rights of all women, and the BJP reiterates its stand to draft a Uniform Civil Code, drawing upon the best traditions and harmonizing them with the modern times.",2014
We will take further steps to facilitate fiscal autonomy and sustainability of Panchayati Raj Institutions. Accelerating e-Courts on Mission Mode,Low Confidence: Partial,0.5395,Ensure fiscal autonomy of States while urging financial discipline.,2014
Formulating a National Litigation Policy We will accelerate the e-Courts Mission Mode Project to complete the digitisation of entire court records and for easy access to court proceedings online.,Moderate Confidence: Partial,0.6564,Achieve complete digitisation and modernisation of courts,2019
"We will formulate a National Litigation Policy to expedite the resolution of all matters in courts, lower the cost of contested court proceedings, and decrease the number of cases in which the government is Expedite the Resolution of Old Cases a party and the consequent load on the courts.",High Confidence: Partial,0.8314,"Implement the National Litigation Policy in letter and spirit to reduce average pendency time of cases. Review and reduce significantly the number of cases, in which the Government is a litigant in the next five years.",2014
We will establish fast track courts for quick disposal of pendency in identified areas. Initiating Reforms in the Civil Procedures Creation of Ecosystem for Alternate Dispute Resolution,Moderate Confidence: Partial,0.6826,"Accord high priority to judicial reforms to address the issue of appointment of judges, filling the vacancies Opening new courts, setting up a mechanism for speedy clearance of the backlog of cases at various levels in the judiciary.",2014
"We will completely overhaul the commercial and civil justice systems, on the lines of criminal justice",Moderate Confidence: Highly Likely,0.678,"Reform the criminal justice system to make dispensation of justice simpler, quicker and more effective and after examining the recommendations of the earlier reports on this subject.",2014
"We will work towards further improving the legal framework to promote arbitration and mediation reforms. This revamp will aim to streamline procedures, enhance the efficiency of legal processes and ecosystem. ensure timely justice, fostering a more business-friendly and citizen-centric legal environment. Improving Delivery of Public Services",Moderate Confidence: Highly Likely,0.6904,"Reform the criminal justice system to make dispensation of justice simpler, quicker and more effective and after examining the recommendations of the earlier reports on this subject.",2014
We will improve public services delivery through CSCs and Post Offices using technology. We will use,Low Confidence: Highly Likely,0.5205,Use technology to reduce Transmission and distribution losses.,2014
Bhashini to provide services in multiple Indian languages. We will increase participation of citizens in policy making through platforms like MyGov. Strengthen Statistical Institutions,High Confidence: Highly Likely,0.7036,Promote e-Bhasha - National Mission for the promotion of IT in Indian Languages.,2014
"We will further strengthen the capacity of statistical institutions to give an impetus to data driven policy making. Making One Nation, One Election a Reality We have set up a High Powered Committee to examine the issues of conducting simultaneous elections and will work towards the implementation of the recommendations of the Committee. Introducing Common Electoral Roll",Indeterminate,0.4991,Set an institute of Big data and Analytics for studying the impact of big data across sectors,2014
We will make provisions for a common Electoral Roll for all levels of elections. Capacity Building for All Central Government Employees,Low Confidence: Partial,0.5157,"BJP is committed to initiate electoral reforms that will enable to eradicate corruption, eliminate criminals and it also commits to hold wider consultations with all the stakeholders for holding simulataneous elections of Parliament and State assemblies. BJP will also work with political parties and the EC make expenditure limits more realistic.",2014
"We will expand the Karmyogi Scheme to cover all Central Government employees, promoting a responsive, highly competent and tech-savvy workforce for efficient and inclusive governance. Combating Corruption Modernising Police Forces In contrast with the previous government, we have given transparent and accountable governance to",Low Confidence: Partial,0.5491,We will expand the Pradhan Mantri Shram Yogi Maandhan scheme,2019
"We will assist states in transforming the police into a tech-savvy, tech-trained and tech-equipped force",High Confidence: Partial,0.8064,"We will work with the states to empower Police with the authority, independence and resources. Facilitate training and capacity building of Police forces Modernize the police force, equipping them with the latest technology. Initiate the networking of police stations across the country for intelligence sharing and crime control. Develop specialized expertise in investigation; through continuous training, especially in evolving competencies. Strengthen Investigations, making them Swift, Transparent, Fair, Clear and Decisive - acting as an inescapable deterrent to wrong- doers and a protective shield to the innocent. Overhaul our intelligence set up, with special focus on coordination and integration of human and technological intel - comprehensively gearing it towards collecting real time, specific and actionable inputs.",2014
"our citizens. We will continue our fight against corruption through strict implementation of laws and use through the Police Modernization Scheme. of technology. Bringing Uniform Civil Code Article 44 of the Constitution lists Uniform Civil Code as one of the Directive Principles of State Policy. BJP believes that there cannot be gender equality till such time Bharat adopts a Uniform Civil Code, which protects the rights of all women, and the BJP reiterates its stand to draw a Uniform Civil Code, drawing upon the best traditions and harmonising them with the modern times.",High Confidence: Partial,0.8576,"Article 44 of the constitution of India lists Uniform Civil Code as one of the Directive Principles of state policy. BJP believes that there cannot be gender equality till such time India adopts a Uniform Civil Code, which protects the rights of all women, and the BJP reiterates its stand to draft a Uniform Civil Code, drawing upon the best traditions and harmonizing them with the modern times.",2014
56 56,Indeterminate,0.3737,Merged with 493,2014
We will further strengthen the Ayushman Arogya Mandirs and upgrade district hospitals and other,Moderate Confidence: Partial,0.6123,We will increase the coverage of Ayushman Bharat to include all Anganwadi workers and workers to ensure improved health and social support system for these frontline workers,2019
We will take further steps to facilitate fiscal autonomy and sustainability of Panchayati Raj Institutions. Accelerating e-Courts on Mission Mode secondary healthcare centres by expanding the full functionality of all packages for comprehensive,Low Confidence: Partial,0.5225,"Initiate a National e-Governance Plan to cover every Government office from the centre to the panchayats. The 'E Gram, Vishwa Gram' scheme in Gujarat to be implemented nationwide.",2014
Formulating a National Litigation Policy We will accelerate the e-Courts Mission Mode Project to complete the digitisation of entire court records healthcare. and for easy access to court proceedings online.,Moderate Confidence: Partial,0.6523,Achieve complete digitisation and modernisation of courts,2019
"We will formulate a National Litigation Policy to expedite the resolution of all matters in courts, lower Expanding Jan Aushadhi Kendras For Affordable Medicines the cost of contested court proceedings, and decrease the number of cases in which the government is Expedite the Resolution of Old Cases",High Confidence: Partial,0.8179,"Implement the National Litigation Policy in letter and spirit to reduce average pendency time of cases. Review and reduce significantly the number of cases, in which the Government is a litigant in the next five years.",2014
We will expand the Jan Aushadhi Kendra network to provide high-quality low-cost medicines to citizens a party and the consequent load on the courts.,Low Confidence: Partial,0.5147,We will expand the coverage of Pradhan Mantri Kisan Samman Nidhi Yojana to all the farmers in the country,2019
We will establish fast track courts for quick disposal of pendency in identified areas. across the country. Initiating Reforms in the Civil Procedures Creation of Ecosystem for Alternate Dispute Resolution Launching an Emergency And Trauma Care Mission,Moderate Confidence: Partial,0.6447,"Accord high priority to judicial reforms to address the issue of appointment of judges, filling the vacancies Opening new courts, setting up a mechanism for speedy clearance of the backlog of cases at various levels in the judiciary.",2014
"We will completely overhaul the commercial and civil justice systems, on the lines of criminal justice",Moderate Confidence: Highly Likely,0.678,"Reform the criminal justice system to make dispensation of justice simpler, quicker and more effective and after examining the recommendations of the earlier reports on this subject.",2014
"We will work towards further improving the legal framework to promote arbitration and mediation We will launch an Emergency And Trauma Care Mission to provide immediate and effective care to reforms. This revamp will aim to streamline procedures, enhance the efficiency of legal processes and ecosystem. trauma patients. ensure timely justice, fostering a more business-friendly and citizen-centric legal environment. Strengthening The Ongoing Programmes For Disease Eradication Improving Delivery of Public Services",Moderate Confidence: Partial,0.6119,Overhaul the dispute resolution mechanisms.,2014
"We will intensify existing efforts to ensure elimination of TB, Leprosy, Lymphatic Filariasis, Measles and",Moderate Confidence: Partial,0.6202,To do research for the eradication of tropical diseases.,2014
"We will improve public services delivery through CSCs and Post Offices using technology. We will use Rubella, Trachoma, and Kala Azar by facilitating timely testing and access to medicines.",Low Confidence: Partial,0.5052,"Modernize Government hospitals, upgrading infrastructure and latest technologies.",2014
Bhashini to provide services in multiple Indian languages. We will increase participation of citizens in policy making through platforms like MyGov. Accelerating Vaccine Production and Distribution MODI KI,High Confidence: Highly Likely,0.7135,Promote e-Bhasha - National Mission for the promotion of IT in Indian Languages.,2014
Strengthen Statistical Institutions We will encourage and extend support to Bharatiya vaccine manufacturers and biopharma companies in various capacities to boost production and distribution and aim to reduce our timeline for vaccine,Indeterminate,0.4453,We will increase the coverage of Ayushman Bharat to include all Anganwadi workers and workers to ensure improved health and social support system for these frontline workers,2019
We will further strengthen the capacity of statistical institutions to give an impetus to data driven policy GUARANTEE FOR manufacturing. making. Augmenting the Health Human Resources SWASTHA BHARAT,Low Confidence: Partial,0.5775,Special focus on developing skilled human resources to meet future demand.,2014
"We will strengthen the efforts being made to increase the training capacity for paramedics, technicians, pharmacists and nurses. Making One Nation, One Election a Reality Improving Mental Healthcare Services We have set up a High Powered Committee to examine the issues of conducting simultaneous elections",Low Confidence: Partial,0.5941,"We will also accelerate the reforms in para-medical education sector so as to increase the availability of nurses, pharmacists and other paramedical personnel.",2019
"In our increasingly complex society, mental well-being has emerged as a top priority. We will strengthen and will work towards the implementation of the recommendations of the Committee. our traditional means including Yoga and Meditation, and also enhance the scope and coverage of mental Introducing Common Electoral Roll We have taken many successful steps in the last ten years to expand and improve health health initiatives like Manas and Manodarpan. services. We have focused on yoga, fitness, clean air, pure water and nutritious food for the",Indeterminate,0.4765,"Structure a comprehensive scheme, incorporating best practices from past successes like BalikaSamruddhi, LadliLaxmi and ChiranjeeviYojana to support encourage positive attitude amongst families towards the girl child.",2014
We will make provisions for a common Electoral Roll for all levels of elections. overall well being of our citizens. We developed vaccines to fight the pandemic. The Ministry of AYUSH was created to promote traditional medicine. Opened new medical colleges to increase the number of doctors. Medical care was provided to every person through AIIMS and Ayushman Arogya Mandir. Free medical treatment up to Rs 5 lakh provided by Ayushman Capacity Building for All Central Government Employees Bharat. And used technology extensively in every field. Modi's guarantee is to further,Indeterminate,0.4728,We will endeavour to make the National Nutrition Mission a mass movement and strengthen infrastructure and capacity in all Anganwadis,2019
"We will expand the Karmyogi Scheme to cover all Central Government employees, promoting a increase these efforts for a healthy India. responsive, highly competent and tech-savvy workforce for efficient and inclusive governance. Combating Corruption Modernising Police Forces Strengthening AIIMS",Low Confidence: Highly Likely,0.5972,"BJP is committed to strengthen self-Governance at the local level and we will empower Panchayati Raj Institutions with extensive devolution of the 3 Fs - Functions, Functionaries and Funds. --- Good performers amongst the Panchayats will be rewarded with additional developmental grants. ---- Strengthen the institution of the Gram Sabha, respecting their inputs and initiatives for development process. ---",2014
"In contrast with the previous government, we have given transparent and accountable governance to We will assist states in transforming the police into a tech-savvy, tech-trained and tech-equipped force We have established 15 AIIMS in the past decade to provide affordable and quality healthcare for all. We",Moderate Confidence: Partial,0.6619,"We will work with the states to empower Police with the authority, independence and resources. Facilitate training and capacity building of Police forces Modernize the police force, equipping them with the latest technology. Initiate the networking of police stations across the country for intelligence sharing and crime control. Develop specialized expertise in investigation; through continuous training, especially in evolving competencies. Strengthen Investigations, making them Swift, Transparent, Fair, Clear and Decisive - acting as an inescapable deterrent to wrong- doers and a protective shield to the innocent. Overhaul our intelligence set up, with special focus on coordination and integration of human and technological intel - comprehensively gearing it towards collecting real time, specific and actionable inputs.",2014
"our citizens. We will continue our fight against corruption through strict implementation of laws and use through the Police Modernization Scheme. will strengthen our network of AIIMS to provide quality healthcare across the country. of technology. Increasing Seats In Medical Education Bringing Uniform Civil Code Through the increased number of AIIMS and various medical colleges, we will increase the number of UG Article 44 of the Constitution lists Uniform Civil Code as one of the Directive Principles of State Policy. and PG seats in medical education. BJP believes that there cannot be gender equality till such time Bharat adopts a Uniform Civil Code, Strengthening PM ABHIM which protects the rights of all women, and the BJP reiterates its stand to draw a Uniform Civil Code, drawing upon the best traditions and harmonising them with the modern times. We are already upgrading secondary and primary health care under PM-ABHIM (PM-Ayushman Bharat",Moderate Confidence: Partial,0.6038,"Increase the number of medical and para-medical colleges to make India self sufficient in human resources, and set up an AIIMS like institute in every state.",2014
Health Infrastructure Mission). We will further expand PM-ABHIM for robust health care.,Low Confidence: Partial,0.5908,"Modernize Government hospitals, upgrading infrastructure and latest technologies.",2014
57 57,Indeterminate,0.3834,Poshan Abhiyaan.,2019
We will further strengthen the Ayushman Arogya Mandirs and upgrade district hospitals and other secondary healthcare centres by expanding the full functionality of all packages for comprehensive healthcare. Expanding Jan Aushadhi Kendras For Affordable Medicines,Moderate Confidence: Partial,0.6342,We will increase the coverage of Ayushman Bharat to include all Anganwadi workers and workers to ensure improved health and social support system for these frontline workers,2019
We will expand the Jan Aushadhi Kendra network to provide high-quality low-cost medicines to citizens across the country. Launching an Emergency And Trauma Care Mission,Low Confidence: Partial,0.5043,"Initiate the 'National Health Assurance Mission', with a clear mandate to provide universal healthcare that is not only accessible and affordable, but also effective, and reduces the OOP spending for the common man.",2014
We will launch an Emergency And Trauma Care Mission to provide immediate and effective care to trauma patients. Strengthening The Ongoing Programmes For Disease Eradication,Low Confidence: Highly Likely,0.5929,Universalization of emergency medical services-108.,2014
"We will intensify existing efforts to ensure elimination of TB, Leprosy, Lymphatic Filariasis, Measles and Rubella, Trachoma, and Kala Azar by facilitating timely testing and access to medicines. Accelerating Vaccine Production and Distribution",Moderate Confidence: Partial,0.6061,To do research for the eradication of tropical diseases.,2014
We will encourage and extend support to Bharatiya vaccine manufacturers and biopharma companies in various capacities to boost production and distribution and aim to reduce our timeline for vaccine manufacturing. Augmenting the Health Human Resources,Indeterminate,0.4961,We will increase the coverage of Ayushman Bharat to include all Anganwadi workers and workers to ensure improved health and social support system for these frontline workers,2019
"We will strengthen the efforts being made to increase the training capacity for paramedics, technicians, pharmacists and nurses. Improving Mental Healthcare Services",Moderate Confidence: Partial,0.6862,"We will also accelerate the reforms in para-medical education sector so as to increase the availability of nurses, pharmacists and other paramedical personnel.",2019
"In our increasingly complex society, mental well-being has emerged as a top priority. We will strengthen our traditional means including Yoga and Meditation, and also enhance the scope and coverage of mental health initiatives like Manas and Manodarpan. Strengthening AIIMS We have established 15 AIIMS in the past decade to provide affordable and quality healthcare for all. We will strengthen our network of AIIMS to provide quality healthcare across the country. Increasing Seats In Medical Education Through the increased number of AIIMS and various medical colleges, we will increase the number of UG and PG seats in medical education. Strengthening PM ABHIM We are already upgrading secondary and primary health care under PM-ABHIM (PM-Ayushman Bharat",Low Confidence: Partial,0.5336,"Increase the number of medical and para-medical colleges to make India self sufficient in human resources, and set up an AIIMS like institute in every state.",2014
Health Infrastructure Mission). We will further expand PM-ABHIM for robust health care. 58,Moderate Confidence: Highly Likely,0.604,"Upgrading housing, water and health facilities.",2014
"We will ensure that every student gets the opportunity for high-quality school education. For this, we will strengthen the network of PM SHRI Schools, Ekalavya Schools and other such schools as per NEP to",Low Confidence: Partial,0.5735,"Universalization of secondary school education and skills development through functional school shall be seriously pursued with particular focus on rural, tribal and difficult areas.",2014
make them world-class. We will work towards a 100% Gross Enrollment Ratio from pre-school to secondary level. Ensuring Future-Ready Youth,Low Confidence: Partial,0.5712,We will assess the talent and capacity of our youth from an early age; so they can be groomed accordingly.,2014
"We will make our youth future ready by adopting a dynamic learning curriculum at school level as mandated by NEP and by incorporating industry-aligned curriculum and skill development in emerging technologies in higher education. Implementing One Nation, One Student ID",Low Confidence: Partial,0.5934,"Will implement a National Education Policy to meet the changing dynamics of the population's requirement with regards to quality education, innovation and research, aiming to make India a knowledge superpower by equipping its students with the necessary skills and knowledge and to eliminate the shortage of manpower in science, technology, academics and industry.",2014
"We will achieve 100% implementation of 'One Nation, One Student ID’ through the Automated Permanent Academic Account Registry (APAAR) to store academic qualifications, credit scores and certificates, among others for students from pre-primary to higher education. MODI Expanding Skills Training for Youth KI In the last ten years, we have developed a robust skill development ecosystem. In line with the",Low Confidence: Highly Likely,0.5436,Initiate a multi-country student exchange programme for broadening the horizon of school going children.,2014
"GUARANTEE FOR objectives of NEP, we will further enhance it and integrate it with our education system. We will continue to work with industry to expand skilling opportunities that lead to employment and self-employment. QUALITY EDUCATION Our vision is to redefine the education ecosystem by envisioning modern, universalised, quality",Low Confidence: Partial,0.569,We will also create institutional mechanisms to refresh and upgrade abilities through continuing education - to make them employable.,2014
education propelled by the momentum of NEP 2020. We will prepare our students to be future ready,Low Confidence: Highly Likely,0.5241,Build institutions for today and tomorrow.,2014
through a dynamic curriculum process. We will encourage teaching and learning in mother tongue.,Indeterminate,0.4621,We have given due emphasis to online courses as a medium of delivering education in the last five years. We will take it to the next level and make it a major resource for imparting higher education.,2019
"We will focus on all dimensions of quality education including teachers training, infrastructure, use of technology, internships, and time-to-time upgradation of knowledge and skills. Establishing New Institutions of Higher Learning",Moderate Confidence: Highly Likely,0.6307,Enhancing the pivotal role of the teachers by reworking the work culture of teacher training institutions with a goal to prepare committed and performing teachers.,2014
"7 IITs, 16 IIITs, 7 IIMs, 15 AIIMS, 315 Medical Colleges and 390 universities have been set-up in the past decade. We are committed to strengthening these institutes and further increasing the number of",Moderate Confidence: Partial,0.6093,"Increase the number of medical and para-medical colleges to make India self sufficient in human resources, and set up an AIIMS like institute in every state.",2014
"institutions of higher learning. We will continue to upgrade the existing institutions through focused funding, capacity building, infrastructure upgradation and dedicated research grants. Using Technology for Access to Quality Education",Moderate Confidence: Partial,0.664,We will also create institutional mechanisms to refresh and upgrade abilities through continuing education - to make them employable.,2014
"We will promote the usage of education stack for personalised and flexible learning management systems through initiatives under PM e-Vidya such as SWAYAM, SWAYAM PRABHA, etc. Building on the success of the above digital learning initiatives, we will operationalize a digital university for industry-focused free courses to provide upskilling opportunities for low-income families.",High Confidence: Partial,0.7048,Use technology to deliver low cost quality education to specially-abled students 'in-home' – through E-learning.,2014
59 59,Indeterminate,0.3858,Poshan Abhiyaan.,2019
"We will ensure that every student gets the opportunity for high-quality school education. For this, we will strengthen the network of PM SHRI Schools, Ekalavya Schools and other such schools as per NEP to",Low Confidence: Partial,0.5735,"Universalization of secondary school education and skills development through functional school shall be seriously pursued with particular focus on rural, tribal and difficult areas.",2014
make them world-class. We will work towards a 100% Gross Enrollment Ratio from pre-school to secondary level. Ensuring Future-Ready Youth,Low Confidence: Partial,0.5712,We will assess the talent and capacity of our youth from an early age; so they can be groomed accordingly.,2014
"We will make our youth future ready by adopting a dynamic learning curriculum at school level as mandated by NEP and by incorporating industry-aligned curriculum and skill development in emerging technologies in higher education. Implementing One Nation, One Student ID",Low Confidence: Partial,0.5934,"Will implement a National Education Policy to meet the changing dynamics of the population's requirement with regards to quality education, innovation and research, aiming to make India a knowledge superpower by equipping its students with the necessary skills and knowledge and to eliminate the shortage of manpower in science, technology, academics and industry.",2014
"We will achieve 100% implementation of 'One Nation, One Student ID’ through the Automated Permanent Academic Account Registry (APAAR) to store academic qualifications, credit scores and certificates, among others for students from pre-primary to higher education. Expanding Skills Training for Youth In the last ten years, we have developed a robust skill development ecosystem. In line with the",Low Confidence: Partial,0.5466,We will also create institutional mechanisms to refresh and upgrade abilities through continuing education - to make them employable.,2014
"objectives of NEP, we will further enhance it and integrate it with our education system. We will continue to work with industry to expand skilling opportunities that lead to employment and self-employment. Establishing New Institutions of Higher Learning",Low Confidence: Partial,0.5657,"We will formulate a dedicated programme for the creation of work opportunities, provide skill training and strengthen social security mechanism for",2019
"7 IITs, 16 IIITs, 7 IIMs, 15 AIIMS, 315 Medical Colleges and 390 universities have been set-up in the past decade. We are committed to strengthening these institutes and further increasing the number of",Moderate Confidence: Partial,0.6093,"Increase the number of medical and para-medical colleges to make India self sufficient in human resources, and set up an AIIMS like institute in every state.",2014
"institutions of higher learning. We will continue to upgrade the existing institutions through focused funding, capacity building, infrastructure upgradation and dedicated research grants. Using Technology for Access to Quality Education",Moderate Confidence: Partial,0.664,We will also create institutional mechanisms to refresh and upgrade abilities through continuing education - to make them employable.,2014
"We will promote the usage of education stack for personalised and flexible learning management systems through initiatives under PM e-Vidya such as SWAYAM, SWAYAM PRABHA, etc. Building on the success of the above digital learning initiatives, we will operationalize a digital university for industry-focused free courses to provide upskilling opportunities for low-income families. 60",High Confidence: Partial,0.7029,Use technology to deliver low cost quality education to specially-abled students 'in-home' – through E-learning.,2014
We will include more traditional sports under the Khelo India Scheme. Incentivising Sports Good Manufacturing,Moderate Confidence: Highly Likely,0.6927,BJP will promote all sports - traditional and modern. Encourage business houses to patronize sports and sportspersons.,2014
We will incentivize sports goods manufacturing in partnership with the sports ecosystem in Bharat to take forward the vision of Aatmanirbhar Bharat. Universal Access to Sports Infrastructure,Moderate Confidence: Highly Likely,0.6742,BJP will promote all sports - traditional and modern. Encourage business houses to patronize sports and sportspersons.,2014
We will continue to expand the Khelo India network and other initiatives to nurture future athletes who can represent our nation with pride. Promote Sports Startups,Moderate Confidence: Partial,0.681,"We will provide adequate resources under the Khelo India scheme to ensure the achievement of declared objectives. Under this scheme, special attention will be given to encourage sporting talent among women.",2019
We will promote startups in sports and help create a technology ecosystem in sports. MODI KI GUARANTEE FOR SPORTS DEVELOPMENT Our vision is to strengthen the sports ecosystem for Bharat to be a world leader in Sports. Facilitating Hosting Olympics,Moderate Confidence: Highly Likely,0.6529,BJP will promote all sports - traditional and modern. Encourage business houses to patronize sports and sportspersons.,2014
"We will facilitate IOA to bid for hosting the Olympic Games in 2036, and develop sports infrastructure like stadiums and state-of-the-art training centres to host major international sporting events. Providing Comprehensive Plan for Retired Sportspersons",Low Confidence: Highly Likely,0.5909,Establish sports academies across the country.,2014
"We will launch a new programme for sportspersons, providing them with benefits like educational opportunities, employment opportunities and promotion opportunities. 61",Moderate Confidence: Highly Likely,0.6265,Establish sports academies across the country.,2014
We will include more traditional sports under the Khelo India Scheme. Incentivising Sports Good Manufacturing,Moderate Confidence: Highly Likely,0.6927,BJP will promote all sports - traditional and modern. Encourage business houses to patronize sports and sportspersons.,2014
We will incentivize sports goods manufacturing in partnership with the sports ecosystem in Bharat to take forward the vision of Aatmanirbhar Bharat. Universal Access to Sports Infrastructure,Moderate Confidence: Highly Likely,0.6742,BJP will promote all sports - traditional and modern. Encourage business houses to patronize sports and sportspersons.,2014
We will continue to expand the Khelo India network and other initiatives to nurture future athletes who can represent our nation with pride. Promote Sports Startups,Moderate Confidence: Partial,0.681,"We will provide adequate resources under the Khelo India scheme to ensure the achievement of declared objectives. Under this scheme, special attention will be given to encourage sporting talent among women.",2019
We will promote startups in sports and help create a technology ecosystem in sports. Facilitating Hosting Olympics,Moderate Confidence: Highly Likely,0.67,Establish sports academies across the country.,2014
"We will facilitate IOA to bid for hosting the Olympic Games in 2036, and develop sports infrastructure like stadiums and state-of-the-art training centres to host major international sporting events. Providing Comprehensive Plan for Retired Sportspersons",Low Confidence: Highly Likely,0.5909,Establish sports academies across the country.,2014
"We will launch a new programme for sportspersons, providing them with benefits like educational opportunities, employment opportunities and promotion opportunities. 62",Moderate Confidence: Highly Likely,0.6309,Establish sports academies across the country.,2014
"We will transform our islands into premier global tourism destinations by developing world-class beach resorts, marine adventure activities, and robust coastal infrastructure. Our focus will be on attracting tourists from Bharat and around the world while preserving the local ecosystems and promoting sustainable tourism practices. Sustainable Development of Hill States",Low Confidence: Highly Likely,0.5117,"Initiate a mission mode project to create 50 tourist circuits that are affordable and built around themes like: a.) Archaeological and Heritage, b.) Cultural and Spiritual, c.) Himalayan, d.) Desert, e.) Coastal, f.) Medical (Ayurveda and Modern Medicine), etc.",2014
We will continue to protect and preserve the unique ecological balance of Bharat's hill states through,Low Confidence: Partial,0.5582,Ensure that the tribal land is not alienated.,2014
"sustainable development initiatives. We will work with state governments and local bodies to prepare a special master plan to maintain their pristine beauty and biodiversity, taking into account the local geography, culture and traditional practices, for the balanced development of hilly areas. Resilient Infrastructure For Bharat’s Coast",Low Confidence: Highly Likely,0.581,"A full-fledged programme for 'Rural Rejuvenation' will be made and implemented which will comprise of integrated strategies for personal, economic and social well-being of the villagers. Through the idea of Rurban, we will bring urban amenities to our rural areas, while retaining the soul of the village. Major thrust area for rural development would be to improve village level infrastructure in terms of roads, potable water, education, health, supply chain, electricity, broadband, job creation, security in rural areas and linkage to markets.",2014
"We will continue to strengthen Bharat’s coastline by developing a resilient infrastructure. We will work with the state governments and local communities to prepare a master plan, keeping in mind the special needs of coastal areas and ensuring all facilities. Combating Himalayan River Floods",Low Confidence: Partial,0.5248,We are committed to ensure a clean and uninterrupted flow of river Ganga from Gangotri to Ganga Sagar. We will ensure that the sewerage infrastructure,2019
"We will partner with neighbouring countries to strategically manage the Himalayan rivers. Our focus will MODI KI be on holistic measures to mitigate the devastating effects of floods and harnessing hydroelectric power to generate affordable electricity. GUARANTEE FOR BALANCED REGIONAL DEVELOPMENT Our vision for regional development is to ensure every part of India progresses equally, fostering growth and innovation. Maintaining Peace in Northeast",Moderate Confidence: Highly Likely,0.6694,Address the issue of Flood control in Assam and river water management.,2014
We will continue our efforts to address the issues in the disturbed areas and remove AFSPA in a phased,Indeterminate,0.498,Address the issue of infiltration and illegal immigrants in the Northeast region on a priority basis. This will include clear policy directions and effective control at the ground level.,2014
manner. We will further work towards resolution of inter-state border disputes amongst Northeastern states through sustained efforts. Leveraging Northeast as a Strategic Gateway for the Act East Policy,Moderate Confidence: Partial,0.6133,Address the issue of infiltration and illegal immigrants in the Northeast region on a priority basis. This will include clear policy directions and effective control at the ground level.,2014
"We will work to leverage the Northeast as a strategic gateway for Bharat's Act East Policy ensuring connectivity, education, health, economic development and security. Building Sarovars to Manage Floods in North East",Moderate Confidence: Highly Likely,0.6202,NDA government had initiated concrete steps to address the issue of development of Northeast by setting up the Ministry of North- Eastern Region. We will empower this Ministry with a broader charter and non-lapsable funds for the rapid development of the region.,2014
"We will ensure flood management in the Northeast by conducting advanced satellite imagery to identify places where big reservoirs can be constructed to store excess waters according to topography, which will be used for irrigation, organising water sports among others. Formulating Master Plan For Purvodaya",Low Confidence: Highly Likely,0.5749,Address the issue of Flood control in Assam and river water management.,2014
We will formulate a dedicated Purvodaya Master Plan for targeted and integrated infrastructure development of eastern India.,Moderate Confidence: Partial,0.6427,"We shall give the highest priority towards bringing the eastern parts of the country on par with the western parts. To that extent, there shall be special focus and emphasis on the development of the eastern side of India. Put special emphasis on enhancing the connectivity within the region and to the rest of the country and There will be special emphasis on massive infrastructure development, especially along the Line of Actual Control in Arunachal Pradesh and Sikkim.",2014
63 63,Indeterminate,0.3856,Poshan Abhiyaan.,2019
"We will transform our islands into premier global tourism destinations by developing world-class beach resorts, marine adventure activities, and robust coastal infrastructure. Our focus will be on attracting tourists from Bharat and around the world while preserving the local ecosystems and promoting sustainable tourism practices. Sustainable Development of Hill States",Low Confidence: Highly Likely,0.5117,"Initiate a mission mode project to create 50 tourist circuits that are affordable and built around themes like: a.) Archaeological and Heritage, b.) Cultural and Spiritual, c.) Himalayan, d.) Desert, e.) Coastal, f.) Medical (Ayurveda and Modern Medicine), etc.",2014
We will continue to protect and preserve the unique ecological balance of Bharat's hill states through,Low Confidence: Partial,0.5582,Ensure that the tribal land is not alienated.,2014
"sustainable development initiatives. We will work with state governments and local bodies to prepare a special master plan to maintain their pristine beauty and biodiversity, taking into account the local geography, culture and traditional practices, for the balanced development of hilly areas. Resilient Infrastructure For Bharat’s Coast",Low Confidence: Highly Likely,0.581,"A full-fledged programme for 'Rural Rejuvenation' will be made and implemented which will comprise of integrated strategies for personal, economic and social well-being of the villagers. Through the idea of Rurban, we will bring urban amenities to our rural areas, while retaining the soul of the village. Major thrust area for rural development would be to improve village level infrastructure in terms of roads, potable water, education, health, supply chain, electricity, broadband, job creation, security in rural areas and linkage to markets.",2014
"We will continue to strengthen Bharat’s coastline by developing a resilient infrastructure. We will work with the state governments and local communities to prepare a master plan, keeping in mind the special needs of coastal areas and ensuring all facilities. Combating Himalayan River Floods",Low Confidence: Partial,0.5248,We are committed to ensure a clean and uninterrupted flow of river Ganga from Gangotri to Ganga Sagar. We will ensure that the sewerage infrastructure,2019
We will partner with neighbouring countries to strategically manage the Himalayan rivers. Our focus will be on holistic measures to mitigate the devastating effects of floods and harnessing hydroelectric power to generate affordable electricity. Maintaining Peace in Northeast,Moderate Confidence: Highly Likely,0.6527,Address the issue of Flood control in Assam and river water management.,2014
We will continue our efforts to address the issues in the disturbed areas and remove AFSPA in a phased,Indeterminate,0.498,Address the issue of infiltration and illegal immigrants in the Northeast region on a priority basis. This will include clear policy directions and effective control at the ground level.,2014
manner. We will further work towards resolution of inter-state border disputes amongst Northeastern states through sustained efforts. Leveraging Northeast as a Strategic Gateway for the Act East Policy,Moderate Confidence: Partial,0.6133,Address the issue of infiltration and illegal immigrants in the Northeast region on a priority basis. This will include clear policy directions and effective control at the ground level.,2014
"We will work to leverage the Northeast as a strategic gateway for Bharat's Act East Policy ensuring connectivity, education, health, economic development and security. Building Sarovars to Manage Floods in North East",Moderate Confidence: Highly Likely,0.6202,NDA government had initiated concrete steps to address the issue of development of Northeast by setting up the Ministry of North- Eastern Region. We will empower this Ministry with a broader charter and non-lapsable funds for the rapid development of the region.,2014
"We will ensure flood management in the Northeast by conducting advanced satellite imagery to identify places where big reservoirs can be constructed to store excess waters according to topography, which will be used for irrigation, organising water sports among others. Formulating Master Plan For Purvodaya",Low Confidence: Highly Likely,0.5749,Address the issue of Flood control in Assam and river water management.,2014
We will formulate a dedicated Purvodaya Master Plan for targeted and integrated infrastructure development of eastern India. 6644,Moderate Confidence: Partial,0.6815,"We shall give the highest priority towards bringing the eastern parts of the country on par with the western parts. To that extent, there shall be special focus and emphasis on the development of the eastern side of India. Put special emphasis on enhancing the connectivity within the region and to the rest of the country and There will be special emphasis on massive infrastructure development, especially along the Line of Actual Control in Arunachal Pradesh and Sikkim.",2014
We will set up an Anusandhan Fund with an investment of ₹1 lakh crore to provide loans to promote scientific research. Catalysing AI Innovation for Global Leadership,Indeterminate,0.4553,Create a Central University dedicated to the Himalayan Technology. Create a 'Himalayan Sustainability Fund'.,2014
"We will develop a comprehensive ecosystem under the IndiaAI mission, driving AI innovation through collaborative strategic programs and partnerships to position Bharat as a global leader in AI innovation and build domestic capacities to ensure tech sovereignty. Graphene Mission",Low Confidence: Highly Likely,0.5434,Skill Mapping - to help scientifically plan our national human resource development that India would need,2014
We will strengthen the Graphene-based technology programmes to develop more use cases and applications. Quantum Tech Frontier,Indeterminate,0.4725,Make technology enabled products affordable for students. Use technology to reduce the burden of books on children. Make all institutions and schools enabled in a phased manner. Digital learning and training to be used extensively.,2014
"We will operationalise the National Quantum Mission to position Bharat as a global leader in quantum technology, harnessing its potential to revolutionise various sectors and spearhead technological innovation. MODI KI Achieving Geospatial Data Excellence GUARANTEE FOR",Indeterminate,0.4679,"On priority, a national modernization programme for madrasa's would be started.",2014
We will create a national geospatial data registry and geospatial data exchange that will enable industries and startups for innovative products and services. TECHNOLOGY AND Establishing Science Parks INNOVATIONS,Moderate Confidence: Highly Likely,0.6135,"Use technology for scientific, strategic and long term town planning - including GIS based mapping",2014
"We will establish science parks in various cities, to ensure that the spirit of scientific inquiry is within reach of Bharat’s youth. Launching National Atmospheric Mission",Low Confidence: Highly Likely,0.5617,To promote science popularization schemes extensively. Bring the changes in secondary education to focus on application of science.,2014
We will launch a National Atmospheric Mission to be called Mausam to make Bharat “weather ready” and “climate smart”. Our vision is for Bharat to be a champion in technological innovations by becoming the centre of cutting-edge research. Positioning Bharat as Leading Space Power,Low Confidence: Partial,0.5385,Launch the 'Pradhan Mantri Gram SinchayeeYojana' with a motto of 'harkhetkopaani'. We will launch multi-pronged 'water strategy' for reducing farmer's dependence on monsoon. Increase irrigated land by completing the long pending irrigation projects on priority.,2014
"We will launch Gaganyaan, Bharat’s first human spaceflight mission, and land an astronaut on the Moon, a sign of Bharat’s progress and prosperity in Amrit Kaal.",Indeterminate,0.4983,Complete Phase-1 of Bharatmala Project expeditiously,2019
"We will establish Bharatiya Antariksha Station (BAS) and we will also operationalise a second launch complex for the country. We aim to significantly increase the value of the Space Economy, positioning Bharat as a leading space power and extending support to Global South countries in utilising space and space technology services.",Low Confidence: Highly Likely,0.5144,Harness our advanced satellite technology and expertise for development.,2014
We will set up a Global Space Academy under the aegis of ISRO and IIST with fellowship,Indeterminate,0.4984,We will set up World class Investment and Industrial regions as Global Hubs of Manufacturing.,2014
programmes for both national and international students. We will also establish a spaceforum that positions Bharat as a leading space power and assist Global South countries in using space and space-tech services. Operationalising Anusandhan National Research Foundation,Low Confidence: Highly Likely,0.5073,Harness our advanced satellite technology and expertise for development.,2014
We will operationalise the Anusandhan National Research Foundation to build robust Research and Development infrastructure across the country.,Indeterminate,0.4939,Create a Central University dedicated to the Himalayan Technology. Create a 'Himalayan Sustainability Fund'.,2014
65 65,Indeterminate,0.3213,Poshan Abhiyaan.,2019
We will set up an Anusandhan Fund with an investment of ₹1 lakh crore to provide loans to promote scientific research. Catalysing AI Innovation for Global Leadership,Indeterminate,0.4553,Create a Central University dedicated to the Himalayan Technology. Create a 'Himalayan Sustainability Fund'.,2014
"We will develop a comprehensive ecosystem under the IndiaAI mission, driving AI innovation through collaborative strategic programs and partnerships to position Bharat as a global leader in AI innovation and build domestic capacities to ensure tech sovereignty. Graphene Mission",Low Confidence: Highly Likely,0.5434,Skill Mapping - to help scientifically plan our national human resource development that India would need,2014
We will strengthen the Graphene-based technology programmes to develop more use cases and applications. Quantum Tech Frontier,Indeterminate,0.4725,Make technology enabled products affordable for students. Use technology to reduce the burden of books on children. Make all institutions and schools enabled in a phased manner. Digital learning and training to be used extensively.,2014
"We will operationalise the National Quantum Mission to position Bharat as a global leader in quantum technology, harnessing its potential to revolutionise various sectors and spearhead technological innovation. Achieving Geospatial Data Excellence",Indeterminate,0.4599,"We will launch a National Bee-keeping and Honey Mission to ensure additional returns to the farmers. We will double the honey production from the present 115,000 MT by developing infrastructural facilities and providing marketing support",2019
We will create a national geospatial data registry and geospatial data exchange that will enable industries and startups for innovative products and services. Establishing Science Parks,Low Confidence: Highly Likely,0.5993,"Use technology for scientific, strategic and long term town planning - including GIS based mapping",2014
"We will establish science parks in various cities, to ensure that the spirit of scientific inquiry is within reach of Bharat’s youth. Launching National Atmospheric Mission",Low Confidence: Highly Likely,0.5617,To promote science popularization schemes extensively. Bring the changes in secondary education to focus on application of science.,2014
We will launch a National Atmospheric Mission to be called Mausam to make Bharat “weather ready” and “climate smart”. Positioning Bharat as Leading Space Power,Low Confidence: Partial,0.5306,Launch the 'Pradhan Mantri Gram SinchayeeYojana' with a motto of 'harkhetkopaani'. We will launch multi-pronged 'water strategy' for reducing farmer's dependence on monsoon. Increase irrigated land by completing the long pending irrigation projects on priority.,2014
"We will launch Gaganyaan, Bharat’s first human spaceflight mission, and land an astronaut on the Moon, a sign of Bharat’s progress and prosperity in Amrit Kaal.",Indeterminate,0.4983,Complete Phase-1 of Bharatmala Project expeditiously,2019
"We will establish Bharatiya Antariksha Station (BAS) and we will also operationalise a second launch complex for the country. We aim to significantly increase the value of the Space Economy, positioning Bharat as a leading space power and extending support to Global South countries in utilising space and space technology services.",Low Confidence: Highly Likely,0.5144,Harness our advanced satellite technology and expertise for development.,2014
We will set up a Global Space Academy under the aegis of ISRO and IIST with fellowship,Indeterminate,0.4984,We will set up World class Investment and Industrial regions as Global Hubs of Manufacturing.,2014
programmes for both national and international students. We will also establish a spaceforum that positions Bharat as a leading space power and assist Global South countries in using space and space-tech services. Operationalising Anusandhan National Research Foundation,Low Confidence: Highly Likely,0.5073,Harness our advanced satellite technology and expertise for development.,2014
We will operationalise the Anusandhan National Research Foundation to build robust Research and Development infrastructure across the country. 66,Low Confidence: Partial,0.5124,Create a Central University dedicated to the Himalayan Technology. Create a 'Himalayan Sustainability Fund'.,2014
We will set up an Anusandhan Fund with an investment of ₹1 lakh crore to provide loans to promote scientific research. Catalysing AI Innovation for Global Leadership,Indeterminate,0.4553,Create a Central University dedicated to the Himalayan Technology. Create a 'Himalayan Sustainability Fund'.,2014
"We will develop a comprehensive ecosystem under the IndiaAI mission, driving AI innovation through collaborative strategic programs and partnerships to position Bharat as a global leader in AI innovation and build domestic capacities to ensure tech sovereignty. Graphene Mission",Low Confidence: Highly Likely,0.5434,Skill Mapping - to help scientifically plan our national human resource development that India would need,2014
We will strengthen the Graphene-based technology programmes to develop more use cases and applications. Quantum Tech Frontier,Indeterminate,0.4725,Make technology enabled products affordable for students. Use technology to reduce the burden of books on children. Make all institutions and schools enabled in a phased manner. Digital learning and training to be used extensively.,2014
"We will operationalise the National Quantum Mission to position Bharat as a global leader in quantum technology, harnessing its potential to revolutionise various sectors and spearhead technological innovation. MODI KI Achieving Geospatial Data Excellence GUARANTEE FOR",Indeterminate,0.4679,"On priority, a national modernization programme for madrasa's would be started.",2014
We will create a national geospatial data registry and geospatial data exchange that will enable industries and startups for innovative products and services. SUSTAINABLE Establishing Science Parks BHARAT,Moderate Confidence: Highly Likely,0.6077,"Use technology for scientific, strategic and long term town planning - including GIS based mapping",2014
"We will establish science parks in various cities, to ensure that the spirit of scientific inquiry is within reach of Bharat’s youth. Launching National Atmospheric Mission",Low Confidence: Highly Likely,0.5617,To promote science popularization schemes extensively. Bring the changes in secondary education to focus on application of science.,2014
"We will launch a National Atmospheric Mission to be called Mausam to make Bharat “weather ready” and “climate smart”. World has noticed the concept of LIFE, Lifestyle for Environment, given by Prime Minister Shri Narendra Modi. This vision is complemented by focussed execution of all dimensions of environment management. We stand committed to lead the world in",Low Confidence: Partial,0.5775,Launch the 'Pradhan Mantri Gram SinchayeeYojana' with a motto of 'harkhetkopaani'. We will launch multi-pronged 'water strategy' for reducing farmer's dependence on monsoon. Increase irrigated land by completing the long pending irrigation projects on priority.,2014
Positioning Bharat as Leading Space Power sustainable living. We will use both traditional wisdom as well as modern practices to contribute to a healthier planet.,Low Confidence: Highly Likely,0.5243,"Ensuring food, agricultural, nutritional and environmental, wealth, health and energy security of the people on a sustainable basis, using sci ence and technology. Mounting a direct and sustained effort on the alleviation of poverty, enhancing livelihood security, removal of hunger and malnutrition, reduction of drudgery and regional imbalances, both rural and urban, and generation of employment, by using scientific and technological capabilities along with our traditional knowledge pool.",2014
"We will launch Gaganyaan, Bharat’s first human spaceflight mission, and land an astronaut on the Moon, a sign of Bharat’s progress and prosperity in Amrit Kaal. Increasing non-fossil fuel capacity",Low Confidence: Highly Likely,0.5063,Complete Phase-1 of Bharatmala Project expeditiously,2019
"We will establish Bharatiya Antariksha Station (BAS) and we will also operationalise a second Due to our focus on the environment, we have reached 44% of our electricity generation capacity from",Low Confidence: Partial,0.5012,"Take steps to maximize the potential of oil, gas, hydel power, ocean, wind, coal and nuclear sources. BJP considers energy efficiency and conservation crucial to energy security.",2014
launch complex for the country. non-fossil fuel sources. We will continue on this path and increase the share of non-fossil fuel sources in,Low Confidence: Partial,0.524,"Take Steps to increase the domestic coal exploration and production, to bridge the demand and supply gap. Oil and gas explorations would also be expedited in the country. This will also help to reduce the import bill.",2014
"line with Panchamrit. We will work towards achieving net zero emissions by 2070. We aim to significantly increase the value of the Space Economy, positioning Bharat as a leading space power and extending support to Global South countries in utilising space and Revitalising Bharat’s Rivers space technology services. Building on the experience of Namami Gange, we will undertake phase wise improvement of",Low Confidence: Partial,0.5304,"Ensuring a right mix of energy which leads towards a cleaner environment, 8. We will install renewable energy capacity of GW by",2019
We will set up a Global Space Academy under the aegis of ISRO and IIST with fellowship health and cleanliness of all major rivers.,Indeterminate,0.4703,We will form a new Ministry of Water unifying the water management functions to approach the issue of water management,2019
"programmes for both national and international students. We will also establish a spaceforum By leveraging traditional knowledge alongside modern techniques, we will integrate check that positions Bharat as a leading space power and assist Global South countries in using dam construction, Amrit Sarovar construction, and basin management into the National River space and space-tech services. Conservation Plan. Through this, the conservation and regeneration of basins of all major Operationalising Anusandhan National Research Foundation rivers will be accelerated.",Low Confidence: Highly Likely,0.5188,Harness our advanced satellite technology and expertise for development.,2014
"We will operationalise the Anusandhan National Research Foundation to build robust Research and We will support state governments in developing systems to treat water contaminated with Development infrastructure across the country. arsenic, mercury, industrial pollutants, or other naturally occurring issues, ensuring comprehensive water quality management. 67",Low Confidence: Highly Likely,0.5618,"We will nurture ground water recharge harnessing rain water to reduce dependence on ground water. Encourage efficient use, water conservation, recycling and rain water harvesting. Examination of ground water to eliminate toxic chemicals, particularly arsenic and fluorides. To ensure drinking water security to all.",2014
"We will launch the Green Aravalli Project, a green corridor to protect and preserve biodiversity in the region and combat desertification. Protecting Himalayan Ecology Considering the fragile nature of the Himalayan ecology and the increase in the frequency and intensity of natural disasters in the region, we will undertake a holistic approach towards disaster mitigation and strengthening of disaster resilience in the Himalayan States. Developing Coastal Climate Resilience",Low Confidence: Partial,0.5608,Create a Central University dedicated to the Himalayan Technology. Create a 'Himalayan Sustainability Fund'.,2014
We will safeguard our coastal communities and ecosystems by building resilience against climate change and its threats. Expanding Green Credit Programme,Low Confidence: Highly Likely,0.5695,"Encouraging research and application to meet the challenges of climate change and for forecasting, prevention and mitigation of natural hazards, particularly floods, cyclones, earthquakes, drought and landslides. Promoting international science and technology cooperation towards achieving the goals of national development and security, and making it a key element of our international relations.",2014
We will continue our lead in the Green Credit Programme by expanding the scope of activities to fulfil the decarbonization requirements. 6688,Low Confidence: Partial,0.5248,Strengthen and expand rural credit facilities.,2014
We will strive to achieve a disaster-resilient Bharat with minimum casualties and losses due to natural disasters by evolving appropriate technical and policy initiatives. Managing Human-Animal Conflict,Indeterminate,0.4948,Strengthen the natural resource base of the people to tide over natural calamities.,2014
We will work with state governments and all stakeholders to sensitively manage human-animal conflict in areas close to forests. Initiating National E-Waste Management Programme,Low Confidence: Partial,0.5347,"In addition to protecting the existing forests and wildlife reserves, the wastelands of the country will be used for social forestry.",2014
We will launch a series of programmes to address the growing concern over safe disposal of e-waste. Promoting Sustainable Living,Moderate Confidence: Partial,0.6571,"Encourage and incentivize innovative garbage disposal and waste management practices, especially recycling techniques.",2014
"We will strengthen Mission LIFE, establishing a comprehensive repository encompassing both traditional and contemporary best practices, and fostering the global adoption of environmentally friendly lifestyles to promote sustainable living across the globe. Promoting Recycling",Low Confidence: Partial,0.5714,"We will get the latest technologies to transform Waste to Energy and Wealth in a major mission, 11. Adoption of cleaner practises to make our nation a greener country",2019
"We will promote recycling programmes across the country. We will institutionalise recycling mandates across sectors to maximise mineral recovery from used products. Protect the Environment through Various Schemes We have started multiple programmes to protect the environment like PM Surya Ghar Yojana, Railway Electrification, PM e-Bus, promotion of EVs, Ethanol and Bio-fuel promotion among others. Through these programmes, our citizens will benefit from the opportunity to live in a clean environment.",Moderate Confidence: Partial,0.6702,"We will get the latest technologies to transform Waste to Energy and Wealth in a major mission, 11. Adoption of cleaner practises to make our nation a greener country",2019
69 69,Indeterminate,0.3497,Merged with 178,2014
