"original_text","review_text","label","score"
"(cid:1) We will transform the quality of life of women in Rural India by providing electricity, tapped water, cleaner fuel and toilets in every home. Education - Enroll and Excel BJP believes that education is the most powerful tool for the advancement of the nation and the most potent weapon to fight poverty. Education in India needs to be revitalized and reorganized to make future generations proud of their culture, heritage and history and also for creating confidence in the vitality of India. Every effort shall be made to ensure 'equality of opportunity in access and success' to all learners; creating a harmonious, and cohesive egalitarian society that practices democratic values. This would be possible only when Education accords due emphasis on national integration, social cohesion, religious amity, national identity and patriotism. It must also be analyzed how far education has contributed to moral, ethical and humanistic values in the individuals and the society. Education must create minds free from superstitions, hatred and violence and become an important vehicle to cement national unity, social cohesion and religious amity. Our endeavour should be to inculcate moral, ethical and humanistic values in the individuals and the society. India has to become a knowledge society and has to reverberate with educated skilled manpower of high standards required to meet the challenges of 21st century. This requires a bold and visionary leadership to introduce appropriate policy and structural changes. Highest priority would be given to address the acute shortage of teachers and researchers, quality of education and research, and also the employability factor associated with most of the courses. Education should not only lead to employability but also job creation and entrepreneurship by introducing a national multi-skills orientation program. 22","High priority to job creation and Opportunities for entrepreneurship.","0","89"
"opportunities for entrepreneurship. We will: (cid:1) strategically develop high impact domains like Labour-intensive manufacturing (viz. textile, footwear, electronics assembly, etc.) and Tourism. (cid:1) strengthen the traditional employment bases of agriculture and allied industries, and retail - through modernization as well as stronger credit and market linkages. 4","Strategically develop high impact domains like Labour- intensive manufacturing (viz. textile, footwear, electronics assembly, etc.) and Tourism.","2","100"
"opportunities for entrepreneurship. We will: (cid:1) strategically develop high impact domains like Labour-intensive manufacturing (viz. textile, footwear, electronics assembly, etc.) and Tourism. (cid:1) strengthen the traditional employment bases of agriculture and allied industries, and retail - through modernization as well as stronger credit and market linkages. 4","Strengthen the traditional employment bases of agriculture and allied industries, and retail -through modernization as well as stronger credit and market linkages.","0","100"
"To ensure drinking water security to all. We will: (cid:1) Encourage setting up of drinking water supply grid in water scarce areas. (cid:1) Promote decentralized, demand-driven, community-managed water resource management, water supply and environmental sanitation. (cid:1) Facilitate piped water to all households. Energy - Generate More, Use Rationally, Waste Less BJP realizes the need to focus on generation and distribution of power as a national security issue, so that the growth is not negatively impacted due to supply issues in the energy sector. The overarching goal of energy security is to ensure affordable energy for various consumer segments. Steps will be taken to avoid over- dependence on any one fuel and ensure supplier diversity, to avoid reliance on one supplier, country and developing indigenous capacities to meet the emerging needs. BJP will: (cid:1) Come out with a responsible and comprehensive 'National Energy Policy'. (cid:1) Focus on development of energy infrastructure, human resource development and upgradation of technology. (cid:1) Take steps to maximize the potential of oil, gas, hydel power, ocean, wind, coal and nuclear sources. BJP considers energy efficiency and conservation crucial to energy security. (cid:1) Set up small-hydro power generation projects to harness the hydropower that is not being used at the moment. Small projects can be set up with local support and without displacement of the local population. (cid:1) Take Steps to increase the domestic coal exploration and production, to bridge the demand and supply gap. Oil and gas explorations would also be expedited in the country. This will also help to reduce the import bill. (cid:1) Give a thrust to renewable sources of energy as an important component of India's energy mix. (cid:1) Expand and strengthen the national solar mission. Science and Technology - India Innovates and India Leads India has been a knowledge economy and has been a leader in science and technology from the ancient times. India now needs policies and programs to reclaim its global leadership position in science and technology. BJP recognizes the need to create an ecosystem for fundamental research and innovation, keeping the objective of science with a human face in the service of the common man. Science and technology has enormous potential to bridge the disparities between the urban and rural India, rich and poor. Scientific education and technology needs to be encouraged, promoted, practiced and leveraged with renewed vision and vigour. BJP recognizes the central role of science and technology in raising the quality of life of the people of the country, particularly of the disadvantaged sections of society in creating wealth for all, in making India globally competitive, in utilizing natural resources in a sustainable manner, in protecting the","Harness the opportunities provided by the upgradation of infrastructure and housing, for its job generating potential.","0","72"
"We will establish a system, which eliminates the scope for corruption. We will do this through: (cid:1) public awareness (cid:1) technology enabled e-Governance - minimizing the discretion in the citizen-government interface. (cid:1) system-based, policy-driven governance - making it transparent. (cid:1) rationalization and simplification of the tax regime - which is currently repulsive for honest tax payers. (cid:1) simplification of the processes and procedures at all levels - bestowing faith in the citizens, institutions and establishments. Black Money By minimizing the scope for corruption, we will ensure minimization of the generation of black money. BJP is committed to initiate the process of tracking down and bringing back black money stashed in","Eliminate the scope for corruption.","2","83"
"We will establish a system, which eliminates the scope for corruption. We will do this through: (cid:1) public awareness (cid:1) technology enabled e-Governance - minimizing the discretion in the citizen-government interface. (cid:1) system-based, policy-driven governance - making it transparent. (cid:1) rationalization and simplification of the tax regime - which is currently repulsive for honest tax payers. (cid:1) simplification of the processes and procedures at all levels - bestowing faith in the citizens, institutions and establishments. Black Money By minimizing the scope for corruption, we will ensure minimization of the generation of black money. BJP is committed to initiate the process of tracking down and bringing back black money stashed in","Technology enabled e-Governance -minimizing the discretion in the citizen-government interface.","2","100"
"We will establish a system, which eliminates the scope for corruption. We will do this through: (cid:1) public awareness (cid:1) technology enabled e-Governance - minimizing the discretion in the citizen-government interface. (cid:1) system-based, policy-driven governance - making it transparent. (cid:1) rationalization and simplification of the tax regime - which is currently repulsive for honest tax payers. (cid:1) simplification of the processes and procedures at all levels - bestowing faith in the citizens, institutions and establishments. Black Money By minimizing the scope for corruption, we will ensure minimization of the generation of black money. BJP is committed to initiate the process of tracking down and bringing back black money stashed in","System-based, policy-driven governance - making it transparent.","2","100"
"We will establish a system, which eliminates the scope for corruption. We will do this through: (cid:1) public awareness (cid:1) technology enabled e-Governance - minimizing the discretion in the citizen-government interface. (cid:1) system-based, policy-driven governance - making it transparent. (cid:1) rationalization and simplification of the tax regime - which is currently repulsive for honest tax payers. (cid:1) simplification of the processes and procedures at all levels - bestowing faith in the citizens, institutions and establishments. Black Money By minimizing the scope for corruption, we will ensure minimization of the generation of black money. BJP is committed to initiate the process of tracking down and bringing back black money stashed in","Rationalization and simplification of the tax regime - which is currently repulsive for honest tax payers.","2","100"
"We will establish a system, which eliminates the scope for corruption. We will do this through: (cid:1) public awareness (cid:1) technology enabled e-Governance - minimizing the discretion in the citizen-government interface. (cid:1) system-based, policy-driven governance - making it transparent. (cid:1) rationalization and simplification of the tax regime - which is currently repulsive for honest tax payers. (cid:1) simplification of the processes and procedures at all levels - bestowing faith in the citizens, institutions and establishments. Black Money By minimizing the scope for corruption, we will ensure minimization of the generation of black money. BJP is committed to initiate the process of tracking down and bringing back black money stashed in","simplification of the processes and procedures at all levels bestowing faith in the citizens, Institutions and establishments.","2","100"
"We will establish a system, which eliminates the scope for corruption. We will do this through: (cid:1) public awareness (cid:1) technology enabled e-Governance - minimizing the discretion in the citizen-government interface. (cid:1) system-based, policy-driven governance - making it transparent. (cid:1) rationalization and simplification of the tax regime - which is currently repulsive for honest tax payers. (cid:1) simplification of the processes and procedures at all levels - bestowing faith in the citizens, institutions and establishments. Black Money By minimizing the scope for corruption, we will ensure minimization of the generation of black money. BJP is committed to initiate the process of tracking down and bringing back black money stashed in","We will ensure minimization of the generation of black money. Committed to initiate the process of tracking down and bringing back black money stashed in foreign banks and offshore accounts. We will also proactively engage with foreign governments to facilitate information sharing on black money.","2","71"
"foreign banks and offshore accounts. We will set up a Task Force for this purpose and to recommend amendments to existing laws or enact new laws. The process of bringing back black money to India","We will set up a Task Force for this purpose and to recommend amendments to existing laws or enact new laws.","0","100"
"what belongs to India, will be put in motion on priority. We will also proactively engage with foreign Governments to facilitate information sharing on black money. Decision and Policy Paralysis The country has suffered a decade of maladministration and scams in addition to decision and policy paralysis; thus bringing growth and development to a grinding halt leading to a 'Governance deficit'. This situation will be changed and the engine of Government will be ignited again with strong willpower","The engine of Government will be ignited again with strong willpower and commitment to public interest.","0","85"
"and commitment to public interest. We will also encourage the bureaucracy to take right decisions and contribute their might in building a modern India. Poor Delivery Wherever we go, we encounter bottlenecks. We experience it on a daily basis - in government offices for even the simplest of public services, in our courts buried in high pendency and so on. Similarly, we are known by a culture of missing links and lack of last mile connectivity. We have water but no pipeline to carry it; we have schools but no teachers; we have computers and machines but no electricity; we have scientists but no labs; we have instruments but no one to work on them. This 5","Encourage the bureaucracy to take right decisions and contribute their might in building a modern India.","0","100"
"and commitment to public interest. We will also encourage the bureaucracy to take right decisions and contribute their might in building a modern India. Poor Delivery Wherever we go, we encounter bottlenecks. We experience it on a daily basis - in government offices for even the simplest of public services, in our courts buried in high pendency and so on. Similarly, we are known by a culture of missing links and lack of last mile connectivity. We have water but no pipeline to carry it; we have schools but no teachers; we have computers and machines but no electricity; we have scientists but no labs; we have instruments but no one to work on them. This 5","Remove bottlenecks and missing links in all sectors, activities and services.","0","73"
"as to be in harmony with our worldview of the large human family. We will ensure that science and technology truly uplifts the Indian people and indeed all humanity. Flora, Fauna and Environment - Safeguarding Our Tomorrow The present generation has to make this world a better place to live. A better place not only for us, but for our future generations as well. We have to nurture the environment, institutions, people, resources and amenities. We have to combine the past, the present and the future. We have to have a holistic view of human life for sustainable development. We have to develop the assets and amenities for ourselves in a manner that leaves an equally good or","Build institutions for today and tomorrow.","2","83"
"We will bring back credibility and trust in government, re-sowing confidence in the India story domestically as well as internationally. Through consistent, long-term policies, we will not just spur the process of economic growth, but also ensure that it is stable as well as balanced.","The BJP will work for restoring the trust and credibility of the Government.","2","79"
"Government. We will also ensure that the chain of responsibility and accountability is built in the system. 6","We will also ensure that the chain of responsibility and accountability is built in the system.","0","100"
"We will: (cid:1) put emphasis on imparting soft skills to enhance employability including a national program on foreign languages. (cid:1) launch a national programme for digital empowerment through computer literacy of the people, especially the youth. (cid:1) we will assess the talent and capacity of our youth from an early age; so they can be groomed accordingly. (cid:1) we will push for greater practical and research training encouraging real world experience through internships and apprenticeships. Health Services - Increase the Access, Improve the Quality, Lower the Cost India needs a holistic care system that is universally accessible, affordable and effective and drastically reduces the out of pocket spending on health. NRHM has failed to meet the objectives and will be radically reformed. BJP accords high priority to health sector, which is crucial for securing the economy. The overarching goal of healthcare would be to provide, 'Health Assurance to all Indians and to reduce the out of pocket spending on health care', with the help of state governments. The current situation calls for radical reforms in the healthcare system with regards to national healthcare programs and delivery, medical education and training and financing of healthcare. Our government would focus on the following reforms in healthcare: (cid:1) the last healthcare policy dates back to 2002. India now needs a comprehensive healthcare policy to address the complex healthcare challenges, keeping in view the developments in the healthcare sector and the changing demographics. BJP will initiate the New Health Policy. (cid:1) initiate the 'National Health Assurance Mission', with a clear mandate to provide universal healthcare that is not only accessible and affordable, but also effective, and reduces the OOP spending for the common man. (cid:1) Education and Training - Will review the role of various professional regulatory bodies in healthcare and consider setting up an overarching lean body for healthcare. High priority will be given to address the shortfall of healthcare professionals. (cid:1) Modernize Government hospitals, upgrading infrastructure and latest technologies. (cid:1) Reorganize Ministry of Health and Family Welfare in order to converge various departments dealing in healthcare, food and nutrition and pharmaceuticals, for effective delivery of healthcare services. (cid:1) Increase the number of medical and para-medical colleges to make India self sufficient in human resources, and set up an AIIMS like institute in every state. (cid:1) Yoga and Ayurveda are the gifts of ancient Indian civilization to humanity and we will increase the","The genuine grievances of every state will be addressed in a comprehensive manner.","0","71"
"(cid:1) We will place Centre-State relations on an even keel through the process of consultation and strive for harmonious Centre-State relations.","We will place Centre-State relations on an even keel through the process of consultation and strive for harmonious Centre-State relations.","0","100"
"(cid:1) Our Government will be an enabler and facilitator in the rapid progress of states. We will evolve a model of national development, which is driven by the states. (cid:1) Team India shall not be limited to the Prime Minister led team sitting in Delhi, but will also include Chief Ministers and other functionaries as equal partners. (cid:1) Ensure fiscal autonomy of States while urging financial discipline. (cid:1) Create 'Regional Councils of States', with common problems and concerns, with a view to seeking solutions that are applicable across a group of states.","Our Government will be an enabler and facilitator in the rapid progress of states. We will evolve a model of national development, which is driven by the states.","2","100"
"(cid:1) Our Government will be an enabler and facilitator in the rapid progress of states. We will evolve a model of national development, which is driven by the states. (cid:1) Team India shall not be limited to the Prime Minister led team sitting in Delhi, but will also include Chief Ministers and other functionaries as equal partners. (cid:1) Ensure fiscal autonomy of States while urging financial discipline. (cid:1) Create 'Regional Councils of States', with common problems and concerns, with a view to seeking solutions that are applicable across a group of states.","Team India shall not be limited to the Prime Minister led team sitting in Delhi, but will also include Chief Ministers and other functionaries as equal partners.","0","100"
"(cid:1) Our Government will be an enabler and facilitator in the rapid progress of states. We will evolve a model of national development, which is driven by the states. (cid:1) Team India shall not be limited to the Prime Minister led team sitting in Delhi, but will also include Chief Ministers and other functionaries as equal partners. (cid:1) Ensure fiscal autonomy of States while urging financial discipline. (cid:1) Create 'Regional Councils of States', with common problems and concerns, with a view to seeking solutions that are applicable across a group of states.","Ensure fiscal autonomy of States while urging financial discipline.","1","100"
"(cid:1) Our Government will be an enabler and facilitator in the rapid progress of states. We will evolve a model of national development, which is driven by the states. (cid:1) Team India shall not be limited to the Prime Minister led team sitting in Delhi, but will also include Chief Ministers and other functionaries as equal partners. (cid:1) Ensure fiscal autonomy of States while urging financial discipline. (cid:1) Create 'Regional Councils of States', with common problems and concerns, with a view to seeking solutions that are applicable across a group of states.","Create 'Regional Councils of States', with common problems and concerns, with a view to seeking solutions that are applicable across a group of states.","0","100"
"(cid:1) We will encourage cooperation among states on security-related issues, inter-state disputes and for removing inter-regional economic disparities and promoting tourism. (cid:1) We recognize the special needs and unique problems of the hill and desert states. In consultation with the Governments of these states, state-specific developmental priorities/ models will be evolved so that the aspirations of the people are met.","We will encourage cooperation among states on security- related issues, inter-state disputes and for removing inter- regional economic disparities and promoting tourism.","2","100"
"(cid:1) We will encourage cooperation among states on security-related issues, inter-state disputes and for removing inter-regional economic disparities and promoting tourism. (cid:1) We recognize the special needs and unique problems of the hill and desert states. In consultation with the Governments of these states, state-specific developmental priorities/ models will be evolved so that the aspirations of the people are met.","We recognize the special needs and unique problems of the hill and desert states. In consultation with the Governments of these states, state-specific developmental priorities/ models will be evolved so that the aspirations of the people are met.","2","100"
"(cid:1) Given the unique status of Union Territories (UTs), they will receive special attention. We will focus on developing and strengthening the economy of UTs. Tourism will be promoted, tribal welfare and their rights will receive full attention, and infrastructure and coastal area development will be given top priority. (cid:1) We reiterate our commitment to the protection and integrated development of our island territories. (cid:1) The moribund forums like 'National Development Council' and 'Inter-State Council' will be revived and made into active bodies. (cid:1) Involve the state Governments in the promotion of foreign trade and commerce. (cid:1) Help the states mobilize resources through investments in industry, agriculture and infrastructure. Integrating the Nation - Its Vastness and Voices In a democracy, everyone is not only free, but also encouraged to voice his or her concerns. It is also necessary that these voices be heard and concerns redressed. However, all this should happen within the framework of our constitution and with the spirit of 'India First'. We have to keep the Nation at the forefront of our thoughts and actions. Any activity, which disrupts the integrity of the nation, cannot be in the interest of any segment of the society or any region of the country. All Indians living in different regions of the country have an equal stake in the progress of the country and they have to be assured of the fruits of the progress. (cid:1) Presently, we see that there is a vast regional disparity between different regions of the country 7","Given the unique status of Union Territories (UTs), they will receive special attention. We will focus on developing and strengthening the economy of UTs. Tourism will be promoted, tribal welfare and their rights will receive full attention, and infrastructure and coastal area development will be given top priority.","2","100"
"(cid:1) Given the unique status of Union Territories (UTs), they will receive special attention. We will focus on developing and strengthening the economy of UTs. Tourism will be promoted, tribal welfare and their rights will receive full attention, and infrastructure and coastal area development will be given top priority. (cid:1) We reiterate our commitment to the protection and integrated development of our island territories. (cid:1) The moribund forums like 'National Development Council' and 'Inter-State Council' will be revived and made into active bodies. (cid:1) Involve the state Governments in the promotion of foreign trade and commerce. (cid:1) Help the states mobilize resources through investments in industry, agriculture and infrastructure. Integrating the Nation - Its Vastness and Voices In a democracy, everyone is not only free, but also encouraged to voice his or her concerns. It is also necessary that these voices be heard and concerns redressed. However, all this should happen within the framework of our constitution and with the spirit of 'India First'. We have to keep the Nation at the forefront of our thoughts and actions. Any activity, which disrupts the integrity of the nation, cannot be in the interest of any segment of the society or any region of the country. All Indians living in different regions of the country have an equal stake in the progress of the country and they have to be assured of the fruits of the progress. (cid:1) Presently, we see that there is a vast regional disparity between different regions of the country 7","We reiterate our commitment to the protection and integrated development of our island territories.","2","100"
"(cid:1) Given the unique status of Union Territories (UTs), they will receive special attention. We will focus on developing and strengthening the economy of UTs. Tourism will be promoted, tribal welfare and their rights will receive full attention, and infrastructure and coastal area development will be given top priority. (cid:1) We reiterate our commitment to the protection and integrated development of our island territories. (cid:1) The moribund forums like 'National Development Council' and 'Inter-State Council' will be revived and made into active bodies. (cid:1) Involve the state Governments in the promotion of foreign trade and commerce. (cid:1) Help the states mobilize resources through investments in industry, agriculture and infrastructure. Integrating the Nation - Its Vastness and Voices In a democracy, everyone is not only free, but also encouraged to voice his or her concerns. It is also necessary that these voices be heard and concerns redressed. However, all this should happen within the framework of our constitution and with the spirit of 'India First'. We have to keep the Nation at the forefront of our thoughts and actions. Any activity, which disrupts the integrity of the nation, cannot be in the interest of any segment of the society or any region of the country. All Indians living in different regions of the country have an equal stake in the progress of the country and they have to be assured of the fruits of the progress. (cid:1) Presently, we see that there is a vast regional disparity between different regions of the country 7","The moribund forums like 'National Development Council' and 'Inter-State Council' will be revived and made into active bodies.","0","100"
"(cid:1) Given the unique status of Union Territories (UTs), they will receive special attention. We will focus on developing and strengthening the economy of UTs. Tourism will be promoted, tribal welfare and their rights will receive full attention, and infrastructure and coastal area development will be given top priority. (cid:1) We reiterate our commitment to the protection and integrated development of our island territories. (cid:1) The moribund forums like 'National Development Council' and 'Inter-State Council' will be revived and made into active bodies. (cid:1) Involve the state Governments in the promotion of foreign trade and commerce. (cid:1) Help the states mobilize resources through investments in industry, agriculture and infrastructure. Integrating the Nation - Its Vastness and Voices In a democracy, everyone is not only free, but also encouraged to voice his or her concerns. It is also necessary that these voices be heard and concerns redressed. However, all this should happen within the framework of our constitution and with the spirit of 'India First'. We have to keep the Nation at the forefront of our thoughts and actions. Any activity, which disrupts the integrity of the nation, cannot be in the interest of any segment of the society or any region of the country. All Indians living in different regions of the country have an equal stake in the progress of the country and they have to be assured of the fruits of the progress. (cid:1) Presently, we see that there is a vast regional disparity between different regions of the country 7","Involve the state Governments in the promotion of foreign trade and commerce. Help the states mobilize resources through investments in industry, agriculture and infrastructure.","2","100"
"Eastern Region. We will empower this Ministry with a broader charter and non-lapsable funds for the rapid development of the region. BJP will: (cid:1) put special emphasis on enhancing the connectivity within the region and to the rest of the country. There will be special emphasis on massive infrastructure development, especially along the Line of Actual Control in Arunachal Pradesh and Sikkim. (cid:1) address the issue of Flood control in Assam and river water management. (cid:1) nurture more job generating opportunities like tourism and IT industry. (cid:1) address the issue of infiltration and illegal immigrants in the Northeast region on a priority basis. This will include clear policy directions and effective control at the ground level. (cid:1) complete all pending fencing work along the India-Bangladesh and India-Myanmar border, stepping up border security. (cid:1) take measures for the safety of North-Eastern students studying across the country including setting up Hostels for North-Eastern students at various educational centres. (cid:1) deal with Insurgent groups with a firm hand. Jammu and Kashmir: Jammu and Kashmir was, is and shall remain an integral part of the Union of India. The territorial integrity of India is inviolable. BJP will pursue an agenda of equal and rapid development in all the three regions of the state - Jammu, Kashmir and Ladakh. (cid:1) The return of Kashmiri Pandits to the land of their ancestors with full dignity, security and assured livelihood will figure high on the BJP's agenda. (cid:1) The long pending problems and demands of refugees from Pakistan Occupied Kashmir (POK) will be addressed. (cid:1) BJP reiterates its stand on the Article 370, and will discuss this with all stakeholders and remains committed to the abrogation of this article. (cid:1) All steps will be taken to provide good governance, better infrastructure, educational opportunities, healthcare and more job opportunities, leading to a better quality of life in the valley. Seemandhra and Telangana: BJP is committed to do full justice to Seemandhra, and address the 8","We shall give the highest priority towards bringing the eastern parts of the country on par with the western parts. To that extent, there shall be special focus and emphasis on the development of the eastern side of India. Put special emphasis on enhancing the connectivity within the region and to the rest of the country and There will be special emphasis on massive infrastructure development, especially along the Line of Actual Control in Arunachal Pradesh and Sikkim.","2","87"
"Eastern Region. We will empower this Ministry with a broader charter and non-lapsable funds for the rapid development of the region. BJP will: (cid:1) put special emphasis on enhancing the connectivity within the region and to the rest of the country. There will be special emphasis on massive infrastructure development, especially along the Line of Actual Control in Arunachal Pradesh and Sikkim. (cid:1) address the issue of Flood control in Assam and river water management. (cid:1) nurture more job generating opportunities like tourism and IT industry. (cid:1) address the issue of infiltration and illegal immigrants in the Northeast region on a priority basis. This will include clear policy directions and effective control at the ground level. (cid:1) complete all pending fencing work along the India-Bangladesh and India-Myanmar border, stepping up border security. (cid:1) take measures for the safety of North-Eastern students studying across the country including setting up Hostels for North-Eastern students at various educational centres. (cid:1) deal with Insurgent groups with a firm hand. Jammu and Kashmir: Jammu and Kashmir was, is and shall remain an integral part of the Union of India. The territorial integrity of India is inviolable. BJP will pursue an agenda of equal and rapid development in all the three regions of the state - Jammu, Kashmir and Ladakh. (cid:1) The return of Kashmiri Pandits to the land of their ancestors with full dignity, security and assured livelihood will figure high on the BJP's agenda. (cid:1) The long pending problems and demands of refugees from Pakistan Occupied Kashmir (POK) will be addressed. (cid:1) BJP reiterates its stand on the Article 370, and will discuss this with all stakeholders and remains committed to the abrogation of this article. (cid:1) All steps will be taken to provide good governance, better infrastructure, educational opportunities, healthcare and more job opportunities, leading to a better quality of life in the valley. Seemandhra and Telangana: BJP is committed to do full justice to Seemandhra, and address the 8","NDA government had initiated concrete steps to address the issue of development of Northeast by setting up the Ministry of North- Eastern Region. We will empower this Ministry with a broader charter and non-lapsable funds for the rapid development of the region.","2","89"
"Eastern Region. We will empower this Ministry with a broader charter and non-lapsable funds for the rapid development of the region. BJP will: (cid:1) put special emphasis on enhancing the connectivity within the region and to the rest of the country. There will be special emphasis on massive infrastructure development, especially along the Line of Actual Control in Arunachal Pradesh and Sikkim. (cid:1) address the issue of Flood control in Assam and river water management. (cid:1) nurture more job generating opportunities like tourism and IT industry. (cid:1) address the issue of infiltration and illegal immigrants in the Northeast region on a priority basis. This will include clear policy directions and effective control at the ground level. (cid:1) complete all pending fencing work along the India-Bangladesh and India-Myanmar border, stepping up border security. (cid:1) take measures for the safety of North-Eastern students studying across the country including setting up Hostels for North-Eastern students at various educational centres. (cid:1) deal with Insurgent groups with a firm hand. Jammu and Kashmir: Jammu and Kashmir was, is and shall remain an integral part of the Union of India. The territorial integrity of India is inviolable. BJP will pursue an agenda of equal and rapid development in all the three regions of the state - Jammu, Kashmir and Ladakh. (cid:1) The return of Kashmiri Pandits to the land of their ancestors with full dignity, security and assured livelihood will figure high on the BJP's agenda. (cid:1) The long pending problems and demands of refugees from Pakistan Occupied Kashmir (POK) will be addressed. (cid:1) BJP reiterates its stand on the Article 370, and will discuss this with all stakeholders and remains committed to the abrogation of this article. (cid:1) All steps will be taken to provide good governance, better infrastructure, educational opportunities, healthcare and more job opportunities, leading to a better quality of life in the valley. Seemandhra and Telangana: BJP is committed to do full justice to Seemandhra, and address the 8","Address the issue of Flood control in Assam and river water management.","1","100"
"Eastern Region. We will empower this Ministry with a broader charter and non-lapsable funds for the rapid development of the region. BJP will: (cid:1) put special emphasis on enhancing the connectivity within the region and to the rest of the country. There will be special emphasis on massive infrastructure development, especially along the Line of Actual Control in Arunachal Pradesh and Sikkim. (cid:1) address the issue of Flood control in Assam and river water management. (cid:1) nurture more job generating opportunities like tourism and IT industry. (cid:1) address the issue of infiltration and illegal immigrants in the Northeast region on a priority basis. This will include clear policy directions and effective control at the ground level. (cid:1) complete all pending fencing work along the India-Bangladesh and India-Myanmar border, stepping up border security. (cid:1) take measures for the safety of North-Eastern students studying across the country including setting up Hostels for North-Eastern students at various educational centres. (cid:1) deal with Insurgent groups with a firm hand. Jammu and Kashmir: Jammu and Kashmir was, is and shall remain an integral part of the Union of India. The territorial integrity of India is inviolable. BJP will pursue an agenda of equal and rapid development in all the three regions of the state - Jammu, Kashmir and Ladakh. (cid:1) The return of Kashmiri Pandits to the land of their ancestors with full dignity, security and assured livelihood will figure high on the BJP's agenda. (cid:1) The long pending problems and demands of refugees from Pakistan Occupied Kashmir (POK) will be addressed. (cid:1) BJP reiterates its stand on the Article 370, and will discuss this with all stakeholders and remains committed to the abrogation of this article. (cid:1) All steps will be taken to provide good governance, better infrastructure, educational opportunities, healthcare and more job opportunities, leading to a better quality of life in the valley. Seemandhra and Telangana: BJP is committed to do full justice to Seemandhra, and address the 8","Nurture more job generating opportunities like tourism and IT industry.","2","100"
"Eastern Region. We will empower this Ministry with a broader charter and non-lapsable funds for the rapid development of the region. BJP will: (cid:1) put special emphasis on enhancing the connectivity within the region and to the rest of the country. There will be special emphasis on massive infrastructure development, especially along the Line of Actual Control in Arunachal Pradesh and Sikkim. (cid:1) address the issue of Flood control in Assam and river water management. (cid:1) nurture more job generating opportunities like tourism and IT industry. (cid:1) address the issue of infiltration and illegal immigrants in the Northeast region on a priority basis. This will include clear policy directions and effective control at the ground level. (cid:1) complete all pending fencing work along the India-Bangladesh and India-Myanmar border, stepping up border security. (cid:1) take measures for the safety of North-Eastern students studying across the country including setting up Hostels for North-Eastern students at various educational centres. (cid:1) deal with Insurgent groups with a firm hand. Jammu and Kashmir: Jammu and Kashmir was, is and shall remain an integral part of the Union of India. The territorial integrity of India is inviolable. BJP will pursue an agenda of equal and rapid development in all the three regions of the state - Jammu, Kashmir and Ladakh. (cid:1) The return of Kashmiri Pandits to the land of their ancestors with full dignity, security and assured livelihood will figure high on the BJP's agenda. (cid:1) The long pending problems and demands of refugees from Pakistan Occupied Kashmir (POK) will be addressed. (cid:1) BJP reiterates its stand on the Article 370, and will discuss this with all stakeholders and remains committed to the abrogation of this article. (cid:1) All steps will be taken to provide good governance, better infrastructure, educational opportunities, healthcare and more job opportunities, leading to a better quality of life in the valley. Seemandhra and Telangana: BJP is committed to do full justice to Seemandhra, and address the 8","Address the issue of infiltration and illegal immigrants in the Northeast region on a priority basis. This will include clear policy directions and effective control at the ground level.","1","100"
"Eastern Region. We will empower this Ministry with a broader charter and non-lapsable funds for the rapid development of the region. BJP will: (cid:1) put special emphasis on enhancing the connectivity within the region and to the rest of the country. There will be special emphasis on massive infrastructure development, especially along the Line of Actual Control in Arunachal Pradesh and Sikkim. (cid:1) address the issue of Flood control in Assam and river water management. (cid:1) nurture more job generating opportunities like tourism and IT industry. (cid:1) address the issue of infiltration and illegal immigrants in the Northeast region on a priority basis. This will include clear policy directions and effective control at the ground level. (cid:1) complete all pending fencing work along the India-Bangladesh and India-Myanmar border, stepping up border security. (cid:1) take measures for the safety of North-Eastern students studying across the country including setting up Hostels for North-Eastern students at various educational centres. (cid:1) deal with Insurgent groups with a firm hand. Jammu and Kashmir: Jammu and Kashmir was, is and shall remain an integral part of the Union of India. The territorial integrity of India is inviolable. BJP will pursue an agenda of equal and rapid development in all the three regions of the state - Jammu, Kashmir and Ladakh. (cid:1) The return of Kashmiri Pandits to the land of their ancestors with full dignity, security and assured livelihood will figure high on the BJP's agenda. (cid:1) The long pending problems and demands of refugees from Pakistan Occupied Kashmir (POK) will be addressed. (cid:1) BJP reiterates its stand on the Article 370, and will discuss this with all stakeholders and remains committed to the abrogation of this article. (cid:1) All steps will be taken to provide good governance, better infrastructure, educational opportunities, healthcare and more job opportunities, leading to a better quality of life in the valley. Seemandhra and Telangana: BJP is committed to do full justice to Seemandhra, and address the 8","Complete all pending fencing work along the India- Bangladesh and India-Myanmar border, stepping up border security.","2","100"
"Eastern Region. We will empower this Ministry with a broader charter and non-lapsable funds for the rapid development of the region. BJP will: (cid:1) put special emphasis on enhancing the connectivity within the region and to the rest of the country. There will be special emphasis on massive infrastructure development, especially along the Line of Actual Control in Arunachal Pradesh and Sikkim. (cid:1) address the issue of Flood control in Assam and river water management. (cid:1) nurture more job generating opportunities like tourism and IT industry. (cid:1) address the issue of infiltration and illegal immigrants in the Northeast region on a priority basis. This will include clear policy directions and effective control at the ground level. (cid:1) complete all pending fencing work along the India-Bangladesh and India-Myanmar border, stepping up border security. (cid:1) take measures for the safety of North-Eastern students studying across the country including setting up Hostels for North-Eastern students at various educational centres. (cid:1) deal with Insurgent groups with a firm hand. Jammu and Kashmir: Jammu and Kashmir was, is and shall remain an integral part of the Union of India. The territorial integrity of India is inviolable. BJP will pursue an agenda of equal and rapid development in all the three regions of the state - Jammu, Kashmir and Ladakh. (cid:1) The return of Kashmiri Pandits to the land of their ancestors with full dignity, security and assured livelihood will figure high on the BJP's agenda. (cid:1) The long pending problems and demands of refugees from Pakistan Occupied Kashmir (POK) will be addressed. (cid:1) BJP reiterates its stand on the Article 370, and will discuss this with all stakeholders and remains committed to the abrogation of this article. (cid:1) All steps will be taken to provide good governance, better infrastructure, educational opportunities, healthcare and more job opportunities, leading to a better quality of life in the valley. Seemandhra and Telangana: BJP is committed to do full justice to Seemandhra, and address the 8","Take measures for the safety of North-Eastern students studying across the country including setting up Hostels for North-Eastern students at various educational centres.","2","100"
"Eastern Region. We will empower this Ministry with a broader charter and non-lapsable funds for the rapid development of the region. BJP will: (cid:1) put special emphasis on enhancing the connectivity within the region and to the rest of the country. There will be special emphasis on massive infrastructure development, especially along the Line of Actual Control in Arunachal Pradesh and Sikkim. (cid:1) address the issue of Flood control in Assam and river water management. (cid:1) nurture more job generating opportunities like tourism and IT industry. (cid:1) address the issue of infiltration and illegal immigrants in the Northeast region on a priority basis. This will include clear policy directions and effective control at the ground level. (cid:1) complete all pending fencing work along the India-Bangladesh and India-Myanmar border, stepping up border security. (cid:1) take measures for the safety of North-Eastern students studying across the country including setting up Hostels for North-Eastern students at various educational centres. (cid:1) deal with Insurgent groups with a firm hand. Jammu and Kashmir: Jammu and Kashmir was, is and shall remain an integral part of the Union of India. The territorial integrity of India is inviolable. BJP will pursue an agenda of equal and rapid development in all the three regions of the state - Jammu, Kashmir and Ladakh. (cid:1) The return of Kashmiri Pandits to the land of their ancestors with full dignity, security and assured livelihood will figure high on the BJP's agenda. (cid:1) The long pending problems and demands of refugees from Pakistan Occupied Kashmir (POK) will be addressed. (cid:1) BJP reiterates its stand on the Article 370, and will discuss this with all stakeholders and remains committed to the abrogation of this article. (cid:1) All steps will be taken to provide good governance, better infrastructure, educational opportunities, healthcare and more job opportunities, leading to a better quality of life in the valley. Seemandhra and Telangana: BJP is committed to do full justice to Seemandhra, and address the 8","Deal with Insurgent groups with a firm hand.","0","100"
"Eastern Region. We will empower this Ministry with a broader charter and non-lapsable funds for the rapid development of the region. BJP will: (cid:1) put special emphasis on enhancing the connectivity within the region and to the rest of the country. There will be special emphasis on massive infrastructure development, especially along the Line of Actual Control in Arunachal Pradesh and Sikkim. (cid:1) address the issue of Flood control in Assam and river water management. (cid:1) nurture more job generating opportunities like tourism and IT industry. (cid:1) address the issue of infiltration and illegal immigrants in the Northeast region on a priority basis. This will include clear policy directions and effective control at the ground level. (cid:1) complete all pending fencing work along the India-Bangladesh and India-Myanmar border, stepping up border security. (cid:1) take measures for the safety of North-Eastern students studying across the country including setting up Hostels for North-Eastern students at various educational centres. (cid:1) deal with Insurgent groups with a firm hand. Jammu and Kashmir: Jammu and Kashmir was, is and shall remain an integral part of the Union of India. The territorial integrity of India is inviolable. BJP will pursue an agenda of equal and rapid development in all the three regions of the state - Jammu, Kashmir and Ladakh. (cid:1) The return of Kashmiri Pandits to the land of their ancestors with full dignity, security and assured livelihood will figure high on the BJP's agenda. (cid:1) The long pending problems and demands of refugees from Pakistan Occupied Kashmir (POK) will be addressed. (cid:1) BJP reiterates its stand on the Article 370, and will discuss this with all stakeholders and remains committed to the abrogation of this article. (cid:1) All steps will be taken to provide good governance, better infrastructure, educational opportunities, healthcare and more job opportunities, leading to a better quality of life in the valley. Seemandhra and Telangana: BJP is committed to do full justice to Seemandhra, and address the 8","Jammu and Kashmir: BJP will pursue an agenda of equal and rapid development in all the three regions of the state - Jammu, Kashmir and Ladakh. All steps will be taken to provide good governance, better infrastructure, educational opportunities, healthcare and more job opportunities, leading to a better quality of life in the valley.","2","100"
"Eastern Region. We will empower this Ministry with a broader charter and non-lapsable funds for the rapid development of the region. BJP will: (cid:1) put special emphasis on enhancing the connectivity within the region and to the rest of the country. There will be special emphasis on massive infrastructure development, especially along the Line of Actual Control in Arunachal Pradesh and Sikkim. (cid:1) address the issue of Flood control in Assam and river water management. (cid:1) nurture more job generating opportunities like tourism and IT industry. (cid:1) address the issue of infiltration and illegal immigrants in the Northeast region on a priority basis. This will include clear policy directions and effective control at the ground level. (cid:1) complete all pending fencing work along the India-Bangladesh and India-Myanmar border, stepping up border security. (cid:1) take measures for the safety of North-Eastern students studying across the country including setting up Hostels for North-Eastern students at various educational centres. (cid:1) deal with Insurgent groups with a firm hand. Jammu and Kashmir: Jammu and Kashmir was, is and shall remain an integral part of the Union of India. The territorial integrity of India is inviolable. BJP will pursue an agenda of equal and rapid development in all the three regions of the state - Jammu, Kashmir and Ladakh. (cid:1) The return of Kashmiri Pandits to the land of their ancestors with full dignity, security and assured livelihood will figure high on the BJP's agenda. (cid:1) The long pending problems and demands of refugees from Pakistan Occupied Kashmir (POK) will be addressed. (cid:1) BJP reiterates its stand on the Article 370, and will discuss this with all stakeholders and remains committed to the abrogation of this article. (cid:1) All steps will be taken to provide good governance, better infrastructure, educational opportunities, healthcare and more job opportunities, leading to a better quality of life in the valley. Seemandhra and Telangana: BJP is committed to do full justice to Seemandhra, and address the 8","The return of Kashmiri Pandits to the land of their ancestors with full dignity, security and assured livelihood will figure high on the BJP's agenda.","0","100"
"Eastern Region. We will empower this Ministry with a broader charter and non-lapsable funds for the rapid development of the region. BJP will: (cid:1) put special emphasis on enhancing the connectivity within the region and to the rest of the country. There will be special emphasis on massive infrastructure development, especially along the Line of Actual Control in Arunachal Pradesh and Sikkim. (cid:1) address the issue of Flood control in Assam and river water management. (cid:1) nurture more job generating opportunities like tourism and IT industry. (cid:1) address the issue of infiltration and illegal immigrants in the Northeast region on a priority basis. This will include clear policy directions and effective control at the ground level. (cid:1) complete all pending fencing work along the India-Bangladesh and India-Myanmar border, stepping up border security. (cid:1) take measures for the safety of North-Eastern students studying across the country including setting up Hostels for North-Eastern students at various educational centres. (cid:1) deal with Insurgent groups with a firm hand. Jammu and Kashmir: Jammu and Kashmir was, is and shall remain an integral part of the Union of India. The territorial integrity of India is inviolable. BJP will pursue an agenda of equal and rapid development in all the three regions of the state - Jammu, Kashmir and Ladakh. (cid:1) The return of Kashmiri Pandits to the land of their ancestors with full dignity, security and assured livelihood will figure high on the BJP's agenda. (cid:1) The long pending problems and demands of refugees from Pakistan Occupied Kashmir (POK) will be addressed. (cid:1) BJP reiterates its stand on the Article 370, and will discuss this with all stakeholders and remains committed to the abrogation of this article. (cid:1) All steps will be taken to provide good governance, better infrastructure, educational opportunities, healthcare and more job opportunities, leading to a better quality of life in the valley. Seemandhra and Telangana: BJP is committed to do full justice to Seemandhra, and address the 8","The long pending problems and demands of refugees from Pakistan Occupied Kashmir (POK) will be addressed.","1","100"
"Eastern Region. We will empower this Ministry with a broader charter and non-lapsable funds for the rapid development of the region. BJP will: (cid:1) put special emphasis on enhancing the connectivity within the region and to the rest of the country. There will be special emphasis on massive infrastructure development, especially along the Line of Actual Control in Arunachal Pradesh and Sikkim. (cid:1) address the issue of Flood control in Assam and river water management. (cid:1) nurture more job generating opportunities like tourism and IT industry. (cid:1) address the issue of infiltration and illegal immigrants in the Northeast region on a priority basis. This will include clear policy directions and effective control at the ground level. (cid:1) complete all pending fencing work along the India-Bangladesh and India-Myanmar border, stepping up border security. (cid:1) take measures for the safety of North-Eastern students studying across the country including setting up Hostels for North-Eastern students at various educational centres. (cid:1) deal with Insurgent groups with a firm hand. Jammu and Kashmir: Jammu and Kashmir was, is and shall remain an integral part of the Union of India. The territorial integrity of India is inviolable. BJP will pursue an agenda of equal and rapid development in all the three regions of the state - Jammu, Kashmir and Ladakh. (cid:1) The return of Kashmiri Pandits to the land of their ancestors with full dignity, security and assured livelihood will figure high on the BJP's agenda. (cid:1) The long pending problems and demands of refugees from Pakistan Occupied Kashmir (POK) will be addressed. (cid:1) BJP reiterates its stand on the Article 370, and will discuss this with all stakeholders and remains committed to the abrogation of this article. (cid:1) All steps will be taken to provide good governance, better infrastructure, educational opportunities, healthcare and more job opportunities, leading to a better quality of life in the valley. Seemandhra and Telangana: BJP is committed to do full justice to Seemandhra, and address the 8","BJP reiterates its stand on the Article 370, and will discuss this with all stakeholders and remains committed to the abrogation of this article.","1","100"
"Eastern Region. We will empower this Ministry with a broader charter and non-lapsable funds for the rapid development of the region. BJP will: (cid:1) put special emphasis on enhancing the connectivity within the region and to the rest of the country. There will be special emphasis on massive infrastructure development, especially along the Line of Actual Control in Arunachal Pradesh and Sikkim. (cid:1) address the issue of Flood control in Assam and river water management. (cid:1) nurture more job generating opportunities like tourism and IT industry. (cid:1) address the issue of infiltration and illegal immigrants in the Northeast region on a priority basis. This will include clear policy directions and effective control at the ground level. (cid:1) complete all pending fencing work along the India-Bangladesh and India-Myanmar border, stepping up border security. (cid:1) take measures for the safety of North-Eastern students studying across the country including setting up Hostels for North-Eastern students at various educational centres. (cid:1) deal with Insurgent groups with a firm hand. Jammu and Kashmir: Jammu and Kashmir was, is and shall remain an integral part of the Union of India. The territorial integrity of India is inviolable. BJP will pursue an agenda of equal and rapid development in all the three regions of the state - Jammu, Kashmir and Ladakh. (cid:1) The return of Kashmiri Pandits to the land of their ancestors with full dignity, security and assured livelihood will figure high on the BJP's agenda. (cid:1) The long pending problems and demands of refugees from Pakistan Occupied Kashmir (POK) will be addressed. (cid:1) BJP reiterates its stand on the Article 370, and will discuss this with all stakeholders and remains committed to the abrogation of this article. (cid:1) All steps will be taken to provide good governance, better infrastructure, educational opportunities, healthcare and more job opportunities, leading to a better quality of life in the valley. Seemandhra and Telangana: BJP is committed to do full justice to Seemandhra, and address the 8","Seemandhra and Telangana: BJP is committed to do full justice to Seemandhra, and address the issues of development and governance of Seemandhra and Telangana.","2","97"
"We will make them the active drivers of development rather than mere passive recipients. (cid:1) People's Engagement: Through Pro-active, Pro-people Good Governance, we will ensure the Government itself directly reaches out to the people, especially the weak and marginalized sections of society.","People's Participation: Our developmental process will be a people's movement - of Jan bhagidari. We will make them the active drivers of development rather than mere passive recipients. ---- People's Engagement: Through Pro-active, Pro-people Good Governance, we will ensure the Government itself directly reaches out to the people, especially the weak and marginalized sections of society. --- We will further evolve the Public Private Partnership (PPP) model into a People-Public-Private Partnership (PPPP) model. --- We will actively involve people in policy formulation and evaluation through various platforms. ---","0","99"
"(cid:1) We will further evolve the Public Private Partnership (PPP) model into a People-Public-Private Partnership (PPPP) model. (cid:1) BJP is committed to strengthen self-Governance at the local level and we will empower Panchayati Raj Institutions with extensive devolution of the 3 Fs - Functions, Functionaries and Funds. (cid:1) Good performers amongst the Panchayats will be rewarded with additional developmental grants. (cid:1) Strengthen the institution of the Gram Sabha, respecting their inputs and initiatives for development process.","BJP is committed to strengthen self-Governance at the local level and we will empower Panchayati Raj Institutions with extensive devolution of the 3 Fs - Functions, Functionaries and Funds. --- Good performers amongst the Panchayats will be rewarded with additional developmental grants. ---- Strengthen the institution of the Gram Sabha, respecting their inputs and initiatives for development process. ---","2","100"
"(cid:1) We will encourage Openness in the Government, involving all stakeholders in the decision-making processes. 9","We will encourage Openness in the Government, involving all stakeholders in the decision-making processes.","0","100"
"and empower them to take advantage of the development process. We will make an effort that government withdraws from those services which could be done by others and devote that extra time, money and energy for social sectors, particularly for development of the weaker sections. And a common thread will run across all our ideas and initiatives. This common thread is the wire and wave of Technology - maximum application of technology for making governance easy, economical and effective. Social Security - A Caring Government, Passionate Society India has always been a caring society. It is in our culture to help the aged, the weak and the helpless. We have to retain this. We have to educate our younger generations about this. The social security schemes of the Governments have to be made more meaningful. Our aspirations get frustrated when we encounter a weak social infrastructure. We need it on a daily basis. Children - the Future of the Nation ""There can be no keener revelation of a society's soul than the way in which it treats its children"" - Nelson Mandela Indicators related to children welfare are an indicator of the progress of the nation, be it health, education or safety of children. Under the UPA rule, the same has not been given its due weightage. BJP is committed to address the issues related to children, like malnutrition and under-nutrition, problem of child labour, child-trafficking and missing children, sexual abuse, school dropouts and the increasing crime rate among juveniles. BJP will take the following steps to ensure survival, development, participation and protection of children: (cid:1) Lay special emphasis on vulnerable children and especially those belonging to the vulnerable communities like SCs, STs, OBCs, migrants, slum dwellers, street dwellers and those with disabilities. (cid:1) Ensure effective implementation of the Right to Education, Right to Food Security Act. (cid:1) Review, amend and strengthen the Child and Adolescent Labour (Prohibition and Regulation) Act, 2012 and Integrated Child Protection Scheme (ICPS). (cid:1) Focused efforts will be made to address issue of anaemia. (cid:1) Reduce the burden of books on children without compromising on the quality of education. (cid:1) Endeavour to inculcate values amongst children. Senior Citizens","Every effort will be made to meet the development aspirations of the people and make the Government agencies accountable to the citizens.","0","81"
"people and make the Government agencies accountable to the citizens. We will set-up an effective Lokpal institution. Corruption at any level will be dealt with firmly and swiftly. From birth certificate to school admission, from setting up business to paying of taxes, our present","We will set-up an effective Lokpal institution.","0","100"
"people and make the Government agencies accountable to the citizens. We will set-up an effective Lokpal institution. Corruption at any level will be dealt with firmly and swiftly. From birth certificate to school admission, from setting up business to paying of taxes, our present","Corruption at any level will be dealt with firmly and swiftly.","2","100"
"We will: (cid:1) Ensure that the young, and the girl child in particular get education and jobs without discrimination. (cid:1) Strengthen and modernize minority educational systems and institutions; dovetailing them with modern requirements. National Madrasa modernization programme would be initiated. (cid:1) Empower with vibrancy in Livelihood and Entrepreneurial opportunities. (cid:1) Augment their traditional artisanship and entrepreneurial skill, which are a backbone of our cottage and small-scale industry - strengthening these sectors through better market linkages, branding and access to credit. (cid:1) Empower Waqf Boards in consultation with religious leaders; taking steps to remove encroachments from and unauthorized occupation of Waqf properties. (cid:1) Curate their rich heritage and culture - maintenance and restoration of heritage sites; digitization of archives; preservation and promotion of Urdu. (cid:1) Ensure a peaceful and secure environment, where there is no place for either the perpetrators or exploiters of fear. (cid:1) Facilitate the setting up of a permanent Inter-faith Consultative mechanism to promote harmony and trust, under the auspices of religious leaders. Neo-Middle Class - Meet their Aspirations India has a large middle class with immense understanding, talent and purchasing power. In addition, a whole new class has emerged. Those who have risen from the category of poor and are yet to stabilize in the middle class, the 'neo middle class'. This class needs proactive handholding. Having moved out of poverty, their aspirations have increased. They want amenities and services of a certain standard. They thus now feel that Government facilities and services are not up to the mark, and hence resort to the private sector for things like education, health and transport. This is obviously costly, putting the neo middle class into a daily dilemma. As more and more people move into this category, 17","Open up Government to draw expertise from the industry, academia and society into the services. ---Open up government to draw expertise from the industry, academia and society. ----","0","74"
"We will establish a system, which eliminates the scope for corruption. We will do this through: (cid:1) public awareness (cid:1) technology enabled e-Governance - minimizing the discretion in the citizen-government interface. (cid:1) system-based, policy-driven governance - making it transparent. (cid:1) rationalization and simplification of the tax regime - which is currently repulsive for honest tax payers. (cid:1) simplification of the processes and procedures at all levels - bestowing faith in the citizens, institutions and establishments. Black Money By minimizing the scope for corruption, we will ensure minimization of the generation of black money. BJP is committed to initiate the process of tracking down and bringing back black money stashed in","policy-driven","0","100"
"We will: (cid:1) focus on increasing the penetration and usage of broadband across the country. Deployment of broadband in every village would be a thrust area. (cid:1) leverage technology for e-Governance and engage proactively with the people through social media for participative governance and effective public grievance redressal mechanism. (cid:1) generate IT based jobs in rural and semi-urban areas. (cid:1) make technology enabled products affordable for students. (cid:1) use technology to reduce the burden of books on children. Make all institutions and schools e- enabled in a phased manner. Digital learning and training to be used extensively. (cid:1) pursue a mission mode project under the 'National Rural Internet and Technology Mission' for use of telemedicine and mobile healthcare for rural healthcare delivery; use of IT for agriculture for real time information; Self Help Groups; retail trade and SMEs; and rural entrepreneurs, etc. (cid:1) initiate a National e-Governance Plan to cover every Government office from the centre to the panchayats. The 'E-Gram, Vishwa Gram' scheme in Gujarat to be implemented nationwide. (cid:1) promote e-Bhasha - National Mission for the promotion of IT in Indian Languages. (cid:1) focus to bring SC/ST, OBCs and other weaker sections of the society within the ambit of IT enabled development. 11","time-bound delivery","2","81"
"and empower them to take advantage of the development process. We will make an effort that government withdraws from those services which could be done by others and devote that extra time, money and energy for social sectors, particularly for development of the weaker sections. And a common thread will run across all our ideas and initiatives. This common thread is the wire and wave of Technology - maximum application of technology for making governance easy, economical and effective. Social Security - A Caring Government, Passionate Society India has always been a caring society. It is in our culture to help the aged, the weak and the helpless. We have to retain this. We have to educate our younger generations about this. The social security schemes of the Governments have to be made more meaningful. Our aspirations get frustrated when we encounter a weak social infrastructure. We need it on a daily basis. Children - the Future of the Nation ""There can be no keener revelation of a society's soul than the way in which it treats its children"" - Nelson Mandela Indicators related to children welfare are an indicator of the progress of the nation, be it health, education or safety of children. Under the UPA rule, the same has not been given its due weightage. BJP is committed to address the issues related to children, like malnutrition and under-nutrition, problem of child labour, child-trafficking and missing children, sexual abuse, school dropouts and the increasing crime rate among juveniles. BJP will take the following steps to ensure survival, development, participation and protection of children: (cid:1) Lay special emphasis on vulnerable children and especially those belonging to the vulnerable communities like SCs, STs, OBCs, migrants, slum dwellers, street dwellers and those with disabilities. (cid:1) Ensure effective implementation of the Right to Education, Right to Food Security Act. (cid:1) Review, amend and strengthen the Child and Adolescent Labour (Prohibition and Regulation) Act, 2012 and Integrated Child Protection Scheme (ICPS). (cid:1) Focused efforts will be made to address issue of anaemia. (cid:1) Reduce the burden of books on children without compromising on the quality of education. (cid:1) Endeavour to inculcate values amongst children. Senior Citizens","Minimum government-maximum governance","2","88"
"We will: (cid:1) focus on increasing the penetration and usage of broadband across the country. Deployment of broadband in every village would be a thrust area. (cid:1) leverage technology for e-Governance and engage proactively with the people through social media for participative governance and effective public grievance redressal mechanism. (cid:1) generate IT based jobs in rural and semi-urban areas. (cid:1) make technology enabled products affordable for students. (cid:1) use technology to reduce the burden of books on children. Make all institutions and schools e- enabled in a phased manner. Digital learning and training to be used extensively. (cid:1) pursue a mission mode project under the 'National Rural Internet and Technology Mission' for use of telemedicine and mobile healthcare for rural healthcare delivery; use of IT for agriculture for real time information; Self Help Groups; retail trade and SMEs; and rural entrepreneurs, etc. (cid:1) initiate a National e-Governance Plan to cover every Government office from the centre to the panchayats. The 'E-Gram, Vishwa Gram' scheme in Gujarat to be implemented nationwide. (cid:1) promote e-Bhasha - National Mission for the promotion of IT in Indian Languages. (cid:1) focus to bring SC/ST, OBCs and other weaker sections of the society within the ambit of IT enabled development. 11","Focus on increasing the penetration and usage of broadband across the country. Deployment of broadband in every village would be a thrust area.","0","100"
"We will: (cid:1) focus on increasing the penetration and usage of broadband across the country. Deployment of broadband in every village would be a thrust area. (cid:1) leverage technology for e-Governance and engage proactively with the people through social media for participative governance and effective public grievance redressal mechanism. (cid:1) generate IT based jobs in rural and semi-urban areas. (cid:1) make technology enabled products affordable for students. (cid:1) use technology to reduce the burden of books on children. Make all institutions and schools e- enabled in a phased manner. Digital learning and training to be used extensively. (cid:1) pursue a mission mode project under the 'National Rural Internet and Technology Mission' for use of telemedicine and mobile healthcare for rural healthcare delivery; use of IT for agriculture for real time information; Self Help Groups; retail trade and SMEs; and rural entrepreneurs, etc. (cid:1) initiate a National e-Governance Plan to cover every Government office from the centre to the panchayats. The 'E-Gram, Vishwa Gram' scheme in Gujarat to be implemented nationwide. (cid:1) promote e-Bhasha - National Mission for the promotion of IT in Indian Languages. (cid:1) focus to bring SC/ST, OBCs and other weaker sections of the society within the ambit of IT enabled development. 11","Leverage technology for e-Governance and engage proactively with the people through social media for participative governance and effective public grievance redressal mechanism.","0","100"
"We will: (cid:1) focus on increasing the penetration and usage of broadband across the country. Deployment of broadband in every village would be a thrust area. (cid:1) leverage technology for e-Governance and engage proactively with the people through social media for participative governance and effective public grievance redressal mechanism. (cid:1) generate IT based jobs in rural and semi-urban areas. (cid:1) make technology enabled products affordable for students. (cid:1) use technology to reduce the burden of books on children. Make all institutions and schools e- enabled in a phased manner. Digital learning and training to be used extensively. (cid:1) pursue a mission mode project under the 'National Rural Internet and Technology Mission' for use of telemedicine and mobile healthcare for rural healthcare delivery; use of IT for agriculture for real time information; Self Help Groups; retail trade and SMEs; and rural entrepreneurs, etc. (cid:1) initiate a National e-Governance Plan to cover every Government office from the centre to the panchayats. The 'E-Gram, Vishwa Gram' scheme in Gujarat to be implemented nationwide. (cid:1) promote e-Bhasha - National Mission for the promotion of IT in Indian Languages. (cid:1) focus to bring SC/ST, OBCs and other weaker sections of the society within the ambit of IT enabled development. 11","Generate IT based jobs in rural and semi-urban areas.","2","100"
"We will: (cid:1) focus on increasing the penetration and usage of broadband across the country. Deployment of broadband in every village would be a thrust area. (cid:1) leverage technology for e-Governance and engage proactively with the people through social media for participative governance and effective public grievance redressal mechanism. (cid:1) generate IT based jobs in rural and semi-urban areas. (cid:1) make technology enabled products affordable for students. (cid:1) use technology to reduce the burden of books on children. Make all institutions and schools e- enabled in a phased manner. Digital learning and training to be used extensively. (cid:1) pursue a mission mode project under the 'National Rural Internet and Technology Mission' for use of telemedicine and mobile healthcare for rural healthcare delivery; use of IT for agriculture for real time information; Self Help Groups; retail trade and SMEs; and rural entrepreneurs, etc. (cid:1) initiate a National e-Governance Plan to cover every Government office from the centre to the panchayats. The 'E-Gram, Vishwa Gram' scheme in Gujarat to be implemented nationwide. (cid:1) promote e-Bhasha - National Mission for the promotion of IT in Indian Languages. (cid:1) focus to bring SC/ST, OBCs and other weaker sections of the society within the ambit of IT enabled development. 11","Make technology enabled products affordable for students. Use technology to reduce the burden of books on children. Make all institutions and schools enabled in a phased manner. Digital learning and training to be used extensively.","1","100"
"We will: (cid:1) focus on increasing the penetration and usage of broadband across the country. Deployment of broadband in every village would be a thrust area. (cid:1) leverage technology for e-Governance and engage proactively with the people through social media for participative governance and effective public grievance redressal mechanism. (cid:1) generate IT based jobs in rural and semi-urban areas. (cid:1) make technology enabled products affordable for students. (cid:1) use technology to reduce the burden of books on children. Make all institutions and schools e- enabled in a phased manner. Digital learning and training to be used extensively. (cid:1) pursue a mission mode project under the 'National Rural Internet and Technology Mission' for use of telemedicine and mobile healthcare for rural healthcare delivery; use of IT for agriculture for real time information; Self Help Groups; retail trade and SMEs; and rural entrepreneurs, etc. (cid:1) initiate a National e-Governance Plan to cover every Government office from the centre to the panchayats. The 'E-Gram, Vishwa Gram' scheme in Gujarat to be implemented nationwide. (cid:1) promote e-Bhasha - National Mission for the promotion of IT in Indian Languages. (cid:1) focus to bring SC/ST, OBCs and other weaker sections of the society within the ambit of IT enabled development. 11","pursue a mission mode project under the 'National Rural Internet and Technology Mission' for use of telemedicine and mobile healthcare for rural healthcare delivery; use of IT for agriculture for real time information; Self Help Groups; retail trade and SMEs; and rural entrepreneurs, etc.","0","100"
"We will: (cid:1) focus on increasing the penetration and usage of broadband across the country. Deployment of broadband in every village would be a thrust area. (cid:1) leverage technology for e-Governance and engage proactively with the people through social media for participative governance and effective public grievance redressal mechanism. (cid:1) generate IT based jobs in rural and semi-urban areas. (cid:1) make technology enabled products affordable for students. (cid:1) use technology to reduce the burden of books on children. Make all institutions and schools e- enabled in a phased manner. Digital learning and training to be used extensively. (cid:1) pursue a mission mode project under the 'National Rural Internet and Technology Mission' for use of telemedicine and mobile healthcare for rural healthcare delivery; use of IT for agriculture for real time information; Self Help Groups; retail trade and SMEs; and rural entrepreneurs, etc. (cid:1) initiate a National e-Governance Plan to cover every Government office from the centre to the panchayats. The 'E-Gram, Vishwa Gram' scheme in Gujarat to be implemented nationwide. (cid:1) promote e-Bhasha - National Mission for the promotion of IT in Indian Languages. (cid:1) focus to bring SC/ST, OBCs and other weaker sections of the society within the ambit of IT enabled development. 11","Initiate a National e-Governance Plan to cover every Government office from the centre to the panchayats. The 'E Gram, Vishwa Gram' scheme in Gujarat to be implemented nationwide.","0","100"
"We will: (cid:1) focus on increasing the penetration and usage of broadband across the country. Deployment of broadband in every village would be a thrust area. (cid:1) leverage technology for e-Governance and engage proactively with the people through social media for participative governance and effective public grievance redressal mechanism. (cid:1) generate IT based jobs in rural and semi-urban areas. (cid:1) make technology enabled products affordable for students. (cid:1) use technology to reduce the burden of books on children. Make all institutions and schools e- enabled in a phased manner. Digital learning and training to be used extensively. (cid:1) pursue a mission mode project under the 'National Rural Internet and Technology Mission' for use of telemedicine and mobile healthcare for rural healthcare delivery; use of IT for agriculture for real time information; Self Help Groups; retail trade and SMEs; and rural entrepreneurs, etc. (cid:1) initiate a National e-Governance Plan to cover every Government office from the centre to the panchayats. The 'E-Gram, Vishwa Gram' scheme in Gujarat to be implemented nationwide. (cid:1) promote e-Bhasha - National Mission for the promotion of IT in Indian Languages. (cid:1) focus to bring SC/ST, OBCs and other weaker sections of the society within the ambit of IT enabled development. 11","Promote e-Bhasha - National Mission for the promotion of IT in Indian Languages.","2","100"
"We will: (cid:1) focus on increasing the penetration and usage of broadband across the country. Deployment of broadband in every village would be a thrust area. (cid:1) leverage technology for e-Governance and engage proactively with the people through social media for participative governance and effective public grievance redressal mechanism. (cid:1) generate IT based jobs in rural and semi-urban areas. (cid:1) make technology enabled products affordable for students. (cid:1) use technology to reduce the burden of books on children. Make all institutions and schools e- enabled in a phased manner. Digital learning and training to be used extensively. (cid:1) pursue a mission mode project under the 'National Rural Internet and Technology Mission' for use of telemedicine and mobile healthcare for rural healthcare delivery; use of IT for agriculture for real time information; Self Help Groups; retail trade and SMEs; and rural entrepreneurs, etc. (cid:1) initiate a National e-Governance Plan to cover every Government office from the centre to the panchayats. The 'E-Gram, Vishwa Gram' scheme in Gujarat to be implemented nationwide. (cid:1) promote e-Bhasha - National Mission for the promotion of IT in Indian Languages. (cid:1) focus to bring SC/ST, OBCs and other weaker sections of the society within the ambit of IT enabled development. 11","Focus to bring SC/ST, OBCs and other weaker sections of the society within the ambit of IT enabled development.","0","100"
"To ensure drinking water security to all. We will: (cid:1) Encourage setting up of drinking water supply grid in water scarce areas. (cid:1) Promote decentralized, demand-driven, community-managed water resource management, water supply and environmental sanitation. (cid:1) Facilitate piped water to all households. Energy - Generate More, Use Rationally, Waste Less BJP realizes the need to focus on generation and distribution of power as a national security issue, so that the growth is not negatively impacted due to supply issues in the energy sector. The overarching goal of energy security is to ensure affordable energy for various consumer segments. Steps will be taken to avoid over- dependence on any one fuel and ensure supplier diversity, to avoid reliance on one supplier, country and developing indigenous capacities to meet the emerging needs. BJP will: (cid:1) Come out with a responsible and comprehensive 'National Energy Policy'. (cid:1) Focus on development of energy infrastructure, human resource development and upgradation of technology. (cid:1) Take steps to maximize the potential of oil, gas, hydel power, ocean, wind, coal and nuclear sources. BJP considers energy efficiency and conservation crucial to energy security. (cid:1) Set up small-hydro power generation projects to harness the hydropower that is not being used at the moment. Small projects can be set up with local support and without displacement of the local population. (cid:1) Take Steps to increase the domestic coal exploration and production, to bridge the demand and supply gap. Oil and gas explorations would also be expedited in the country. This will also help to reduce the import bill. (cid:1) Give a thrust to renewable sources of energy as an important component of India's energy mix. (cid:1) Expand and strengthen the national solar mission. Science and Technology - India Innovates and India Leads India has been a knowledge economy and has been a leader in science and technology from the ancient times. India now needs policies and programs to reclaim its global leadership position in science and technology. BJP recognizes the need to create an ecosystem for fundamental research and innovation, keeping the objective of science with a human face in the service of the common man. Science and technology has enormous potential to bridge the disparities between the urban and rural India, rich and poor. Scientific education and technology needs to be encouraged, promoted, practiced and leveraged with renewed vision and vigour. BJP recognizes the central role of science and technology in raising the quality of life of the people of the country, particularly of the disadvantaged sections of society in creating wealth for all, in making India globally competitive, in utilizing natural resources in a sustainable manner, in protecting the","Use technology to reduce Transmission and distribution losses.","2","80"
"We will: (cid:1) accord high priority to judicial reforms to address the issue of appointment of judges, filling the vacancies, opening new courts, setting up a mechanism for speedy clearance of the backlog of cases at various levels in the judiciary. (cid:1) initiate a mission mode project for filling the vacancies in the judiciary and for doubling the number of courts and judges in the subordinate judiciary. (cid:1) set up a National Judicial Commission for the appointment of judges in higher judiciary. (cid:1) create a fund for modernization of courts to improve the operational efficiency of courts. (cid:1) set up a separate class of courts for cases involving specified commercial laws which fast track the litigation process. (cid:1) reform the criminal justice system to make dispensation of justice simpler, quicker and more effective and after examining the recommendations of the earlier reports on this subject. 12","Accord high priority to judicial reforms to address the issue of appointment of judges, filling the vacancies Opening new courts, setting up a mechanism for speedy clearance of the backlog of cases at various levels in the judiciary.","0","100"
"We will: (cid:1) accord high priority to judicial reforms to address the issue of appointment of judges, filling the vacancies, opening new courts, setting up a mechanism for speedy clearance of the backlog of cases at various levels in the judiciary. (cid:1) initiate a mission mode project for filling the vacancies in the judiciary and for doubling the number of courts and judges in the subordinate judiciary. (cid:1) set up a National Judicial Commission for the appointment of judges in higher judiciary. (cid:1) create a fund for modernization of courts to improve the operational efficiency of courts. (cid:1) set up a separate class of courts for cases involving specified commercial laws which fast track the litigation process. (cid:1) reform the criminal justice system to make dispensation of justice simpler, quicker and more effective and after examining the recommendations of the earlier reports on this subject. 12","Initiate a mission mode project for filling the vacancies in the judiciary and for doubling the number of courts and judges in the subordinate judiciary.","1","100"
"We will: (cid:1) accord high priority to judicial reforms to address the issue of appointment of judges, filling the vacancies, opening new courts, setting up a mechanism for speedy clearance of the backlog of cases at various levels in the judiciary. (cid:1) initiate a mission mode project for filling the vacancies in the judiciary and for doubling the number of courts and judges in the subordinate judiciary. (cid:1) set up a National Judicial Commission for the appointment of judges in higher judiciary. (cid:1) create a fund for modernization of courts to improve the operational efficiency of courts. (cid:1) set up a separate class of courts for cases involving specified commercial laws which fast track the litigation process. (cid:1) reform the criminal justice system to make dispensation of justice simpler, quicker and more effective and after examining the recommendations of the earlier reports on this subject. 12","Create a fund for modernization of courts to improve the operational efficiency of courts.","0","100"
"We will: (cid:1) accord high priority to judicial reforms to address the issue of appointment of judges, filling the vacancies, opening new courts, setting up a mechanism for speedy clearance of the backlog of cases at various levels in the judiciary. (cid:1) initiate a mission mode project for filling the vacancies in the judiciary and for doubling the number of courts and judges in the subordinate judiciary. (cid:1) set up a National Judicial Commission for the appointment of judges in higher judiciary. (cid:1) create a fund for modernization of courts to improve the operational efficiency of courts. (cid:1) set up a separate class of courts for cases involving specified commercial laws which fast track the litigation process. (cid:1) reform the criminal justice system to make dispensation of justice simpler, quicker and more effective and after examining the recommendations of the earlier reports on this subject. 12","Set up a separate class of courts for cases involving specified commercial laws which fast track the litigation process. Extend fast track courts to all layers of the judiciary.","0","94"
"We will: (cid:1) accord high priority to judicial reforms to address the issue of appointment of judges, filling the vacancies, opening new courts, setting up a mechanism for speedy clearance of the backlog of cases at various levels in the judiciary. (cid:1) initiate a mission mode project for filling the vacancies in the judiciary and for doubling the number of courts and judges in the subordinate judiciary. (cid:1) set up a National Judicial Commission for the appointment of judges in higher judiciary. (cid:1) create a fund for modernization of courts to improve the operational efficiency of courts. (cid:1) set up a separate class of courts for cases involving specified commercial laws which fast track the litigation process. (cid:1) reform the criminal justice system to make dispensation of justice simpler, quicker and more effective and after examining the recommendations of the earlier reports on this subject. 12","Reform the criminal justice system to make dispensation of justice simpler, quicker and more effective and after examining the recommendations of the earlier reports on this subject.","2","100"
"We will: (cid:1) undertake a comprehensive review of the legal system to simplify complex legislations - converge overlapping legislation, as well as remove contradictory and redundant laws. (cid:1) establish an institutional mechanism to periodically review and give suggestions for refining our laws. (cid:1) simplify legal procedure and language. (cid:1) make legal information open and freely accessible. (cid:1) run legal awareness programmes and introduce in school curriculum - making the common man aware of his rights and duties. Police Our police forces are entrusted with the crucial responsibility of maintaining law and public order,","Periodically review and refine/ scrap outdated laws. Undertake a comprehensive review of the legal system to simplify complex legislations – converge overlapping legislation, as well as remove contradictory and redundant laws. Establish an institutional mechanism to periodically review and give suggestions for refining our laws.","1","96"
"We will simultaneously reform the legal system to make it more accessible to the common man.","We will simultaneously reform the legal system to make it more accessible to the common man. Make legal information open and freely accessible. Run legal awareness programmes and introduce in school curriculum - making the common man aware of his rights and duties","2","100"
"which forms one of the central pillars of our democracy. We will work with the states to empower them with the authority, independence and resources necessary to deliver: (cid:1) Roll out a comprehensive strategy for bringing the Indian Police at par with international standards. (cid:1) Facilitate training and capacity building of Police forces. (cid:1) Modernize the police force, equipping them with the latest technology. (cid:1) Initiate the networking of police stations across the country for intelligence sharing and crime control. (cid:1) Strengthen Investigations, making them Swift, Transparent, Fair, Clear and Decisive - acting as an inescapable deterrent to wrong- doers and a protective shield to the innocent. 13","We will work with the states to empower Police with the authority, independence and resources. Facilitate training and capacity building of Police forces Modernize the police force, equipping them with the latest technology. Initiate the networking of police stations across the country for intelligence sharing and crime control. Develop specialized expertise in investigation; through continuous training, especially in evolving competencies. Strengthen Investigations, making them Swift, Transparent, Fair, Clear and Decisive - acting as an inescapable deterrent to wrong- doers and a protective shield to the innocent. Overhaul our intelligence set up, with special focus on coordination and integration of human and technological intel - comprehensively gearing it towards collecting real time, specific and actionable inputs.","2","85"
"which forms one of the central pillars of our democracy. We will work with the states to empower them with the authority, independence and resources necessary to deliver: (cid:1) Roll out a comprehensive strategy for bringing the Indian Police at par with international standards. (cid:1) Facilitate training and capacity building of Police forces. (cid:1) Modernize the police force, equipping them with the latest technology. (cid:1) Initiate the networking of police stations across the country for intelligence sharing and crime control. (cid:1) Strengthen Investigations, making them Swift, Transparent, Fair, Clear and Decisive - acting as an inescapable deterrent to wrong- doers and a protective shield to the innocent. 13","Roll out a comprehensive strategy for bringing the Indian Police at par with international standards.","2","100"
"The India of tomorrow will have 125 crore such dreams, and will be built on the same. We will not only empower our citizens with the ability to dream; we will enable them with the capability to actualize their dreams. The real test of the success of a development process lies in the happiness of the common man. The fruits of growth and development must reach the weakest, most deprived and remotest of people. With firm belief in the concept of Antyodaya - uplifting the poorest of the poor - Extreme Poverty and malnutrition will be treated as a National priority, and will be addressed on Mission Mode.","With firm belief in the concept of Antyodaya - uplifting the poorest of the poor - Extreme Poverty and malnutrition will be treated as a National priority, and will be addressed on Mission Mode.","2","100"
"We will: (cid:1) strengthen Delivery of poverty alleviation programs through convergence, transparency and efficiency. (cid:1) identify 100 most backward districts of the country to bring them at par with other districts through prioritized and integrated development. (cid:1) strengthen the natural resource base of the people to tide over natural calamities. (cid:1) aim to gainfully employ rural poor in agriculture and allied activities. (cid:1) enable the urban poor to develop skills so that they take advantage of the emerging opportunities. (cid:1) facilitate partnership across all levels of government, civil society, academic and financial institutions in this national mission of poverty alleviation. Food Security BJP has always held that 'universal food security' is integral to national security. BJP will take steps to ensure that the benefits of the scheme reach the common man and that the right to food does not remain an act on paper or a political rhetoric. BJP will review all the laws and schemes, in consultation with the states, to ensure a corruption-free efficient implementation of food security, which would be a priority. BJP will:\\ (cid:1) review the successful PDS models, and incorporate the best practices to revise the existing PDS, for benefitting the common man. 15","Strengthen Delivery of poverty alleviation programs through convergence, transparency and efficiency.","1","100"
"We will: (cid:1) strengthen Delivery of poverty alleviation programs through convergence, transparency and efficiency. (cid:1) identify 100 most backward districts of the country to bring them at par with other districts through prioritized and integrated development. (cid:1) strengthen the natural resource base of the people to tide over natural calamities. (cid:1) aim to gainfully employ rural poor in agriculture and allied activities. (cid:1) enable the urban poor to develop skills so that they take advantage of the emerging opportunities. (cid:1) facilitate partnership across all levels of government, civil society, academic and financial institutions in this national mission of poverty alleviation. Food Security BJP has always held that 'universal food security' is integral to national security. BJP will take steps to ensure that the benefits of the scheme reach the common man and that the right to food does not remain an act on paper or a political rhetoric. BJP will review all the laws and schemes, in consultation with the states, to ensure a corruption-free efficient implementation of food security, which would be a priority. BJP will:\\ (cid:1) review the successful PDS models, and incorporate the best practices to revise the existing PDS, for benefitting the common man. 15","Identify 100 most backward districts of the country to bring them at par with other districts through prioritized and integrated development.","2","100"
"We will: (cid:1) strengthen Delivery of poverty alleviation programs through convergence, transparency and efficiency. (cid:1) identify 100 most backward districts of the country to bring them at par with other districts through prioritized and integrated development. (cid:1) strengthen the natural resource base of the people to tide over natural calamities. (cid:1) aim to gainfully employ rural poor in agriculture and allied activities. (cid:1) enable the urban poor to develop skills so that they take advantage of the emerging opportunities. (cid:1) facilitate partnership across all levels of government, civil society, academic and financial institutions in this national mission of poverty alleviation. Food Security BJP has always held that 'universal food security' is integral to national security. BJP will take steps to ensure that the benefits of the scheme reach the common man and that the right to food does not remain an act on paper or a political rhetoric. BJP will review all the laws and schemes, in consultation with the states, to ensure a corruption-free efficient implementation of food security, which would be a priority. BJP will:\\ (cid:1) review the successful PDS models, and incorporate the best practices to revise the existing PDS, for benefitting the common man. 15","Strengthen the natural resource base of the people to tide over natural calamities.","2","100"
"We will: (cid:1) strengthen Delivery of poverty alleviation programs through convergence, transparency and efficiency. (cid:1) identify 100 most backward districts of the country to bring them at par with other districts through prioritized and integrated development. (cid:1) strengthen the natural resource base of the people to tide over natural calamities. (cid:1) aim to gainfully employ rural poor in agriculture and allied activities. (cid:1) enable the urban poor to develop skills so that they take advantage of the emerging opportunities. (cid:1) facilitate partnership across all levels of government, civil society, academic and financial institutions in this national mission of poverty alleviation. Food Security BJP has always held that 'universal food security' is integral to national security. BJP will take steps to ensure that the benefits of the scheme reach the common man and that the right to food does not remain an act on paper or a political rhetoric. BJP will review all the laws and schemes, in consultation with the states, to ensure a corruption-free efficient implementation of food security, which would be a priority. BJP will:\\ (cid:1) review the successful PDS models, and incorporate the best practices to revise the existing PDS, for benefitting the common man. 15","Aim to gainfully employ rural poor in agriculture and allied activities. Enable the urban poor to develop skills so that they take advantage of the emerging opportunities. Facilitate partnership across all levels of government, civil society, academic and financial institutions in this national mission of poverty alleviation.","2","100"
"We will: (cid:1) strengthen Delivery of poverty alleviation programs through convergence, transparency and efficiency. (cid:1) identify 100 most backward districts of the country to bring them at par with other districts through prioritized and integrated development. (cid:1) strengthen the natural resource base of the people to tide over natural calamities. (cid:1) aim to gainfully employ rural poor in agriculture and allied activities. (cid:1) enable the urban poor to develop skills so that they take advantage of the emerging opportunities. (cid:1) facilitate partnership across all levels of government, civil society, academic and financial institutions in this national mission of poverty alleviation. Food Security BJP has always held that 'universal food security' is integral to national security. BJP will take steps to ensure that the benefits of the scheme reach the common man and that the right to food does not remain an act on paper or a political rhetoric. BJP will review all the laws and schemes, in consultation with the states, to ensure a corruption-free efficient implementation of food security, which would be a priority. BJP will:\\ (cid:1) review the successful PDS models, and incorporate the best practices to revise the existing PDS, for benefitting the common man. 15","BJP will take steps to ensure that the benefits of the scheme reach the common man and that the right to food does not remain an act on paper or a political rhetoric. BJP will review all the laws and schemes, in consultation with the states, to ensure a corruption-free efficient implementation of food security, which would be a priority.","2","100"
"We will: (cid:1) strengthen Delivery of poverty alleviation programs through convergence, transparency and efficiency. (cid:1) identify 100 most backward districts of the country to bring them at par with other districts through prioritized and integrated development. (cid:1) strengthen the natural resource base of the people to tide over natural calamities. (cid:1) aim to gainfully employ rural poor in agriculture and allied activities. (cid:1) enable the urban poor to develop skills so that they take advantage of the emerging opportunities. (cid:1) facilitate partnership across all levels of government, civil society, academic and financial institutions in this national mission of poverty alleviation. Food Security BJP has always held that 'universal food security' is integral to national security. BJP will take steps to ensure that the benefits of the scheme reach the common man and that the right to food does not remain an act on paper or a political rhetoric. BJP will review all the laws and schemes, in consultation with the states, to ensure a corruption-free efficient implementation of food security, which would be a priority. BJP will:\\ (cid:1) review the successful PDS models, and incorporate the best practices to revise the existing PDS, for benefitting the common man. 15","Reviw the successful PDS models. And incorporate the best practoces to revose the existing PDS, for benefitting the common man.","2","88"
"and empower them to take advantage of the development process. We will make an effort that government withdraws from those services which could be done by others and devote that extra time, money and energy for social sectors, particularly for development of the weaker sections. And a common thread will run across all our ideas and initiatives. This common thread is the wire and wave of Technology - maximum application of technology for making governance easy, economical and effective. Social Security - A Caring Government, Passionate Society India has always been a caring society. It is in our culture to help the aged, the weak and the helpless. We have to retain this. We have to educate our younger generations about this. The social security schemes of the Governments have to be made more meaningful. Our aspirations get frustrated when we encounter a weak social infrastructure. We need it on a daily basis. Children - the Future of the Nation ""There can be no keener revelation of a society's soul than the way in which it treats its children"" - Nelson Mandela Indicators related to children welfare are an indicator of the progress of the nation, be it health, education or safety of children. Under the UPA rule, the same has not been given its due weightage. BJP is committed to address the issues related to children, like malnutrition and under-nutrition, problem of child labour, child-trafficking and missing children, sexual abuse, school dropouts and the increasing crime rate among juveniles. BJP will take the following steps to ensure survival, development, participation and protection of children: (cid:1) Lay special emphasis on vulnerable children and especially those belonging to the vulnerable communities like SCs, STs, OBCs, migrants, slum dwellers, street dwellers and those with disabilities. (cid:1) Ensure effective implementation of the Right to Education, Right to Food Security Act. (cid:1) Review, amend and strengthen the Child and Adolescent Labour (Prohibition and Regulation) Act, 2012 and Integrated Child Protection Scheme (ICPS). (cid:1) Focused efforts will be made to address issue of anaemia. (cid:1) Reduce the burden of books on children without compromising on the quality of education. (cid:1) Endeavour to inculcate values amongst children. Senior Citizens","Address the issue of under-nutrition and malnutrition.","2","100"
"To ensure drinking water security to all. We will: (cid:1) Encourage setting up of drinking water supply grid in water scarce areas. (cid:1) Promote decentralized, demand-driven, community-managed water resource management, water supply and environmental sanitation. (cid:1) Facilitate piped water to all households. Energy - Generate More, Use Rationally, Waste Less BJP realizes the need to focus on generation and distribution of power as a national security issue, so that the growth is not negatively impacted due to supply issues in the energy sector. The overarching goal of energy security is to ensure affordable energy for various consumer segments. Steps will be taken to avoid over- dependence on any one fuel and ensure supplier diversity, to avoid reliance on one supplier, country and developing indigenous capacities to meet the emerging needs. BJP will: (cid:1) Come out with a responsible and comprehensive 'National Energy Policy'. (cid:1) Focus on development of energy infrastructure, human resource development and upgradation of technology. (cid:1) Take steps to maximize the potential of oil, gas, hydel power, ocean, wind, coal and nuclear sources. BJP considers energy efficiency and conservation crucial to energy security. (cid:1) Set up small-hydro power generation projects to harness the hydropower that is not being used at the moment. Small projects can be set up with local support and without displacement of the local population. (cid:1) Take Steps to increase the domestic coal exploration and production, to bridge the demand and supply gap. Oil and gas explorations would also be expedited in the country. This will also help to reduce the import bill. (cid:1) Give a thrust to renewable sources of energy as an important component of India's energy mix. (cid:1) Expand and strengthen the national solar mission. Science and Technology - India Innovates and India Leads India has been a knowledge economy and has been a leader in science and technology from the ancient times. India now needs policies and programs to reclaim its global leadership position in science and technology. BJP recognizes the need to create an ecosystem for fundamental research and innovation, keeping the objective of science with a human face in the service of the common man. Science and technology has enormous potential to bridge the disparities between the urban and rural India, rich and poor. Scientific education and technology needs to be encouraged, promoted, practiced and leveraged with renewed vision and vigour. BJP recognizes the central role of science and technology in raising the quality of life of the people of the country, particularly of the disadvantaged sections of society in creating wealth for all, in making India globally competitive, in utilizing natural resources in a sustainable manner, in protecting the","Encourage the production of cereals, pulses and oils.","0","76"
"ecosystem of equal opportunity - for education, health and livelihood. We will accord highest priority to ensuring their security, especially the prevention of atrocities against SCs & STs. We believe that accelerated social justice and integrated development is the key to the progress of our country and success of our democracy. The BJP is committed to bridge the divide following the principle of social justice (Samajik Nyay) and social harmony (Samajik Samrasata). Instead of pursuing identity politics and tokenisms, which have not led to any tangible results for the SC, ST, OBCs and other weaker sections of our society, the BJP will focus on tangible development and empowerment. (cid:1) A high priority for SC, ST, OBCs and other weaker sections would be to create an ecosystem for education and entrepreneurship. (cid:1) BJP is committed to the eradication of untouchability at all levels. (cid:1) BJP is committed to eliminate manual scavenging. (cid:1) BJP will look at more effective ways to pull these people out of the poverty line. (cid:1) BJP will ensure that the funds allocated for schemes and programmes for SC, ST, OBCs and other weaker sections are utilized properly. (cid:1) A mission mode project would be made for housing, education, health and skills development. (cid:1) Special focus would be on the children, especially the girl child, with regards to health, education and skills development. Tribal development will be one of the focus areas. BJP believes that half-hearted, incremental and piecemeal attempts for the development of tribals have not helped. So the BJP commits to make a comprehensive, all-encompassing long-term strategy to empower tribals and ensure their welfare. The goal would be to ensure tribal development while preserving the unique identities of this community. The Governments of Gujarat, Madhya Pradesh and Chhattisgarh have successfully implemented the tribal welfare and development schemes and their model would be used for tribal welfare and development. BJP will initiate a 'Van Bandhu Kalyan Yojna' at the national level to be overseen by a 'Tribal Development Authority'. This scheme will focus on: (cid:1) Setting up the entire education network for tribals. (cid:1) Upgrading housing, water and health facilities. (cid:1) Electrification of tribal hamlets and provision of all - weather roads. (cid:1) Initiating new economic activities. 16","Instead of pursuing identity politics and tokenisms, we will focus on empowering the deprived sections of society. Steps will be taken to create an enabling ecosystem of equal opportunity - for education, health and livelihood.","0","89"
"ecosystem of equal opportunity - for education, health and livelihood. We will accord highest priority to ensuring their security, especially the prevention of atrocities against SCs & STs. We believe that accelerated social justice and integrated development is the key to the progress of our country and success of our democracy. The BJP is committed to bridge the divide following the principle of social justice (Samajik Nyay) and social harmony (Samajik Samrasata). Instead of pursuing identity politics and tokenisms, which have not led to any tangible results for the SC, ST, OBCs and other weaker sections of our society, the BJP will focus on tangible development and empowerment. (cid:1) A high priority for SC, ST, OBCs and other weaker sections would be to create an ecosystem for education and entrepreneurship. (cid:1) BJP is committed to the eradication of untouchability at all levels. (cid:1) BJP is committed to eliminate manual scavenging. (cid:1) BJP will look at more effective ways to pull these people out of the poverty line. (cid:1) BJP will ensure that the funds allocated for schemes and programmes for SC, ST, OBCs and other weaker sections are utilized properly. (cid:1) A mission mode project would be made for housing, education, health and skills development. (cid:1) Special focus would be on the children, especially the girl child, with regards to health, education and skills development. Tribal development will be one of the focus areas. BJP believes that half-hearted, incremental and piecemeal attempts for the development of tribals have not helped. So the BJP commits to make a comprehensive, all-encompassing long-term strategy to empower tribals and ensure their welfare. The goal would be to ensure tribal development while preserving the unique identities of this community. The Governments of Gujarat, Madhya Pradesh and Chhattisgarh have successfully implemented the tribal welfare and development schemes and their model would be used for tribal welfare and development. BJP will initiate a 'Van Bandhu Kalyan Yojna' at the national level to be overseen by a 'Tribal Development Authority'. This scheme will focus on: (cid:1) Setting up the entire education network for tribals. (cid:1) Upgrading housing, water and health facilities. (cid:1) Electrification of tribal hamlets and provision of all - weather roads. (cid:1) Initiating new economic activities. 16","We will accord highest priority to ensuring their security, especially the prevention of atrocities against SCs & STs.","0","100"
"ecosystem of equal opportunity - for education, health and livelihood. We will accord highest priority to ensuring their security, especially the prevention of atrocities against SCs & STs. We believe that accelerated social justice and integrated development is the key to the progress of our country and success of our democracy. The BJP is committed to bridge the divide following the principle of social justice (Samajik Nyay) and social harmony (Samajik Samrasata). Instead of pursuing identity politics and tokenisms, which have not led to any tangible results for the SC, ST, OBCs and other weaker sections of our society, the BJP will focus on tangible development and empowerment. (cid:1) A high priority for SC, ST, OBCs and other weaker sections would be to create an ecosystem for education and entrepreneurship. (cid:1) BJP is committed to the eradication of untouchability at all levels. (cid:1) BJP is committed to eliminate manual scavenging. (cid:1) BJP will look at more effective ways to pull these people out of the poverty line. (cid:1) BJP will ensure that the funds allocated for schemes and programmes for SC, ST, OBCs and other weaker sections are utilized properly. (cid:1) A mission mode project would be made for housing, education, health and skills development. (cid:1) Special focus would be on the children, especially the girl child, with regards to health, education and skills development. Tribal development will be one of the focus areas. BJP believes that half-hearted, incremental and piecemeal attempts for the development of tribals have not helped. So the BJP commits to make a comprehensive, all-encompassing long-term strategy to empower tribals and ensure their welfare. The goal would be to ensure tribal development while preserving the unique identities of this community. The Governments of Gujarat, Madhya Pradesh and Chhattisgarh have successfully implemented the tribal welfare and development schemes and their model would be used for tribal welfare and development. BJP will initiate a 'Van Bandhu Kalyan Yojna' at the national level to be overseen by a 'Tribal Development Authority'. This scheme will focus on: (cid:1) Setting up the entire education network for tribals. (cid:1) Upgrading housing, water and health facilities. (cid:1) Electrification of tribal hamlets and provision of all - weather roads. (cid:1) Initiating new economic activities. 16","The BJP is committed to bridge the divide following the principle of social justice (Samajik Nyay) and social harmony (Samajik Samrasata).","0","100"
"ecosystem of equal opportunity - for education, health and livelihood. We will accord highest priority to ensuring their security, especially the prevention of atrocities against SCs & STs. We believe that accelerated social justice and integrated development is the key to the progress of our country and success of our democracy. The BJP is committed to bridge the divide following the principle of social justice (Samajik Nyay) and social harmony (Samajik Samrasata). Instead of pursuing identity politics and tokenisms, which have not led to any tangible results for the SC, ST, OBCs and other weaker sections of our society, the BJP will focus on tangible development and empowerment. (cid:1) A high priority for SC, ST, OBCs and other weaker sections would be to create an ecosystem for education and entrepreneurship. (cid:1) BJP is committed to the eradication of untouchability at all levels. (cid:1) BJP is committed to eliminate manual scavenging. (cid:1) BJP will look at more effective ways to pull these people out of the poverty line. (cid:1) BJP will ensure that the funds allocated for schemes and programmes for SC, ST, OBCs and other weaker sections are utilized properly. (cid:1) A mission mode project would be made for housing, education, health and skills development. (cid:1) Special focus would be on the children, especially the girl child, with regards to health, education and skills development. Tribal development will be one of the focus areas. BJP believes that half-hearted, incremental and piecemeal attempts for the development of tribals have not helped. So the BJP commits to make a comprehensive, all-encompassing long-term strategy to empower tribals and ensure their welfare. The goal would be to ensure tribal development while preserving the unique identities of this community. The Governments of Gujarat, Madhya Pradesh and Chhattisgarh have successfully implemented the tribal welfare and development schemes and their model would be used for tribal welfare and development. BJP will initiate a 'Van Bandhu Kalyan Yojna' at the national level to be overseen by a 'Tribal Development Authority'. This scheme will focus on: (cid:1) Setting up the entire education network for tribals. (cid:1) Upgrading housing, water and health facilities. (cid:1) Electrification of tribal hamlets and provision of all - weather roads. (cid:1) Initiating new economic activities. 16","A high priority for SC, ST, OBCs and other weaker sections would be to create an ecosystem for education and entrepreneurship.","2","100"
"ecosystem of equal opportunity - for education, health and livelihood. We will accord highest priority to ensuring their security, especially the prevention of atrocities against SCs & STs. We believe that accelerated social justice and integrated development is the key to the progress of our country and success of our democracy. The BJP is committed to bridge the divide following the principle of social justice (Samajik Nyay) and social harmony (Samajik Samrasata). Instead of pursuing identity politics and tokenisms, which have not led to any tangible results for the SC, ST, OBCs and other weaker sections of our society, the BJP will focus on tangible development and empowerment. (cid:1) A high priority for SC, ST, OBCs and other weaker sections would be to create an ecosystem for education and entrepreneurship. (cid:1) BJP is committed to the eradication of untouchability at all levels. (cid:1) BJP is committed to eliminate manual scavenging. (cid:1) BJP will look at more effective ways to pull these people out of the poverty line. (cid:1) BJP will ensure that the funds allocated for schemes and programmes for SC, ST, OBCs and other weaker sections are utilized properly. (cid:1) A mission mode project would be made for housing, education, health and skills development. (cid:1) Special focus would be on the children, especially the girl child, with regards to health, education and skills development. Tribal development will be one of the focus areas. BJP believes that half-hearted, incremental and piecemeal attempts for the development of tribals have not helped. So the BJP commits to make a comprehensive, all-encompassing long-term strategy to empower tribals and ensure their welfare. The goal would be to ensure tribal development while preserving the unique identities of this community. The Governments of Gujarat, Madhya Pradesh and Chhattisgarh have successfully implemented the tribal welfare and development schemes and their model would be used for tribal welfare and development. BJP will initiate a 'Van Bandhu Kalyan Yojna' at the national level to be overseen by a 'Tribal Development Authority'. This scheme will focus on: (cid:1) Setting up the entire education network for tribals. (cid:1) Upgrading housing, water and health facilities. (cid:1) Electrification of tribal hamlets and provision of all - weather roads. (cid:1) Initiating new economic activities. 16","BJP is committed to the eradication of untouchability at all levels.","0","100"
"ecosystem of equal opportunity - for education, health and livelihood. We will accord highest priority to ensuring their security, especially the prevention of atrocities against SCs & STs. We believe that accelerated social justice and integrated development is the key to the progress of our country and success of our democracy. The BJP is committed to bridge the divide following the principle of social justice (Samajik Nyay) and social harmony (Samajik Samrasata). Instead of pursuing identity politics and tokenisms, which have not led to any tangible results for the SC, ST, OBCs and other weaker sections of our society, the BJP will focus on tangible development and empowerment. (cid:1) A high priority for SC, ST, OBCs and other weaker sections would be to create an ecosystem for education and entrepreneurship. (cid:1) BJP is committed to the eradication of untouchability at all levels. (cid:1) BJP is committed to eliminate manual scavenging. (cid:1) BJP will look at more effective ways to pull these people out of the poverty line. (cid:1) BJP will ensure that the funds allocated for schemes and programmes for SC, ST, OBCs and other weaker sections are utilized properly. (cid:1) A mission mode project would be made for housing, education, health and skills development. (cid:1) Special focus would be on the children, especially the girl child, with regards to health, education and skills development. Tribal development will be one of the focus areas. BJP believes that half-hearted, incremental and piecemeal attempts for the development of tribals have not helped. So the BJP commits to make a comprehensive, all-encompassing long-term strategy to empower tribals and ensure their welfare. The goal would be to ensure tribal development while preserving the unique identities of this community. The Governments of Gujarat, Madhya Pradesh and Chhattisgarh have successfully implemented the tribal welfare and development schemes and their model would be used for tribal welfare and development. BJP will initiate a 'Van Bandhu Kalyan Yojna' at the national level to be overseen by a 'Tribal Development Authority'. This scheme will focus on: (cid:1) Setting up the entire education network for tribals. (cid:1) Upgrading housing, water and health facilities. (cid:1) Electrification of tribal hamlets and provision of all - weather roads. (cid:1) Initiating new economic activities. 16","BJP is committed to eliminate manual scavenging. BJP will look at more effective ways to pull these people out of the poverty line.","2","100"
"ecosystem of equal opportunity - for education, health and livelihood. We will accord highest priority to ensuring their security, especially the prevention of atrocities against SCs & STs. We believe that accelerated social justice and integrated development is the key to the progress of our country and success of our democracy. The BJP is committed to bridge the divide following the principle of social justice (Samajik Nyay) and social harmony (Samajik Samrasata). Instead of pursuing identity politics and tokenisms, which have not led to any tangible results for the SC, ST, OBCs and other weaker sections of our society, the BJP will focus on tangible development and empowerment. (cid:1) A high priority for SC, ST, OBCs and other weaker sections would be to create an ecosystem for education and entrepreneurship. (cid:1) BJP is committed to the eradication of untouchability at all levels. (cid:1) BJP is committed to eliminate manual scavenging. (cid:1) BJP will look at more effective ways to pull these people out of the poverty line. (cid:1) BJP will ensure that the funds allocated for schemes and programmes for SC, ST, OBCs and other weaker sections are utilized properly. (cid:1) A mission mode project would be made for housing, education, health and skills development. (cid:1) Special focus would be on the children, especially the girl child, with regards to health, education and skills development. Tribal development will be one of the focus areas. BJP believes that half-hearted, incremental and piecemeal attempts for the development of tribals have not helped. So the BJP commits to make a comprehensive, all-encompassing long-term strategy to empower tribals and ensure their welfare. The goal would be to ensure tribal development while preserving the unique identities of this community. The Governments of Gujarat, Madhya Pradesh and Chhattisgarh have successfully implemented the tribal welfare and development schemes and their model would be used for tribal welfare and development. BJP will initiate a 'Van Bandhu Kalyan Yojna' at the national level to be overseen by a 'Tribal Development Authority'. This scheme will focus on: (cid:1) Setting up the entire education network for tribals. (cid:1) Upgrading housing, water and health facilities. (cid:1) Electrification of tribal hamlets and provision of all - weather roads. (cid:1) Initiating new economic activities. 16","BJP will ensure that the funds allocated for schemes and programmes for SC, ST, OBCs and other weaker sections are utilized properly.","0","100"
"ecosystem of equal opportunity - for education, health and livelihood. We will accord highest priority to ensuring their security, especially the prevention of atrocities against SCs & STs. We believe that accelerated social justice and integrated development is the key to the progress of our country and success of our democracy. The BJP is committed to bridge the divide following the principle of social justice (Samajik Nyay) and social harmony (Samajik Samrasata). Instead of pursuing identity politics and tokenisms, which have not led to any tangible results for the SC, ST, OBCs and other weaker sections of our society, the BJP will focus on tangible development and empowerment. (cid:1) A high priority for SC, ST, OBCs and other weaker sections would be to create an ecosystem for education and entrepreneurship. (cid:1) BJP is committed to the eradication of untouchability at all levels. (cid:1) BJP is committed to eliminate manual scavenging. (cid:1) BJP will look at more effective ways to pull these people out of the poverty line. (cid:1) BJP will ensure that the funds allocated for schemes and programmes for SC, ST, OBCs and other weaker sections are utilized properly. (cid:1) A mission mode project would be made for housing, education, health and skills development. (cid:1) Special focus would be on the children, especially the girl child, with regards to health, education and skills development. Tribal development will be one of the focus areas. BJP believes that half-hearted, incremental and piecemeal attempts for the development of tribals have not helped. So the BJP commits to make a comprehensive, all-encompassing long-term strategy to empower tribals and ensure their welfare. The goal would be to ensure tribal development while preserving the unique identities of this community. The Governments of Gujarat, Madhya Pradesh and Chhattisgarh have successfully implemented the tribal welfare and development schemes and their model would be used for tribal welfare and development. BJP will initiate a 'Van Bandhu Kalyan Yojna' at the national level to be overseen by a 'Tribal Development Authority'. This scheme will focus on: (cid:1) Setting up the entire education network for tribals. (cid:1) Upgrading housing, water and health facilities. (cid:1) Electrification of tribal hamlets and provision of all - weather roads. (cid:1) Initiating new economic activities. 16","A mission mode project would be made for housing, education, health and skills development. Special focus would be on the children, especially the girl child, with regards to health, education and skills development.","2","100"
"ecosystem of equal opportunity - for education, health and livelihood. We will accord highest priority to ensuring their security, especially the prevention of atrocities against SCs & STs. We believe that accelerated social justice and integrated development is the key to the progress of our country and success of our democracy. The BJP is committed to bridge the divide following the principle of social justice (Samajik Nyay) and social harmony (Samajik Samrasata). Instead of pursuing identity politics and tokenisms, which have not led to any tangible results for the SC, ST, OBCs and other weaker sections of our society, the BJP will focus on tangible development and empowerment. (cid:1) A high priority for SC, ST, OBCs and other weaker sections would be to create an ecosystem for education and entrepreneurship. (cid:1) BJP is committed to the eradication of untouchability at all levels. (cid:1) BJP is committed to eliminate manual scavenging. (cid:1) BJP will look at more effective ways to pull these people out of the poverty line. (cid:1) BJP will ensure that the funds allocated for schemes and programmes for SC, ST, OBCs and other weaker sections are utilized properly. (cid:1) A mission mode project would be made for housing, education, health and skills development. (cid:1) Special focus would be on the children, especially the girl child, with regards to health, education and skills development. Tribal development will be one of the focus areas. BJP believes that half-hearted, incremental and piecemeal attempts for the development of tribals have not helped. So the BJP commits to make a comprehensive, all-encompassing long-term strategy to empower tribals and ensure their welfare. The goal would be to ensure tribal development while preserving the unique identities of this community. The Governments of Gujarat, Madhya Pradesh and Chhattisgarh have successfully implemented the tribal welfare and development schemes and their model would be used for tribal welfare and development. BJP will initiate a 'Van Bandhu Kalyan Yojna' at the national level to be overseen by a 'Tribal Development Authority'. This scheme will focus on: (cid:1) Setting up the entire education network for tribals. (cid:1) Upgrading housing, water and health facilities. (cid:1) Electrification of tribal hamlets and provision of all - weather roads. (cid:1) Initiating new economic activities. 16","The goal would be to ensure tribal development while preserving the unique identities of this community.","0","100"
"ecosystem of equal opportunity - for education, health and livelihood. We will accord highest priority to ensuring their security, especially the prevention of atrocities against SCs & STs. We believe that accelerated social justice and integrated development is the key to the progress of our country and success of our democracy. The BJP is committed to bridge the divide following the principle of social justice (Samajik Nyay) and social harmony (Samajik Samrasata). Instead of pursuing identity politics and tokenisms, which have not led to any tangible results for the SC, ST, OBCs and other weaker sections of our society, the BJP will focus on tangible development and empowerment. (cid:1) A high priority for SC, ST, OBCs and other weaker sections would be to create an ecosystem for education and entrepreneurship. (cid:1) BJP is committed to the eradication of untouchability at all levels. (cid:1) BJP is committed to eliminate manual scavenging. (cid:1) BJP will look at more effective ways to pull these people out of the poverty line. (cid:1) BJP will ensure that the funds allocated for schemes and programmes for SC, ST, OBCs and other weaker sections are utilized properly. (cid:1) A mission mode project would be made for housing, education, health and skills development. (cid:1) Special focus would be on the children, especially the girl child, with regards to health, education and skills development. Tribal development will be one of the focus areas. BJP believes that half-hearted, incremental and piecemeal attempts for the development of tribals have not helped. So the BJP commits to make a comprehensive, all-encompassing long-term strategy to empower tribals and ensure their welfare. The goal would be to ensure tribal development while preserving the unique identities of this community. The Governments of Gujarat, Madhya Pradesh and Chhattisgarh have successfully implemented the tribal welfare and development schemes and their model would be used for tribal welfare and development. BJP will initiate a 'Van Bandhu Kalyan Yojna' at the national level to be overseen by a 'Tribal Development Authority'. This scheme will focus on: (cid:1) Setting up the entire education network for tribals. (cid:1) Upgrading housing, water and health facilities. (cid:1) Electrification of tribal hamlets and provision of all - weather roads. (cid:1) Initiating new economic activities. 16","BJP will initiate a 'Van BandhuKalyanYojna' at the national level to be overseen by a 'Tribal Development Authority'.","2","91"
"ecosystem of equal opportunity - for education, health and livelihood. We will accord highest priority to ensuring their security, especially the prevention of atrocities against SCs & STs. We believe that accelerated social justice and integrated development is the key to the progress of our country and success of our democracy. The BJP is committed to bridge the divide following the principle of social justice (Samajik Nyay) and social harmony (Samajik Samrasata). Instead of pursuing identity politics and tokenisms, which have not led to any tangible results for the SC, ST, OBCs and other weaker sections of our society, the BJP will focus on tangible development and empowerment. (cid:1) A high priority for SC, ST, OBCs and other weaker sections would be to create an ecosystem for education and entrepreneurship. (cid:1) BJP is committed to the eradication of untouchability at all levels. (cid:1) BJP is committed to eliminate manual scavenging. (cid:1) BJP will look at more effective ways to pull these people out of the poverty line. (cid:1) BJP will ensure that the funds allocated for schemes and programmes for SC, ST, OBCs and other weaker sections are utilized properly. (cid:1) A mission mode project would be made for housing, education, health and skills development. (cid:1) Special focus would be on the children, especially the girl child, with regards to health, education and skills development. Tribal development will be one of the focus areas. BJP believes that half-hearted, incremental and piecemeal attempts for the development of tribals have not helped. So the BJP commits to make a comprehensive, all-encompassing long-term strategy to empower tribals and ensure their welfare. The goal would be to ensure tribal development while preserving the unique identities of this community. The Governments of Gujarat, Madhya Pradesh and Chhattisgarh have successfully implemented the tribal welfare and development schemes and their model would be used for tribal welfare and development. BJP will initiate a 'Van Bandhu Kalyan Yojna' at the national level to be overseen by a 'Tribal Development Authority'. This scheme will focus on: (cid:1) Setting up the entire education network for tribals. (cid:1) Upgrading housing, water and health facilities. (cid:1) Electrification of tribal hamlets and provision of all - weather roads. (cid:1) Initiating new economic activities. 16","Setting up the entire education network for tribals.","0","100"
"ecosystem of equal opportunity - for education, health and livelihood. We will accord highest priority to ensuring their security, especially the prevention of atrocities against SCs & STs. We believe that accelerated social justice and integrated development is the key to the progress of our country and success of our democracy. The BJP is committed to bridge the divide following the principle of social justice (Samajik Nyay) and social harmony (Samajik Samrasata). Instead of pursuing identity politics and tokenisms, which have not led to any tangible results for the SC, ST, OBCs and other weaker sections of our society, the BJP will focus on tangible development and empowerment. (cid:1) A high priority for SC, ST, OBCs and other weaker sections would be to create an ecosystem for education and entrepreneurship. (cid:1) BJP is committed to the eradication of untouchability at all levels. (cid:1) BJP is committed to eliminate manual scavenging. (cid:1) BJP will look at more effective ways to pull these people out of the poverty line. (cid:1) BJP will ensure that the funds allocated for schemes and programmes for SC, ST, OBCs and other weaker sections are utilized properly. (cid:1) A mission mode project would be made for housing, education, health and skills development. (cid:1) Special focus would be on the children, especially the girl child, with regards to health, education and skills development. Tribal development will be one of the focus areas. BJP believes that half-hearted, incremental and piecemeal attempts for the development of tribals have not helped. So the BJP commits to make a comprehensive, all-encompassing long-term strategy to empower tribals and ensure their welfare. The goal would be to ensure tribal development while preserving the unique identities of this community. The Governments of Gujarat, Madhya Pradesh and Chhattisgarh have successfully implemented the tribal welfare and development schemes and their model would be used for tribal welfare and development. BJP will initiate a 'Van Bandhu Kalyan Yojna' at the national level to be overseen by a 'Tribal Development Authority'. This scheme will focus on: (cid:1) Setting up the entire education network for tribals. (cid:1) Upgrading housing, water and health facilities. (cid:1) Electrification of tribal hamlets and provision of all - weather roads. (cid:1) Initiating new economic activities. 16","Upgrading housing, water and health facilities.","2","100"
"ecosystem of equal opportunity - for education, health and livelihood. We will accord highest priority to ensuring their security, especially the prevention of atrocities against SCs & STs. We believe that accelerated social justice and integrated development is the key to the progress of our country and success of our democracy. The BJP is committed to bridge the divide following the principle of social justice (Samajik Nyay) and social harmony (Samajik Samrasata). Instead of pursuing identity politics and tokenisms, which have not led to any tangible results for the SC, ST, OBCs and other weaker sections of our society, the BJP will focus on tangible development and empowerment. (cid:1) A high priority for SC, ST, OBCs and other weaker sections would be to create an ecosystem for education and entrepreneurship. (cid:1) BJP is committed to the eradication of untouchability at all levels. (cid:1) BJP is committed to eliminate manual scavenging. (cid:1) BJP will look at more effective ways to pull these people out of the poverty line. (cid:1) BJP will ensure that the funds allocated for schemes and programmes for SC, ST, OBCs and other weaker sections are utilized properly. (cid:1) A mission mode project would be made for housing, education, health and skills development. (cid:1) Special focus would be on the children, especially the girl child, with regards to health, education and skills development. Tribal development will be one of the focus areas. BJP believes that half-hearted, incremental and piecemeal attempts for the development of tribals have not helped. So the BJP commits to make a comprehensive, all-encompassing long-term strategy to empower tribals and ensure their welfare. The goal would be to ensure tribal development while preserving the unique identities of this community. The Governments of Gujarat, Madhya Pradesh and Chhattisgarh have successfully implemented the tribal welfare and development schemes and their model would be used for tribal welfare and development. BJP will initiate a 'Van Bandhu Kalyan Yojna' at the national level to be overseen by a 'Tribal Development Authority'. This scheme will focus on: (cid:1) Setting up the entire education network for tribals. (cid:1) Upgrading housing, water and health facilities. (cid:1) Electrification of tribal hamlets and provision of all - weather roads. (cid:1) Initiating new economic activities. 16","Electrification of tribal hamlets and provision of all - weather roads.","0","100"
"ecosystem of equal opportunity - for education, health and livelihood. We will accord highest priority to ensuring their security, especially the prevention of atrocities against SCs & STs. We believe that accelerated social justice and integrated development is the key to the progress of our country and success of our democracy. The BJP is committed to bridge the divide following the principle of social justice (Samajik Nyay) and social harmony (Samajik Samrasata). Instead of pursuing identity politics and tokenisms, which have not led to any tangible results for the SC, ST, OBCs and other weaker sections of our society, the BJP will focus on tangible development and empowerment. (cid:1) A high priority for SC, ST, OBCs and other weaker sections would be to create an ecosystem for education and entrepreneurship. (cid:1) BJP is committed to the eradication of untouchability at all levels. (cid:1) BJP is committed to eliminate manual scavenging. (cid:1) BJP will look at more effective ways to pull these people out of the poverty line. (cid:1) BJP will ensure that the funds allocated for schemes and programmes for SC, ST, OBCs and other weaker sections are utilized properly. (cid:1) A mission mode project would be made for housing, education, health and skills development. (cid:1) Special focus would be on the children, especially the girl child, with regards to health, education and skills development. Tribal development will be one of the focus areas. BJP believes that half-hearted, incremental and piecemeal attempts for the development of tribals have not helped. So the BJP commits to make a comprehensive, all-encompassing long-term strategy to empower tribals and ensure their welfare. The goal would be to ensure tribal development while preserving the unique identities of this community. The Governments of Gujarat, Madhya Pradesh and Chhattisgarh have successfully implemented the tribal welfare and development schemes and their model would be used for tribal welfare and development. BJP will initiate a 'Van Bandhu Kalyan Yojna' at the national level to be overseen by a 'Tribal Development Authority'. This scheme will focus on: (cid:1) Setting up the entire education network for tribals. (cid:1) Upgrading housing, water and health facilities. (cid:1) Electrification of tribal hamlets and provision of all - weather roads. (cid:1) Initiating new economic activities. 16","Initiating new economic activities.","2","100"
"ecosystem of equal opportunity - for education, health and livelihood. We will accord highest priority to ensuring their security, especially the prevention of atrocities against SCs & STs. We believe that accelerated social justice and integrated development is the key to the progress of our country and success of our democracy. The BJP is committed to bridge the divide following the principle of social justice (Samajik Nyay) and social harmony (Samajik Samrasata). Instead of pursuing identity politics and tokenisms, which have not led to any tangible results for the SC, ST, OBCs and other weaker sections of our society, the BJP will focus on tangible development and empowerment. (cid:1) A high priority for SC, ST, OBCs and other weaker sections would be to create an ecosystem for education and entrepreneurship. (cid:1) BJP is committed to the eradication of untouchability at all levels. (cid:1) BJP is committed to eliminate manual scavenging. (cid:1) BJP will look at more effective ways to pull these people out of the poverty line. (cid:1) BJP will ensure that the funds allocated for schemes and programmes for SC, ST, OBCs and other weaker sections are utilized properly. (cid:1) A mission mode project would be made for housing, education, health and skills development. (cid:1) Special focus would be on the children, especially the girl child, with regards to health, education and skills development. Tribal development will be one of the focus areas. BJP believes that half-hearted, incremental and piecemeal attempts for the development of tribals have not helped. So the BJP commits to make a comprehensive, all-encompassing long-term strategy to empower tribals and ensure their welfare. The goal would be to ensure tribal development while preserving the unique identities of this community. The Governments of Gujarat, Madhya Pradesh and Chhattisgarh have successfully implemented the tribal welfare and development schemes and their model would be used for tribal welfare and development. BJP will initiate a 'Van Bandhu Kalyan Yojna' at the national level to be overseen by a 'Tribal Development Authority'. This scheme will focus on: (cid:1) Setting up the entire education network for tribals. (cid:1) Upgrading housing, water and health facilities. (cid:1) Electrification of tribal hamlets and provision of all - weather roads. (cid:1) Initiating new economic activities. 16","Ensure that the tribal land is not alienated.","2","79"
"ecosystem of equal opportunity - for education, health and livelihood. We will accord highest priority to ensuring their security, especially the prevention of atrocities against SCs & STs. We believe that accelerated social justice and integrated development is the key to the progress of our country and success of our democracy. The BJP is committed to bridge the divide following the principle of social justice (Samajik Nyay) and social harmony (Samajik Samrasata). Instead of pursuing identity politics and tokenisms, which have not led to any tangible results for the SC, ST, OBCs and other weaker sections of our society, the BJP will focus on tangible development and empowerment. (cid:1) A high priority for SC, ST, OBCs and other weaker sections would be to create an ecosystem for education and entrepreneurship. (cid:1) BJP is committed to the eradication of untouchability at all levels. (cid:1) BJP is committed to eliminate manual scavenging. (cid:1) BJP will look at more effective ways to pull these people out of the poverty line. (cid:1) BJP will ensure that the funds allocated for schemes and programmes for SC, ST, OBCs and other weaker sections are utilized properly. (cid:1) A mission mode project would be made for housing, education, health and skills development. (cid:1) Special focus would be on the children, especially the girl child, with regards to health, education and skills development. Tribal development will be one of the focus areas. BJP believes that half-hearted, incremental and piecemeal attempts for the development of tribals have not helped. So the BJP commits to make a comprehensive, all-encompassing long-term strategy to empower tribals and ensure their welfare. The goal would be to ensure tribal development while preserving the unique identities of this community. The Governments of Gujarat, Madhya Pradesh and Chhattisgarh have successfully implemented the tribal welfare and development schemes and their model would be used for tribal welfare and development. BJP will initiate a 'Van Bandhu Kalyan Yojna' at the national level to be overseen by a 'Tribal Development Authority'. This scheme will focus on: (cid:1) Setting up the entire education network for tribals. (cid:1) Upgrading housing, water and health facilities. (cid:1) Electrification of tribal hamlets and provision of all - weather roads. (cid:1) Initiating new economic activities. 16","Enhancing the funds for tribal welfare and development.","0","90"
"We will: (cid:1) Ensure that the young, and the girl child in particular get education and jobs without discrimination. (cid:1) Strengthen and modernize minority educational systems and institutions; dovetailing them with modern requirements. National Madrasa modernization programme would be initiated. (cid:1) Empower with vibrancy in Livelihood and Entrepreneurial opportunities. (cid:1) Augment their traditional artisanship and entrepreneurial skill, which are a backbone of our cottage and small-scale industry - strengthening these sectors through better market linkages, branding and access to credit. (cid:1) Empower Waqf Boards in consultation with religious leaders; taking steps to remove encroachments from and unauthorized occupation of Waqf properties. (cid:1) Curate their rich heritage and culture - maintenance and restoration of heritage sites; digitization of archives; preservation and promotion of Urdu. (cid:1) Ensure a peaceful and secure environment, where there is no place for either the perpetrators or exploiters of fear. (cid:1) Facilitate the setting up of a permanent Inter-faith Consultative mechanism to promote harmony and trust, under the auspices of religious leaders. Neo-Middle Class - Meet their Aspirations India has a large middle class with immense understanding, talent and purchasing power. In addition, a whole new class has emerged. Those who have risen from the category of poor and are yet to stabilize in the middle class, the 'neo middle class'. This class needs proactive handholding. Having moved out of poverty, their aspirations have increased. They want amenities and services of a certain standard. They thus now feel that Government facilities and services are not up to the mark, and hence resort to the private sector for things like education, health and transport. This is obviously costly, putting the neo middle class into a daily dilemma. As more and more people move into this category, 17","BJP is committed to the preservation of the rich culture and heritage of India's minority communities; alongside their social and economic empowerment. Curate their rich heritage and culture - maintenance and restoration of heritage sites; digitization of archives; preservation and promotion of Urdu.","2","82"
"We will: (cid:1) Ensure that the young, and the girl child in particular get education and jobs without discrimination. (cid:1) Strengthen and modernize minority educational systems and institutions; dovetailing them with modern requirements. National Madrasa modernization programme would be initiated. (cid:1) Empower with vibrancy in Livelihood and Entrepreneurial opportunities. (cid:1) Augment their traditional artisanship and entrepreneurial skill, which are a backbone of our cottage and small-scale industry - strengthening these sectors through better market linkages, branding and access to credit. (cid:1) Empower Waqf Boards in consultation with religious leaders; taking steps to remove encroachments from and unauthorized occupation of Waqf properties. (cid:1) Curate their rich heritage and culture - maintenance and restoration of heritage sites; digitization of archives; preservation and promotion of Urdu. (cid:1) Ensure a peaceful and secure environment, where there is no place for either the perpetrators or exploiters of fear. (cid:1) Facilitate the setting up of a permanent Inter-faith Consultative mechanism to promote harmony and trust, under the auspices of religious leaders. Neo-Middle Class - Meet their Aspirations India has a large middle class with immense understanding, talent and purchasing power. In addition, a whole new class has emerged. Those who have risen from the category of poor and are yet to stabilize in the middle class, the 'neo middle class'. This class needs proactive handholding. Having moved out of poverty, their aspirations have increased. They want amenities and services of a certain standard. They thus now feel that Government facilities and services are not up to the mark, and hence resort to the private sector for things like education, health and transport. This is obviously costly, putting the neo middle class into a daily dilemma. As more and more people move into this category, 17","Ensure that the young, and the girl child in particular get education and jobs without discrimination.","0","100"
"We will: (cid:1) Ensure that the young, and the girl child in particular get education and jobs without discrimination. (cid:1) Strengthen and modernize minority educational systems and institutions; dovetailing them with modern requirements. National Madrasa modernization programme would be initiated. (cid:1) Empower with vibrancy in Livelihood and Entrepreneurial opportunities. (cid:1) Augment their traditional artisanship and entrepreneurial skill, which are a backbone of our cottage and small-scale industry - strengthening these sectors through better market linkages, branding and access to credit. (cid:1) Empower Waqf Boards in consultation with religious leaders; taking steps to remove encroachments from and unauthorized occupation of Waqf properties. (cid:1) Curate their rich heritage and culture - maintenance and restoration of heritage sites; digitization of archives; preservation and promotion of Urdu. (cid:1) Ensure a peaceful and secure environment, where there is no place for either the perpetrators or exploiters of fear. (cid:1) Facilitate the setting up of a permanent Inter-faith Consultative mechanism to promote harmony and trust, under the auspices of religious leaders. Neo-Middle Class - Meet their Aspirations India has a large middle class with immense understanding, talent and purchasing power. In addition, a whole new class has emerged. Those who have risen from the category of poor and are yet to stabilize in the middle class, the 'neo middle class'. This class needs proactive handholding. Having moved out of poverty, their aspirations have increased. They want amenities and services of a certain standard. They thus now feel that Government facilities and services are not up to the mark, and hence resort to the private sector for things like education, health and transport. This is obviously costly, putting the neo middle class into a daily dilemma. As more and more people move into this category, 17","Strengthen and modernize minority educational systems and institutions; dovetailing them with modern requirements. National Madrasa modernization programme would be initiated.","0","100"
"We will: (cid:1) Ensure that the young, and the girl child in particular get education and jobs without discrimination. (cid:1) Strengthen and modernize minority educational systems and institutions; dovetailing them with modern requirements. National Madrasa modernization programme would be initiated. (cid:1) Empower with vibrancy in Livelihood and Entrepreneurial opportunities. (cid:1) Augment their traditional artisanship and entrepreneurial skill, which are a backbone of our cottage and small-scale industry - strengthening these sectors through better market linkages, branding and access to credit. (cid:1) Empower Waqf Boards in consultation with religious leaders; taking steps to remove encroachments from and unauthorized occupation of Waqf properties. (cid:1) Curate their rich heritage and culture - maintenance and restoration of heritage sites; digitization of archives; preservation and promotion of Urdu. (cid:1) Ensure a peaceful and secure environment, where there is no place for either the perpetrators or exploiters of fear. (cid:1) Facilitate the setting up of a permanent Inter-faith Consultative mechanism to promote harmony and trust, under the auspices of religious leaders. Neo-Middle Class - Meet their Aspirations India has a large middle class with immense understanding, talent and purchasing power. In addition, a whole new class has emerged. Those who have risen from the category of poor and are yet to stabilize in the middle class, the 'neo middle class'. This class needs proactive handholding. Having moved out of poverty, their aspirations have increased. They want amenities and services of a certain standard. They thus now feel that Government facilities and services are not up to the mark, and hence resort to the private sector for things like education, health and transport. This is obviously costly, putting the neo middle class into a daily dilemma. As more and more people move into this category, 17","Empower with vibrancy in Livelihood and Entrepreneurial opportunities.","2","100"
"We will: (cid:1) Ensure that the young, and the girl child in particular get education and jobs without discrimination. (cid:1) Strengthen and modernize minority educational systems and institutions; dovetailing them with modern requirements. National Madrasa modernization programme would be initiated. (cid:1) Empower with vibrancy in Livelihood and Entrepreneurial opportunities. (cid:1) Augment their traditional artisanship and entrepreneurial skill, which are a backbone of our cottage and small-scale industry - strengthening these sectors through better market linkages, branding and access to credit. (cid:1) Empower Waqf Boards in consultation with religious leaders; taking steps to remove encroachments from and unauthorized occupation of Waqf properties. (cid:1) Curate their rich heritage and culture - maintenance and restoration of heritage sites; digitization of archives; preservation and promotion of Urdu. (cid:1) Ensure a peaceful and secure environment, where there is no place for either the perpetrators or exploiters of fear. (cid:1) Facilitate the setting up of a permanent Inter-faith Consultative mechanism to promote harmony and trust, under the auspices of religious leaders. Neo-Middle Class - Meet their Aspirations India has a large middle class with immense understanding, talent and purchasing power. In addition, a whole new class has emerged. Those who have risen from the category of poor and are yet to stabilize in the middle class, the 'neo middle class'. This class needs proactive handholding. Having moved out of poverty, their aspirations have increased. They want amenities and services of a certain standard. They thus now feel that Government facilities and services are not up to the mark, and hence resort to the private sector for things like education, health and transport. This is obviously costly, putting the neo middle class into a daily dilemma. As more and more people move into this category, 17","Augment their traditional artisanship and entrepreneurial skill, which are a backbone of our cottage and small-scale industry - strengthening these sectors through better market linkages, branding and access to credit.","0","100"
"We will: (cid:1) Ensure that the young, and the girl child in particular get education and jobs without discrimination. (cid:1) Strengthen and modernize minority educational systems and institutions; dovetailing them with modern requirements. National Madrasa modernization programme would be initiated. (cid:1) Empower with vibrancy in Livelihood and Entrepreneurial opportunities. (cid:1) Augment their traditional artisanship and entrepreneurial skill, which are a backbone of our cottage and small-scale industry - strengthening these sectors through better market linkages, branding and access to credit. (cid:1) Empower Waqf Boards in consultation with religious leaders; taking steps to remove encroachments from and unauthorized occupation of Waqf properties. (cid:1) Curate their rich heritage and culture - maintenance and restoration of heritage sites; digitization of archives; preservation and promotion of Urdu. (cid:1) Ensure a peaceful and secure environment, where there is no place for either the perpetrators or exploiters of fear. (cid:1) Facilitate the setting up of a permanent Inter-faith Consultative mechanism to promote harmony and trust, under the auspices of religious leaders. Neo-Middle Class - Meet their Aspirations India has a large middle class with immense understanding, talent and purchasing power. In addition, a whole new class has emerged. Those who have risen from the category of poor and are yet to stabilize in the middle class, the 'neo middle class'. This class needs proactive handholding. Having moved out of poverty, their aspirations have increased. They want amenities and services of a certain standard. They thus now feel that Government facilities and services are not up to the mark, and hence resort to the private sector for things like education, health and transport. This is obviously costly, putting the neo middle class into a daily dilemma. As more and more people move into this category, 17","Empower Waqf Boards in consultation with religious leaders; taking steps to remove encroachments from and unauthorized occupation of Waqf properties.","0","100"
"We will: (cid:1) Ensure that the young, and the girl child in particular get education and jobs without discrimination. (cid:1) Strengthen and modernize minority educational systems and institutions; dovetailing them with modern requirements. National Madrasa modernization programme would be initiated. (cid:1) Empower with vibrancy in Livelihood and Entrepreneurial opportunities. (cid:1) Augment their traditional artisanship and entrepreneurial skill, which are a backbone of our cottage and small-scale industry - strengthening these sectors through better market linkages, branding and access to credit. (cid:1) Empower Waqf Boards in consultation with religious leaders; taking steps to remove encroachments from and unauthorized occupation of Waqf properties. (cid:1) Curate their rich heritage and culture - maintenance and restoration of heritage sites; digitization of archives; preservation and promotion of Urdu. (cid:1) Ensure a peaceful and secure environment, where there is no place for either the perpetrators or exploiters of fear. (cid:1) Facilitate the setting up of a permanent Inter-faith Consultative mechanism to promote harmony and trust, under the auspices of religious leaders. Neo-Middle Class - Meet their Aspirations India has a large middle class with immense understanding, talent and purchasing power. In addition, a whole new class has emerged. Those who have risen from the category of poor and are yet to stabilize in the middle class, the 'neo middle class'. This class needs proactive handholding. Having moved out of poverty, their aspirations have increased. They want amenities and services of a certain standard. They thus now feel that Government facilities and services are not up to the mark, and hence resort to the private sector for things like education, health and transport. This is obviously costly, putting the neo middle class into a daily dilemma. As more and more people move into this category, 17","Ensure a peaceful and secure environment, where there is no place for either the perpetrators or exploiters of fear.","0","100"
"We will: (cid:1) Ensure that the young, and the girl child in particular get education and jobs without discrimination. (cid:1) Strengthen and modernize minority educational systems and institutions; dovetailing them with modern requirements. National Madrasa modernization programme would be initiated. (cid:1) Empower with vibrancy in Livelihood and Entrepreneurial opportunities. (cid:1) Augment their traditional artisanship and entrepreneurial skill, which are a backbone of our cottage and small-scale industry - strengthening these sectors through better market linkages, branding and access to credit. (cid:1) Empower Waqf Boards in consultation with religious leaders; taking steps to remove encroachments from and unauthorized occupation of Waqf properties. (cid:1) Curate their rich heritage and culture - maintenance and restoration of heritage sites; digitization of archives; preservation and promotion of Urdu. (cid:1) Ensure a peaceful and secure environment, where there is no place for either the perpetrators or exploiters of fear. (cid:1) Facilitate the setting up of a permanent Inter-faith Consultative mechanism to promote harmony and trust, under the auspices of religious leaders. Neo-Middle Class - Meet their Aspirations India has a large middle class with immense understanding, talent and purchasing power. In addition, a whole new class has emerged. Those who have risen from the category of poor and are yet to stabilize in the middle class, the 'neo middle class'. This class needs proactive handholding. Having moved out of poverty, their aspirations have increased. They want amenities and services of a certain standard. They thus now feel that Government facilities and services are not up to the mark, and hence resort to the private sector for things like education, health and transport. This is obviously costly, putting the neo middle class into a daily dilemma. As more and more people move into this category, 17","Educational scholarships and educational facilities.","2","80"
"We will: (cid:1) put emphasis on imparting soft skills to enhance employability including a national program on foreign languages. (cid:1) launch a national programme for digital empowerment through computer literacy of the people, especially the youth. (cid:1) we will assess the talent and capacity of our youth from an early age; so they can be groomed accordingly. (cid:1) we will push for greater practical and research training encouraging real world experience through internships and apprenticeships. Health Services - Increase the Access, Improve the Quality, Lower the Cost India needs a holistic care system that is universally accessible, affordable and effective and drastically reduces the out of pocket spending on health. NRHM has failed to meet the objectives and will be radically reformed. BJP accords high priority to health sector, which is crucial for securing the economy. The overarching goal of healthcare would be to provide, 'Health Assurance to all Indians and to reduce the out of pocket spending on health care', with the help of state governments. The current situation calls for radical reforms in the healthcare system with regards to national healthcare programs and delivery, medical education and training and financing of healthcare. Our government would focus on the following reforms in healthcare: (cid:1) the last healthcare policy dates back to 2002. India now needs a comprehensive healthcare policy to address the complex healthcare challenges, keeping in view the developments in the healthcare sector and the changing demographics. BJP will initiate the New Health Policy. (cid:1) initiate the 'National Health Assurance Mission', with a clear mandate to provide universal healthcare that is not only accessible and affordable, but also effective, and reduces the OOP spending for the common man. (cid:1) Education and Training - Will review the role of various professional regulatory bodies in healthcare and consider setting up an overarching lean body for healthcare. High priority will be given to address the shortfall of healthcare professionals. (cid:1) Modernize Government hospitals, upgrading infrastructure and latest technologies. (cid:1) Reorganize Ministry of Health and Family Welfare in order to converge various departments dealing in healthcare, food and nutrition and pharmaceuticals, for effective delivery of healthcare services. (cid:1) Increase the number of medical and para-medical colleges to make India self sufficient in human resources, and set up an AIIMS like institute in every state. (cid:1) Yoga and Ayurveda are the gifts of ancient Indian civilization to humanity and we will increase the","Medical insurance and quality healthcare services.","0","89"
"(cid:1) We will initiate building 100 new cities; enabled with the latest in technology and infrastructure - adhering to concepts like sustainability, walk to work etc, and focused on specialized domains. (cid:1) The approach to urban development will be based on integrated habitat development - building on concepts like Twin cities and Satellite towns. (cid:1) Upgrade existing urban centres, transitioning focus from basic infrastructure to public utility services like Waste and Water Management - for a clean and healthy city life. (cid:1) Cleanliness and Sanitation will be given priority - efficient Waste and Water management systems will be set up. Model towns will be identified for rolling out integrated waste management infrastructure. (cid:1) Wi-Fi facilities will be made available in public places and commercial centres. (cid:1) Urban poverty alleviation scheme would be a key thrust area. (cid:1) Use technology for scientific, strategic and long term town planning - including GIS based mapping. (cid:1) Build quality integrated Public Transport systems, discouraging usage of private vehicles. 18","Efficient public transport systems.","0","100"
"(cid:1) We will look at urbanisation as an Opportunity rather than a Threat. (cid:1) Major steps will be undertaken in Transport and Housing for 'Urban Upliftment' in India.","We will look at urbanisation as an Opportunity rather than a Threat. Major steps will be undertaken in Transport and Housing for 'Urban Upliftment' in India. We will initiate building 100 new cities; enabled with the latest in technology and infrastructure - adhering to concepts like sustainability, walk to work etc, and focused on specialized domains.","2","98"
"(cid:1) We will initiate building 100 new cities; enabled with the latest in technology and infrastructure - adhering to concepts like sustainability, walk to work etc, and focused on specialized domains. (cid:1) The approach to urban development will be based on integrated habitat development - building on concepts like Twin cities and Satellite towns. (cid:1) Upgrade existing urban centres, transitioning focus from basic infrastructure to public utility services like Waste and Water Management - for a clean and healthy city life. (cid:1) Cleanliness and Sanitation will be given priority - efficient Waste and Water management systems will be set up. Model towns will be identified for rolling out integrated waste management infrastructure. (cid:1) Wi-Fi facilities will be made available in public places and commercial centres. (cid:1) Urban poverty alleviation scheme would be a key thrust area. (cid:1) Use technology for scientific, strategic and long term town planning - including GIS based mapping. (cid:1) Build quality integrated Public Transport systems, discouraging usage of private vehicles. 18","The approach to urban development will be based on integrated habitat development - building on concepts like Twin cities and Satellite towns.","0","100"
"(cid:1) We will initiate building 100 new cities; enabled with the latest in technology and infrastructure - adhering to concepts like sustainability, walk to work etc, and focused on specialized domains. (cid:1) The approach to urban development will be based on integrated habitat development - building on concepts like Twin cities and Satellite towns. (cid:1) Upgrade existing urban centres, transitioning focus from basic infrastructure to public utility services like Waste and Water Management - for a clean and healthy city life. (cid:1) Cleanliness and Sanitation will be given priority - efficient Waste and Water management systems will be set up. Model towns will be identified for rolling out integrated waste management infrastructure. (cid:1) Wi-Fi facilities will be made available in public places and commercial centres. (cid:1) Urban poverty alleviation scheme would be a key thrust area. (cid:1) Use technology for scientific, strategic and long term town planning - including GIS based mapping. (cid:1) Build quality integrated Public Transport systems, discouraging usage of private vehicles. 18","Upgrade existing urban centres, transitioning focus from basic infrastructure to public utility services like Waste and Water Management - for a clean and healthy city life. Cleanliness and Sanitation will be given priority - efficient Waste and Water management systems will be set up. Model towns will be identified for rolling out integrated waste management infrastructure.","0","100"
"(cid:1) We will initiate building 100 new cities; enabled with the latest in technology and infrastructure - adhering to concepts like sustainability, walk to work etc, and focused on specialized domains. (cid:1) The approach to urban development will be based on integrated habitat development - building on concepts like Twin cities and Satellite towns. (cid:1) Upgrade existing urban centres, transitioning focus from basic infrastructure to public utility services like Waste and Water Management - for a clean and healthy city life. (cid:1) Cleanliness and Sanitation will be given priority - efficient Waste and Water management systems will be set up. Model towns will be identified for rolling out integrated waste management infrastructure. (cid:1) Wi-Fi facilities will be made available in public places and commercial centres. (cid:1) Urban poverty alleviation scheme would be a key thrust area. (cid:1) Use technology for scientific, strategic and long term town planning - including GIS based mapping. (cid:1) Build quality integrated Public Transport systems, discouraging usage of private vehicles. 18","Wi-Fi facilities will be made available in public places and commercial centres.","0","100"
"(cid:1) We will initiate building 100 new cities; enabled with the latest in technology and infrastructure - adhering to concepts like sustainability, walk to work etc, and focused on specialized domains. (cid:1) The approach to urban development will be based on integrated habitat development - building on concepts like Twin cities and Satellite towns. (cid:1) Upgrade existing urban centres, transitioning focus from basic infrastructure to public utility services like Waste and Water Management - for a clean and healthy city life. (cid:1) Cleanliness and Sanitation will be given priority - efficient Waste and Water management systems will be set up. Model towns will be identified for rolling out integrated waste management infrastructure. (cid:1) Wi-Fi facilities will be made available in public places and commercial centres. (cid:1) Urban poverty alleviation scheme would be a key thrust area. (cid:1) Use technology for scientific, strategic and long term town planning - including GIS based mapping. (cid:1) Build quality integrated Public Transport systems, discouraging usage of private vehicles. 18","Urban poverty alleviation scheme would be a key thrust area.","2","100"
"(cid:1) We will initiate building 100 new cities; enabled with the latest in technology and infrastructure - adhering to concepts like sustainability, walk to work etc, and focused on specialized domains. (cid:1) The approach to urban development will be based on integrated habitat development - building on concepts like Twin cities and Satellite towns. (cid:1) Upgrade existing urban centres, transitioning focus from basic infrastructure to public utility services like Waste and Water Management - for a clean and healthy city life. (cid:1) Cleanliness and Sanitation will be given priority - efficient Waste and Water management systems will be set up. Model towns will be identified for rolling out integrated waste management infrastructure. (cid:1) Wi-Fi facilities will be made available in public places and commercial centres. (cid:1) Urban poverty alleviation scheme would be a key thrust area. (cid:1) Use technology for scientific, strategic and long term town planning - including GIS based mapping. (cid:1) Build quality integrated Public Transport systems, discouraging usage of private vehicles. 18","Use technology for scientific, strategic and long term town planning - including GIS based mapping","0","100"
"(cid:1) We will initiate building 100 new cities; enabled with the latest in technology and infrastructure - adhering to concepts like sustainability, walk to work etc, and focused on specialized domains. (cid:1) The approach to urban development will be based on integrated habitat development - building on concepts like Twin cities and Satellite towns. (cid:1) Upgrade existing urban centres, transitioning focus from basic infrastructure to public utility services like Waste and Water Management - for a clean and healthy city life. (cid:1) Cleanliness and Sanitation will be given priority - efficient Waste and Water management systems will be set up. Model towns will be identified for rolling out integrated waste management infrastructure. (cid:1) Wi-Fi facilities will be made available in public places and commercial centres. (cid:1) Urban poverty alleviation scheme would be a key thrust area. (cid:1) Use technology for scientific, strategic and long term town planning - including GIS based mapping. (cid:1) Build quality integrated Public Transport systems, discouraging usage of private vehicles. 18","Build quality integrated Public Transport systems, discouraging usage of private vehicles.","2","100"
"and empower them to take advantage of the development process. We will make an effort that government withdraws from those services which could be done by others and devote that extra time, money and energy for social sectors, particularly for development of the weaker sections. And a common thread will run across all our ideas and initiatives. This common thread is the wire and wave of Technology - maximum application of technology for making governance easy, economical and effective. Social Security - A Caring Government, Passionate Society India has always been a caring society. It is in our culture to help the aged, the weak and the helpless. We have to retain this. We have to educate our younger generations about this. The social security schemes of the Governments have to be made more meaningful. Our aspirations get frustrated when we encounter a weak social infrastructure. We need it on a daily basis. Children - the Future of the Nation ""There can be no keener revelation of a society's soul than the way in which it treats its children"" - Nelson Mandela Indicators related to children welfare are an indicator of the progress of the nation, be it health, education or safety of children. Under the UPA rule, the same has not been given its due weightage. BJP is committed to address the issues related to children, like malnutrition and under-nutrition, problem of child labour, child-trafficking and missing children, sexual abuse, school dropouts and the increasing crime rate among juveniles. BJP will take the following steps to ensure survival, development, participation and protection of children: (cid:1) Lay special emphasis on vulnerable children and especially those belonging to the vulnerable communities like SCs, STs, OBCs, migrants, slum dwellers, street dwellers and those with disabilities. (cid:1) Ensure effective implementation of the Right to Education, Right to Food Security Act. (cid:1) Review, amend and strengthen the Child and Adolescent Labour (Prohibition and Regulation) Act, 2012 and Integrated Child Protection Scheme (ICPS). (cid:1) Focused efforts will be made to address issue of anaemia. (cid:1) Reduce the burden of books on children without compromising on the quality of education. (cid:1) Endeavour to inculcate values amongst children. Senior Citizens","We will make an effort that government withdraws from those services which could be done by others and devote that extra time, money and energy for social sectors, particularly for development of the weaker sections.","0","100"
"and empower them to take advantage of the development process. We will make an effort that government withdraws from those services which could be done by others and devote that extra time, money and energy for social sectors, particularly for development of the weaker sections. And a common thread will run across all our ideas and initiatives. This common thread is the wire and wave of Technology - maximum application of technology for making governance easy, economical and effective. Social Security - A Caring Government, Passionate Society India has always been a caring society. It is in our culture to help the aged, the weak and the helpless. We have to retain this. We have to educate our younger generations about this. The social security schemes of the Governments have to be made more meaningful. Our aspirations get frustrated when we encounter a weak social infrastructure. We need it on a daily basis. Children - the Future of the Nation ""There can be no keener revelation of a society's soul than the way in which it treats its children"" - Nelson Mandela Indicators related to children welfare are an indicator of the progress of the nation, be it health, education or safety of children. Under the UPA rule, the same has not been given its due weightage. BJP is committed to address the issues related to children, like malnutrition and under-nutrition, problem of child labour, child-trafficking and missing children, sexual abuse, school dropouts and the increasing crime rate among juveniles. BJP will take the following steps to ensure survival, development, participation and protection of children: (cid:1) Lay special emphasis on vulnerable children and especially those belonging to the vulnerable communities like SCs, STs, OBCs, migrants, slum dwellers, street dwellers and those with disabilities. (cid:1) Ensure effective implementation of the Right to Education, Right to Food Security Act. (cid:1) Review, amend and strengthen the Child and Adolescent Labour (Prohibition and Regulation) Act, 2012 and Integrated Child Protection Scheme (ICPS). (cid:1) Focused efforts will be made to address issue of anaemia. (cid:1) Reduce the burden of books on children without compromising on the quality of education. (cid:1) Endeavour to inculcate values amongst children. Senior Citizens","Maximum application of technology for making governance easy, economical and effective.","2","100"
"and empower them to take advantage of the development process. We will make an effort that government withdraws from those services which could be done by others and devote that extra time, money and energy for social sectors, particularly for development of the weaker sections. And a common thread will run across all our ideas and initiatives. This common thread is the wire and wave of Technology - maximum application of technology for making governance easy, economical and effective. Social Security - A Caring Government, Passionate Society India has always been a caring society. It is in our culture to help the aged, the weak and the helpless. We have to retain this. We have to educate our younger generations about this. The social security schemes of the Governments have to be made more meaningful. Our aspirations get frustrated when we encounter a weak social infrastructure. We need it on a daily basis. Children - the Future of the Nation ""There can be no keener revelation of a society's soul than the way in which it treats its children"" - Nelson Mandela Indicators related to children welfare are an indicator of the progress of the nation, be it health, education or safety of children. Under the UPA rule, the same has not been given its due weightage. BJP is committed to address the issues related to children, like malnutrition and under-nutrition, problem of child labour, child-trafficking and missing children, sexual abuse, school dropouts and the increasing crime rate among juveniles. BJP will take the following steps to ensure survival, development, participation and protection of children: (cid:1) Lay special emphasis on vulnerable children and especially those belonging to the vulnerable communities like SCs, STs, OBCs, migrants, slum dwellers, street dwellers and those with disabilities. (cid:1) Ensure effective implementation of the Right to Education, Right to Food Security Act. (cid:1) Review, amend and strengthen the Child and Adolescent Labour (Prohibition and Regulation) Act, 2012 and Integrated Child Protection Scheme (ICPS). (cid:1) Focused efforts will be made to address issue of anaemia. (cid:1) Reduce the burden of books on children without compromising on the quality of education. (cid:1) Endeavour to inculcate values amongst children. Senior Citizens","BJP is committed to address the issues related to children, like malnutrition and under-nutrition, problem of child labour, child-trafficking and missing children, sexual abuse, school dropouts and the increasing crime rate among juveniles.","0","100"
"and empower them to take advantage of the development process. We will make an effort that government withdraws from those services which could be done by others and devote that extra time, money and energy for social sectors, particularly for development of the weaker sections. And a common thread will run across all our ideas and initiatives. This common thread is the wire and wave of Technology - maximum application of technology for making governance easy, economical and effective. Social Security - A Caring Government, Passionate Society India has always been a caring society. It is in our culture to help the aged, the weak and the helpless. We have to retain this. We have to educate our younger generations about this. The social security schemes of the Governments have to be made more meaningful. Our aspirations get frustrated when we encounter a weak social infrastructure. We need it on a daily basis. Children - the Future of the Nation ""There can be no keener revelation of a society's soul than the way in which it treats its children"" - Nelson Mandela Indicators related to children welfare are an indicator of the progress of the nation, be it health, education or safety of children. Under the UPA rule, the same has not been given its due weightage. BJP is committed to address the issues related to children, like malnutrition and under-nutrition, problem of child labour, child-trafficking and missing children, sexual abuse, school dropouts and the increasing crime rate among juveniles. BJP will take the following steps to ensure survival, development, participation and protection of children: (cid:1) Lay special emphasis on vulnerable children and especially those belonging to the vulnerable communities like SCs, STs, OBCs, migrants, slum dwellers, street dwellers and those with disabilities. (cid:1) Ensure effective implementation of the Right to Education, Right to Food Security Act. (cid:1) Review, amend and strengthen the Child and Adolescent Labour (Prohibition and Regulation) Act, 2012 and Integrated Child Protection Scheme (ICPS). (cid:1) Focused efforts will be made to address issue of anaemia. (cid:1) Reduce the burden of books on children without compromising on the quality of education. (cid:1) Endeavour to inculcate values amongst children. Senior Citizens","Lay special emphasis on vulnerable children and especially those belonging to the vulnerable communities like SCs, STs, OBCs, migrants, slum dwellers, street dwellers and those with disabilities.","0","100"
"and empower them to take advantage of the development process. We will make an effort that government withdraws from those services which could be done by others and devote that extra time, money and energy for social sectors, particularly for development of the weaker sections. And a common thread will run across all our ideas and initiatives. This common thread is the wire and wave of Technology - maximum application of technology for making governance easy, economical and effective. Social Security - A Caring Government, Passionate Society India has always been a caring society. It is in our culture to help the aged, the weak and the helpless. We have to retain this. We have to educate our younger generations about this. The social security schemes of the Governments have to be made more meaningful. Our aspirations get frustrated when we encounter a weak social infrastructure. We need it on a daily basis. Children - the Future of the Nation ""There can be no keener revelation of a society's soul than the way in which it treats its children"" - Nelson Mandela Indicators related to children welfare are an indicator of the progress of the nation, be it health, education or safety of children. Under the UPA rule, the same has not been given its due weightage. BJP is committed to address the issues related to children, like malnutrition and under-nutrition, problem of child labour, child-trafficking and missing children, sexual abuse, school dropouts and the increasing crime rate among juveniles. BJP will take the following steps to ensure survival, development, participation and protection of children: (cid:1) Lay special emphasis on vulnerable children and especially those belonging to the vulnerable communities like SCs, STs, OBCs, migrants, slum dwellers, street dwellers and those with disabilities. (cid:1) Ensure effective implementation of the Right to Education, Right to Food Security Act. (cid:1) Review, amend and strengthen the Child and Adolescent Labour (Prohibition and Regulation) Act, 2012 and Integrated Child Protection Scheme (ICPS). (cid:1) Focused efforts will be made to address issue of anaemia. (cid:1) Reduce the burden of books on children without compromising on the quality of education. (cid:1) Endeavour to inculcate values amongst children. Senior Citizens","Ensure effective implementation of the Right to Education, Right to Food Security Act.","0","100"
"and empower them to take advantage of the development process. We will make an effort that government withdraws from those services which could be done by others and devote that extra time, money and energy for social sectors, particularly for development of the weaker sections. And a common thread will run across all our ideas and initiatives. This common thread is the wire and wave of Technology - maximum application of technology for making governance easy, economical and effective. Social Security - A Caring Government, Passionate Society India has always been a caring society. It is in our culture to help the aged, the weak and the helpless. We have to retain this. We have to educate our younger generations about this. The social security schemes of the Governments have to be made more meaningful. Our aspirations get frustrated when we encounter a weak social infrastructure. We need it on a daily basis. Children - the Future of the Nation ""There can be no keener revelation of a society's soul than the way in which it treats its children"" - Nelson Mandela Indicators related to children welfare are an indicator of the progress of the nation, be it health, education or safety of children. Under the UPA rule, the same has not been given its due weightage. BJP is committed to address the issues related to children, like malnutrition and under-nutrition, problem of child labour, child-trafficking and missing children, sexual abuse, school dropouts and the increasing crime rate among juveniles. BJP will take the following steps to ensure survival, development, participation and protection of children: (cid:1) Lay special emphasis on vulnerable children and especially those belonging to the vulnerable communities like SCs, STs, OBCs, migrants, slum dwellers, street dwellers and those with disabilities. (cid:1) Ensure effective implementation of the Right to Education, Right to Food Security Act. (cid:1) Review, amend and strengthen the Child and Adolescent Labour (Prohibition and Regulation) Act, 2012 and Integrated Child Protection Scheme (ICPS). (cid:1) Focused efforts will be made to address issue of anaemia. (cid:1) Reduce the burden of books on children without compromising on the quality of education. (cid:1) Endeavour to inculcate values amongst children. Senior Citizens","Review, amend and strengthen the Child and Adolescent Labour (Prohibition and Regulation) Act, 2012 and Integrated Child Protection Scheme (ICPS).","2","100"
"and empower them to take advantage of the development process. We will make an effort that government withdraws from those services which could be done by others and devote that extra time, money and energy for social sectors, particularly for development of the weaker sections. And a common thread will run across all our ideas and initiatives. This common thread is the wire and wave of Technology - maximum application of technology for making governance easy, economical and effective. Social Security - A Caring Government, Passionate Society India has always been a caring society. It is in our culture to help the aged, the weak and the helpless. We have to retain this. We have to educate our younger generations about this. The social security schemes of the Governments have to be made more meaningful. Our aspirations get frustrated when we encounter a weak social infrastructure. We need it on a daily basis. Children - the Future of the Nation ""There can be no keener revelation of a society's soul than the way in which it treats its children"" - Nelson Mandela Indicators related to children welfare are an indicator of the progress of the nation, be it health, education or safety of children. Under the UPA rule, the same has not been given its due weightage. BJP is committed to address the issues related to children, like malnutrition and under-nutrition, problem of child labour, child-trafficking and missing children, sexual abuse, school dropouts and the increasing crime rate among juveniles. BJP will take the following steps to ensure survival, development, participation and protection of children: (cid:1) Lay special emphasis on vulnerable children and especially those belonging to the vulnerable communities like SCs, STs, OBCs, migrants, slum dwellers, street dwellers and those with disabilities. (cid:1) Ensure effective implementation of the Right to Education, Right to Food Security Act. (cid:1) Review, amend and strengthen the Child and Adolescent Labour (Prohibition and Regulation) Act, 2012 and Integrated Child Protection Scheme (ICPS). (cid:1) Focused efforts will be made to address issue of anaemia. (cid:1) Reduce the burden of books on children without compromising on the quality of education. (cid:1) Endeavour to inculcate values amongst children. Senior Citizens","Focused efforts will be made to address issue of anaemia.","0","100"
"and empower them to take advantage of the development process. We will make an effort that government withdraws from those services which could be done by others and devote that extra time, money and energy for social sectors, particularly for development of the weaker sections. And a common thread will run across all our ideas and initiatives. This common thread is the wire and wave of Technology - maximum application of technology for making governance easy, economical and effective. Social Security - A Caring Government, Passionate Society India has always been a caring society. It is in our culture to help the aged, the weak and the helpless. We have to retain this. We have to educate our younger generations about this. The social security schemes of the Governments have to be made more meaningful. Our aspirations get frustrated when we encounter a weak social infrastructure. We need it on a daily basis. Children - the Future of the Nation ""There can be no keener revelation of a society's soul than the way in which it treats its children"" - Nelson Mandela Indicators related to children welfare are an indicator of the progress of the nation, be it health, education or safety of children. Under the UPA rule, the same has not been given its due weightage. BJP is committed to address the issues related to children, like malnutrition and under-nutrition, problem of child labour, child-trafficking and missing children, sexual abuse, school dropouts and the increasing crime rate among juveniles. BJP will take the following steps to ensure survival, development, participation and protection of children: (cid:1) Lay special emphasis on vulnerable children and especially those belonging to the vulnerable communities like SCs, STs, OBCs, migrants, slum dwellers, street dwellers and those with disabilities. (cid:1) Ensure effective implementation of the Right to Education, Right to Food Security Act. (cid:1) Review, amend and strengthen the Child and Adolescent Labour (Prohibition and Regulation) Act, 2012 and Integrated Child Protection Scheme (ICPS). (cid:1) Focused efforts will be made to address issue of anaemia. (cid:1) Reduce the burden of books on children without compromising on the quality of education. (cid:1) Endeavour to inculcate values amongst children. Senior Citizens","Reduce the burden of books on children without compromising on the quality of education.","0","100"
"and empower them to take advantage of the development process. We will make an effort that government withdraws from those services which could be done by others and devote that extra time, money and energy for social sectors, particularly for development of the weaker sections. And a common thread will run across all our ideas and initiatives. This common thread is the wire and wave of Technology - maximum application of technology for making governance easy, economical and effective. Social Security - A Caring Government, Passionate Society India has always been a caring society. It is in our culture to help the aged, the weak and the helpless. We have to retain this. We have to educate our younger generations about this. The social security schemes of the Governments have to be made more meaningful. Our aspirations get frustrated when we encounter a weak social infrastructure. We need it on a daily basis. Children - the Future of the Nation ""There can be no keener revelation of a society's soul than the way in which it treats its children"" - Nelson Mandela Indicators related to children welfare are an indicator of the progress of the nation, be it health, education or safety of children. Under the UPA rule, the same has not been given its due weightage. BJP is committed to address the issues related to children, like malnutrition and under-nutrition, problem of child labour, child-trafficking and missing children, sexual abuse, school dropouts and the increasing crime rate among juveniles. BJP will take the following steps to ensure survival, development, participation and protection of children: (cid:1) Lay special emphasis on vulnerable children and especially those belonging to the vulnerable communities like SCs, STs, OBCs, migrants, slum dwellers, street dwellers and those with disabilities. (cid:1) Ensure effective implementation of the Right to Education, Right to Food Security Act. (cid:1) Review, amend and strengthen the Child and Adolescent Labour (Prohibition and Regulation) Act, 2012 and Integrated Child Protection Scheme (ICPS). (cid:1) Focused efforts will be made to address issue of anaemia. (cid:1) Reduce the burden of books on children without compromising on the quality of education. (cid:1) Endeavour to inculcate values amongst children. Senior Citizens","Endeavour to inculcate values amongst children.","0","100"
"BJP is committed to the welfare of senior citizens, especially their security and health care. We will take measures to deal with the issues related to the senior citizens in a focused manner. BJP will: (cid:1) Provide financial support, exploring ideas like additional tax benefits and higher interest rates. (cid:1) Invest in setting up and improving old-age homes. (cid:1) Harness their experience in the National Interest. Devise schemes and programs to engage the 19","BJP is committed to the welfare of senior citizens, especially their security and health care. We will take measures to deal with the issues related to the senior citizens in a focused manner. Invest in setting up and improving old-age homes.","2","100"
"BJP is committed to the welfare of senior citizens, especially their security and health care. We will take measures to deal with the issues related to the senior citizens in a focused manner. BJP will: (cid:1) Provide financial support, exploring ideas like additional tax benefits and higher interest rates. (cid:1) Invest in setting up and improving old-age homes. (cid:1) Harness their experience in the National Interest. Devise schemes and programs to engage the 19","Provide financial support, exploring ideas like additional tax benefits and higher interest rates.","2","100"
"BJP is committed to the welfare of senior citizens, especially their security and health care. We will take measures to deal with the issues related to the senior citizens in a focused manner. BJP will: (cid:1) Provide financial support, exploring ideas like additional tax benefits and higher interest rates. (cid:1) Invest in setting up and improving old-age homes. (cid:1) Harness their experience in the National Interest. Devise schemes and programs to engage the 19","To Harness experience of senior citizens, we will Devise schemes and programs to engage them as volunteers","0","90"
"(cid:1) We will explore ways to reduce the daily burden of carrying books to school for children, which would also entail use of technology for education as a mission mode project. (cid:1) Establish a national E-Library to empower school teachers and students. (cid:1) Initiate a multi-country student exchange programme for broadening the horizon of school going children. (cid:1) Creative talents of students will be recognized and encouraged. Higher and Professional Education The basic objective of higher and professional education is not only rapid advancement of the affluent sector of the society but also to improve the lot of the last man in the line. The content should be designed to prepare the students to understand the current challenges and equip themselves to be able to readily adjust in a fast changing global scenario. Policy interventions would include: (cid:1) enhancing the pivotal role of the teachers by reworking the work culture of teacher training institutions with a goal to prepare committed and performing teachers. (cid:1) optimum utilization of physical and manpower resources. (cid:1) a mechanism for close interaction between industry (including SME), academia and community would be instituted. (cid:1) needs assessment exercise will be done for identifying the future needs across sectors, and the same would be used for developing appropriate courses for higher education, to ensure that the country has adequate manpower for every sector, both established and emerging, in the economy. 23","Establish sports academies across the country.","2","77"
"We will: (cid:1) put emphasis on imparting soft skills to enhance employability including a national program on foreign languages. (cid:1) launch a national programme for digital empowerment through computer literacy of the people, especially the youth. (cid:1) we will assess the talent and capacity of our youth from an early age; so they can be groomed accordingly. (cid:1) we will push for greater practical and research training encouraging real world experience through internships and apprenticeships. Health Services - Increase the Access, Improve the Quality, Lower the Cost India needs a holistic care system that is universally accessible, affordable and effective and drastically reduces the out of pocket spending on health. NRHM has failed to meet the objectives and will be radically reformed. BJP accords high priority to health sector, which is crucial for securing the economy. The overarching goal of healthcare would be to provide, 'Health Assurance to all Indians and to reduce the out of pocket spending on health care', with the help of state governments. The current situation calls for radical reforms in the healthcare system with regards to national healthcare programs and delivery, medical education and training and financing of healthcare. Our government would focus on the following reforms in healthcare: (cid:1) the last healthcare policy dates back to 2002. India now needs a comprehensive healthcare policy to address the complex healthcare challenges, keeping in view the developments in the healthcare sector and the changing demographics. BJP will initiate the New Health Policy. (cid:1) initiate the 'National Health Assurance Mission', with a clear mandate to provide universal healthcare that is not only accessible and affordable, but also effective, and reduces the OOP spending for the common man. (cid:1) Education and Training - Will review the role of various professional regulatory bodies in healthcare and consider setting up an overarching lean body for healthcare. High priority will be given to address the shortfall of healthcare professionals. (cid:1) Modernize Government hospitals, upgrading infrastructure and latest technologies. (cid:1) Reorganize Ministry of Health and Family Welfare in order to converge various departments dealing in healthcare, food and nutrition and pharmaceuticals, for effective delivery of healthcare services. (cid:1) Increase the number of medical and para-medical colleges to make India self sufficient in human resources, and set up an AIIMS like institute in every state. (cid:1) Yoga and Ayurveda are the gifts of ancient Indian civilization to humanity and we will increase the","Program for women healthcare in a mission mode, especially focusing on domains of Nutrition and Pregnancy - with emphasis on rural, SCs, STs and OBCs.","0","74"
"(cid:1) We will enable women with training and skills - setting up dedicated Women ITIs, Women wings in other ITIs. (cid:1) Strict implementation of laws related to women, particularly those related to rape. (cid:1) Fund for relief and rehabilitation of rape victims lies unused at the Centre as the Government has not worked out the modalities of dispensation. BJP will clear this on priority. 21","We will enable women with training and skills - setting up dedicated Women ITIs, Women wings in other ITIs.","0","100"
"(cid:1) We will enable women with training and skills - setting up dedicated Women ITIs, Women wings in other ITIs. (cid:1) Strict implementation of laws related to women, particularly those related to rape. (cid:1) Fund for relief and rehabilitation of rape victims lies unused at the Centre as the Government has not worked out the modalities of dispensation. BJP will clear this on priority. 21","Fund for relief and rehabilitation of rape victims lies unused at the Centre as the Government has not worked out the modalities of dispensation. BJP will clear this on priority.","0","100"
"We will: (cid:1) undertake a comprehensive review of the legal system to simplify complex legislations - converge overlapping legislation, as well as remove contradictory and redundant laws. (cid:1) establish an institutional mechanism to periodically review and give suggestions for refining our laws. (cid:1) simplify legal procedure and language. (cid:1) make legal information open and freely accessible. (cid:1) run legal awareness programmes and introduce in school curriculum - making the common man aware of his rights and duties. Police Our police forces are entrusted with the crucial responsibility of maintaining law and public order,","Introduce self defence as a part of the school curriculum.","0","81"
"We will focus on the following: (cid:1) ensuring food, agricultural, nutritional and environmental, wealth, health and energy security of the people on a sustainable basis, using science and technology. (cid:1) mounting a direct and sustained effort on the alleviation of poverty, enhancing livelihood security, removal of hunger and malnutrition, reduction of drudgery and regional imbalances, both rural and urban, and generation of employment, by using scientific and technological capabilities along with our traditional knowledge pool. (cid:1) encouraging research and innovation in areas of relevance for the economy and society, particularly by promoting close and productive interaction between private and public institutions. Sectors such as agriculture (particularly soil, water management, human and animal nutrition and fisheries), water, health, education, industry, energy including renewable energy, communication and transportation would be accorded highest priority. Leveraging of technologies such as information technology, biotechnology and material sciences would be done with special importance. (cid:1) encouraging research and application to meet the challenges of climate change and for forecasting, prevention and mitigation of natural hazards, particularly floods, cyclones, earthquakes, drought and landslides. (cid:1) promoting international science and technology cooperation towards achieving the goals of national development and security, and making it a key element of our international relations. (cid:1) devise schemes, programs and opportunities to encourage the youth to take scientific research and innovation as a career. (cid:1) provide work environment and professional opportunities in fundamental scientific research, to make research careers more appealing, so that the nation can harness the best of brains for scientific research leading to enhancing the national productivity and competitiveness and reverse brain drain. (cid:1) build world class, regional centres of excellence of scientific research in the field of nanotechnology, material sciences, thorium technology and brain research. (cid:1) create an ecosystem for multi-country and inter-disciplinary collaborative research, and establish an Intellectual Property Rights Regime which maximizes the incentive for generation and protection of intellectual property for all type of inventors. (cid:1) achieving synergy between industry and scientific research. Autonomous technology transfer organizations will be created as associate organizations of universities and national laboratories to transfer the know-how generated by them to industry. Industry will be encouraged to adopt or support educational and research institutions to help direct science and technology endeavours towards tangible industrial goals. (cid:1) promotion of innovation by creating a comprehensive national system of innovation. (cid:1) indigenous knowledge, based on our long and rich tradition will be further developed and harnessed for the purpose of wealth and employment generation (cid:1) to promote science popularization schemes extensively. (cid:1) bring the changes in secondary education to focus on application of science. (cid:1) set an institute of Big data and Analytics for studying the impact of big data across sectors for 35","Using information technology for women's safety.","2","81"
"(cid:1) We will transform the quality of life of women in Rural India by providing electricity, tapped water, cleaner fuel and toilets in every home. Education - Enroll and Excel BJP believes that education is the most powerful tool for the advancement of the nation and the most potent weapon to fight poverty. Education in India needs to be revitalized and reorganized to make future generations proud of their culture, heritage and history and also for creating confidence in the vitality of India. Every effort shall be made to ensure 'equality of opportunity in access and success' to all learners; creating a harmonious, and cohesive egalitarian society that practices democratic values. This would be possible only when Education accords due emphasis on national integration, social cohesion, religious amity, national identity and patriotism. It must also be analyzed how far education has contributed to moral, ethical and humanistic values in the individuals and the society. Education must create minds free from superstitions, hatred and violence and become an important vehicle to cement national unity, social cohesion and religious amity. Our endeavour should be to inculcate moral, ethical and humanistic values in the individuals and the society. India has to become a knowledge society and has to reverberate with educated skilled manpower of high standards required to meet the challenges of 21st century. This requires a bold and visionary leadership to introduce appropriate policy and structural changes. Highest priority would be given to address the acute shortage of teachers and researchers, quality of education and research, and also the employability factor associated with most of the courses. Education should not only lead to employability but also job creation and entrepreneurship by introducing a national multi-skills orientation program. 22","We will transform the quality of life of women in Rural India by providing electricity, tapped water, cleaner fuel and toilets in every home.","0","100"
"(cid:1) We will explore ways to reduce the daily burden of carrying books to school for children, which would also entail use of technology for education as a mission mode project. (cid:1) Establish a national E-Library to empower school teachers and students. (cid:1) Initiate a multi-country student exchange programme for broadening the horizon of school going children. (cid:1) Creative talents of students will be recognized and encouraged. Higher and Professional Education The basic objective of higher and professional education is not only rapid advancement of the affluent sector of the society but also to improve the lot of the last man in the line. The content should be designed to prepare the students to understand the current challenges and equip themselves to be able to readily adjust in a fast changing global scenario. Policy interventions would include: (cid:1) enhancing the pivotal role of the teachers by reworking the work culture of teacher training institutions with a goal to prepare committed and performing teachers. (cid:1) optimum utilization of physical and manpower resources. (cid:1) a mechanism for close interaction between industry (including SME), academia and community would be instituted. (cid:1) needs assessment exercise will be done for identifying the future needs across sectors, and the same would be used for developing appropriate courses for higher education, to ensure that the country has adequate manpower for every sector, both established and emerging, in the economy. 23","The content and process of school education shall be thoroughly reviewed to make it dynamic, stress-free, attractive and responsive to the emerging national needs. We will explore ways to reduce the daily burden of carrying books to school for children, which would also entail use of technology for education as a mission mode project.","0","83"
"We will: (cid:1) Ensure that the young, and the girl child in particular get education and jobs without discrimination. (cid:1) Strengthen and modernize minority educational systems and institutions; dovetailing them with modern requirements. National Madrasa modernization programme would be initiated. (cid:1) Empower with vibrancy in Livelihood and Entrepreneurial opportunities. (cid:1) Augment their traditional artisanship and entrepreneurial skill, which are a backbone of our cottage and small-scale industry - strengthening these sectors through better market linkages, branding and access to credit. (cid:1) Empower Waqf Boards in consultation with religious leaders; taking steps to remove encroachments from and unauthorized occupation of Waqf properties. (cid:1) Curate their rich heritage and culture - maintenance and restoration of heritage sites; digitization of archives; preservation and promotion of Urdu. (cid:1) Ensure a peaceful and secure environment, where there is no place for either the perpetrators or exploiters of fear. (cid:1) Facilitate the setting up of a permanent Inter-faith Consultative mechanism to promote harmony and trust, under the auspices of religious leaders. Neo-Middle Class - Meet their Aspirations India has a large middle class with immense understanding, talent and purchasing power. In addition, a whole new class has emerged. Those who have risen from the category of poor and are yet to stabilize in the middle class, the 'neo middle class'. This class needs proactive handholding. Having moved out of poverty, their aspirations have increased. They want amenities and services of a certain standard. They thus now feel that Government facilities and services are not up to the mark, and hence resort to the private sector for things like education, health and transport. This is obviously costly, putting the neo middle class into a daily dilemma. As more and more people move into this category, 17","On priority, a national modernization programme for madrasa's would be started.","0","83"
"(cid:1) We will explore ways to reduce the daily burden of carrying books to school for children, which would also entail use of technology for education as a mission mode project. (cid:1) Establish a national E-Library to empower school teachers and students. (cid:1) Initiate a multi-country student exchange programme for broadening the horizon of school going children. (cid:1) Creative talents of students will be recognized and encouraged. Higher and Professional Education The basic objective of higher and professional education is not only rapid advancement of the affluent sector of the society but also to improve the lot of the last man in the line. The content should be designed to prepare the students to understand the current challenges and equip themselves to be able to readily adjust in a fast changing global scenario. Policy interventions would include: (cid:1) enhancing the pivotal role of the teachers by reworking the work culture of teacher training institutions with a goal to prepare committed and performing teachers. (cid:1) optimum utilization of physical and manpower resources. (cid:1) a mechanism for close interaction between industry (including SME), academia and community would be instituted. (cid:1) needs assessment exercise will be done for identifying the future needs across sectors, and the same would be used for developing appropriate courses for higher education, to ensure that the country has adequate manpower for every sector, both established and emerging, in the economy. 23","Establish a national E-Library to empower school teachers and students. Optimum utilization of physical and manpower resources.","2","100"
"(cid:1) We will explore ways to reduce the daily burden of carrying books to school for children, which would also entail use of technology for education as a mission mode project. (cid:1) Establish a national E-Library to empower school teachers and students. (cid:1) Initiate a multi-country student exchange programme for broadening the horizon of school going children. (cid:1) Creative talents of students will be recognized and encouraged. Higher and Professional Education The basic objective of higher and professional education is not only rapid advancement of the affluent sector of the society but also to improve the lot of the last man in the line. The content should be designed to prepare the students to understand the current challenges and equip themselves to be able to readily adjust in a fast changing global scenario. Policy interventions would include: (cid:1) enhancing the pivotal role of the teachers by reworking the work culture of teacher training institutions with a goal to prepare committed and performing teachers. (cid:1) optimum utilization of physical and manpower resources. (cid:1) a mechanism for close interaction between industry (including SME), academia and community would be instituted. (cid:1) needs assessment exercise will be done for identifying the future needs across sectors, and the same would be used for developing appropriate courses for higher education, to ensure that the country has adequate manpower for every sector, both established and emerging, in the economy. 23","Initiate a multi-country student exchange programme for broadening the horizon of school going children.","2","100"
"(cid:1) We will explore ways to reduce the daily burden of carrying books to school for children, which would also entail use of technology for education as a mission mode project. (cid:1) Establish a national E-Library to empower school teachers and students. (cid:1) Initiate a multi-country student exchange programme for broadening the horizon of school going children. (cid:1) Creative talents of students will be recognized and encouraged. Higher and Professional Education The basic objective of higher and professional education is not only rapid advancement of the affluent sector of the society but also to improve the lot of the last man in the line. The content should be designed to prepare the students to understand the current challenges and equip themselves to be able to readily adjust in a fast changing global scenario. Policy interventions would include: (cid:1) enhancing the pivotal role of the teachers by reworking the work culture of teacher training institutions with a goal to prepare committed and performing teachers. (cid:1) optimum utilization of physical and manpower resources. (cid:1) a mechanism for close interaction between industry (including SME), academia and community would be instituted. (cid:1) needs assessment exercise will be done for identifying the future needs across sectors, and the same would be used for developing appropriate courses for higher education, to ensure that the country has adequate manpower for every sector, both established and emerging, in the economy. 23","Creative talents of students will be recognized and encouraged.","0","100"
"(cid:1) We will explore ways to reduce the daily burden of carrying books to school for children, which would also entail use of technology for education as a mission mode project. (cid:1) Establish a national E-Library to empower school teachers and students. (cid:1) Initiate a multi-country student exchange programme for broadening the horizon of school going children. (cid:1) Creative talents of students will be recognized and encouraged. Higher and Professional Education The basic objective of higher and professional education is not only rapid advancement of the affluent sector of the society but also to improve the lot of the last man in the line. The content should be designed to prepare the students to understand the current challenges and equip themselves to be able to readily adjust in a fast changing global scenario. Policy interventions would include: (cid:1) enhancing the pivotal role of the teachers by reworking the work culture of teacher training institutions with a goal to prepare committed and performing teachers. (cid:1) optimum utilization of physical and manpower resources. (cid:1) a mechanism for close interaction between industry (including SME), academia and community would be instituted. (cid:1) needs assessment exercise will be done for identifying the future needs across sectors, and the same would be used for developing appropriate courses for higher education, to ensure that the country has adequate manpower for every sector, both established and emerging, in the economy. 23","Enhancing the pivotal role of the teachers by reworking the work culture of teacher training institutions with a goal to prepare committed and performing teachers.","2","100"
"(cid:1) We will explore ways to reduce the daily burden of carrying books to school for children, which would also entail use of technology for education as a mission mode project. (cid:1) Establish a national E-Library to empower school teachers and students. (cid:1) Initiate a multi-country student exchange programme for broadening the horizon of school going children. (cid:1) Creative talents of students will be recognized and encouraged. Higher and Professional Education The basic objective of higher and professional education is not only rapid advancement of the affluent sector of the society but also to improve the lot of the last man in the line. The content should be designed to prepare the students to understand the current challenges and equip themselves to be able to readily adjust in a fast changing global scenario. Policy interventions would include: (cid:1) enhancing the pivotal role of the teachers by reworking the work culture of teacher training institutions with a goal to prepare committed and performing teachers. (cid:1) optimum utilization of physical and manpower resources. (cid:1) a mechanism for close interaction between industry (including SME), academia and community would be instituted. (cid:1) needs assessment exercise will be done for identifying the future needs across sectors, and the same would be used for developing appropriate courses for higher education, to ensure that the country has adequate manpower for every sector, both established and emerging, in the economy. 23","A mechanism for close interaction between industry (including SME), academia and community would be instituted.","2","100"
"(cid:1) We will explore ways to reduce the daily burden of carrying books to school for children, which would also entail use of technology for education as a mission mode project. (cid:1) Establish a national E-Library to empower school teachers and students. (cid:1) Initiate a multi-country student exchange programme for broadening the horizon of school going children. (cid:1) Creative talents of students will be recognized and encouraged. Higher and Professional Education The basic objective of higher and professional education is not only rapid advancement of the affluent sector of the society but also to improve the lot of the last man in the line. The content should be designed to prepare the students to understand the current challenges and equip themselves to be able to readily adjust in a fast changing global scenario. Policy interventions would include: (cid:1) enhancing the pivotal role of the teachers by reworking the work culture of teacher training institutions with a goal to prepare committed and performing teachers. (cid:1) optimum utilization of physical and manpower resources. (cid:1) a mechanism for close interaction between industry (including SME), academia and community would be instituted. (cid:1) needs assessment exercise will be done for identifying the future needs across sectors, and the same would be used for developing appropriate courses for higher education, to ensure that the country has adequate manpower for every sector, both established and emerging, in the economy. 23","Needs assessment exercise will be done for identifying the future needs across sectors, and the same would be used for developing appropriate courses for higher education, to ensure that the country has adequate manpower for every sector, both established and emerging, in the economy.","2","100"
"We will: (cid:1) put emphasis on imparting soft skills to enhance employability including a national program on foreign languages. (cid:1) launch a national programme for digital empowerment through computer literacy of the people, especially the youth. (cid:1) we will assess the talent and capacity of our youth from an early age; so they can be groomed accordingly. (cid:1) we will push for greater practical and research training encouraging real world experience through internships and apprenticeships. Health Services - Increase the Access, Improve the Quality, Lower the Cost India needs a holistic care system that is universally accessible, affordable and effective and drastically reduces the out of pocket spending on health. NRHM has failed to meet the objectives and will be radically reformed. BJP accords high priority to health sector, which is crucial for securing the economy. The overarching goal of healthcare would be to provide, 'Health Assurance to all Indians and to reduce the out of pocket spending on health care', with the help of state governments. The current situation calls for radical reforms in the healthcare system with regards to national healthcare programs and delivery, medical education and training and financing of healthcare. Our government would focus on the following reforms in healthcare: (cid:1) the last healthcare policy dates back to 2002. India now needs a comprehensive healthcare policy to address the complex healthcare challenges, keeping in view the developments in the healthcare sector and the changing demographics. BJP will initiate the New Health Policy. (cid:1) initiate the 'National Health Assurance Mission', with a clear mandate to provide universal healthcare that is not only accessible and affordable, but also effective, and reduces the OOP spending for the common man. (cid:1) Education and Training - Will review the role of various professional regulatory bodies in healthcare and consider setting up an overarching lean body for healthcare. High priority will be given to address the shortfall of healthcare professionals. (cid:1) Modernize Government hospitals, upgrading infrastructure and latest technologies. (cid:1) Reorganize Ministry of Health and Family Welfare in order to converge various departments dealing in healthcare, food and nutrition and pharmaceuticals, for effective delivery of healthcare services. (cid:1) Increase the number of medical and para-medical colleges to make India self sufficient in human resources, and set up an AIIMS like institute in every state. (cid:1) Yoga and Ayurveda are the gifts of ancient Indian civilization to humanity and we will increase the","Will set up a National Commission on Education to report in two years on the state of education and the reforms needed.","1","79"
"We will take up skill development on a mission mode, at an unprecedented scale. (cid:1) Skill Mapping - to help scientifically plan our national human resource development that India would need (like engineers, architects, doctors, nurses, lawyers, accountants, plumbers, carpenters, welders, etc.). (cid:1) Launch a 'National Multi-skill Mission'","Skill Mapping - to help scientifically plan our national human resource development that India would need","2","100"
"We will take up skill development on a mission mode, at an unprecedented scale. (cid:1) Skill Mapping - to help scientifically plan our national human resource development that India would need (like engineers, architects, doctors, nurses, lawyers, accountants, plumbers, carpenters, welders, etc.). (cid:1) Launch a 'National Multi-skill Mission'","Launch a 'National Multi-skill Mission'","2","100"
"(cid:1) We will run short-term courses, in the evenings, focusing on employable skills.","We will run short-term courses, in the evenings, focusing on employable skills.","0","100"
"(cid:1) We will also set up Centres of Excellence in various sectors in partnership with the Industry. (cid:1) To ensure industry responsive manpower, we will bring together industry, universities and government.","We will also set up Centres of Excellence in various sectors in partnership with the Industry.","0","100"
"(cid:1) We will also set up Centres of Excellence in various sectors in partnership with the Industry. (cid:1) To ensure industry responsive manpower, we will bring together industry, universities and government.","To ensure industry responsive manpower, we will bring together industry, universities and government.","2","100"
"(cid:1) We will promote vocational training on a massive scale. Rigid segregation of formal education and skill development will be broken; a mechanism will be established to give vocational qualifications of Academic Equivalence. 24","We will promote vocational training on a massive scale. Rigid segregation of formal education and skill development will be broken; a mechanism will be established to give vocational qualifications of Academic Equivalence.","0","100"
"(cid:1) We will also create institutional mechanisms to refresh and upgrade abilities through continuing education - to make them employable.","We will also create institutional mechanisms to refresh and upgrade abilities through continuing education - to make them employable.","0","100"
"We will focus on need based skill development and employability; making our youth employable even in the most sophisticated jobs.","We will focus on need based skill development and employability; making our youth employable even in the most sophisticated jobs.","2","100"
"We will: (cid:1) put emphasis on imparting soft skills to enhance employability including a national program on foreign languages. (cid:1) launch a national programme for digital empowerment through computer literacy of the people, especially the youth. (cid:1) we will assess the talent and capacity of our youth from an early age; so they can be groomed accordingly. (cid:1) we will push for greater practical and research training encouraging real world experience through internships and apprenticeships. Health Services - Increase the Access, Improve the Quality, Lower the Cost India needs a holistic care system that is universally accessible, affordable and effective and drastically reduces the out of pocket spending on health. NRHM has failed to meet the objectives and will be radically reformed. BJP accords high priority to health sector, which is crucial for securing the economy. The overarching goal of healthcare would be to provide, 'Health Assurance to all Indians and to reduce the out of pocket spending on health care', with the help of state governments. The current situation calls for radical reforms in the healthcare system with regards to national healthcare programs and delivery, medical education and training and financing of healthcare. Our government would focus on the following reforms in healthcare: (cid:1) the last healthcare policy dates back to 2002. India now needs a comprehensive healthcare policy to address the complex healthcare challenges, keeping in view the developments in the healthcare sector and the changing demographics. BJP will initiate the New Health Policy. (cid:1) initiate the 'National Health Assurance Mission', with a clear mandate to provide universal healthcare that is not only accessible and affordable, but also effective, and reduces the OOP spending for the common man. (cid:1) Education and Training - Will review the role of various professional regulatory bodies in healthcare and consider setting up an overarching lean body for healthcare. High priority will be given to address the shortfall of healthcare professionals. (cid:1) Modernize Government hospitals, upgrading infrastructure and latest technologies. (cid:1) Reorganize Ministry of Health and Family Welfare in order to converge various departments dealing in healthcare, food and nutrition and pharmaceuticals, for effective delivery of healthcare services. (cid:1) Increase the number of medical and para-medical colleges to make India self sufficient in human resources, and set up an AIIMS like institute in every state. (cid:1) Yoga and Ayurveda are the gifts of ancient Indian civilization to humanity and we will increase the","Put emphasis on imparting soft skills to enhance employability including a national program on foreign languages","0","100"
"We will: (cid:1) put emphasis on imparting soft skills to enhance employability including a national program on foreign languages. (cid:1) launch a national programme for digital empowerment through computer literacy of the people, especially the youth. (cid:1) we will assess the talent and capacity of our youth from an early age; so they can be groomed accordingly. (cid:1) we will push for greater practical and research training encouraging real world experience through internships and apprenticeships. Health Services - Increase the Access, Improve the Quality, Lower the Cost India needs a holistic care system that is universally accessible, affordable and effective and drastically reduces the out of pocket spending on health. NRHM has failed to meet the objectives and will be radically reformed. BJP accords high priority to health sector, which is crucial for securing the economy. The overarching goal of healthcare would be to provide, 'Health Assurance to all Indians and to reduce the out of pocket spending on health care', with the help of state governments. The current situation calls for radical reforms in the healthcare system with regards to national healthcare programs and delivery, medical education and training and financing of healthcare. Our government would focus on the following reforms in healthcare: (cid:1) the last healthcare policy dates back to 2002. India now needs a comprehensive healthcare policy to address the complex healthcare challenges, keeping in view the developments in the healthcare sector and the changing demographics. BJP will initiate the New Health Policy. (cid:1) initiate the 'National Health Assurance Mission', with a clear mandate to provide universal healthcare that is not only accessible and affordable, but also effective, and reduces the OOP spending for the common man. (cid:1) Education and Training - Will review the role of various professional regulatory bodies in healthcare and consider setting up an overarching lean body for healthcare. High priority will be given to address the shortfall of healthcare professionals. (cid:1) Modernize Government hospitals, upgrading infrastructure and latest technologies. (cid:1) Reorganize Ministry of Health and Family Welfare in order to converge various departments dealing in healthcare, food and nutrition and pharmaceuticals, for effective delivery of healthcare services. (cid:1) Increase the number of medical and para-medical colleges to make India self sufficient in human resources, and set up an AIIMS like institute in every state. (cid:1) Yoga and Ayurveda are the gifts of ancient Indian civilization to humanity and we will increase the","Launch a national programme for digital empowerment through computer literacy of the people, especially the youth.","2","100"
"We will: (cid:1) put emphasis on imparting soft skills to enhance employability including a national program on foreign languages. (cid:1) launch a national programme for digital empowerment through computer literacy of the people, especially the youth. (cid:1) we will assess the talent and capacity of our youth from an early age; so they can be groomed accordingly. (cid:1) we will push for greater practical and research training encouraging real world experience through internships and apprenticeships. Health Services - Increase the Access, Improve the Quality, Lower the Cost India needs a holistic care system that is universally accessible, affordable and effective and drastically reduces the out of pocket spending on health. NRHM has failed to meet the objectives and will be radically reformed. BJP accords high priority to health sector, which is crucial for securing the economy. The overarching goal of healthcare would be to provide, 'Health Assurance to all Indians and to reduce the out of pocket spending on health care', with the help of state governments. The current situation calls for radical reforms in the healthcare system with regards to national healthcare programs and delivery, medical education and training and financing of healthcare. Our government would focus on the following reforms in healthcare: (cid:1) the last healthcare policy dates back to 2002. India now needs a comprehensive healthcare policy to address the complex healthcare challenges, keeping in view the developments in the healthcare sector and the changing demographics. BJP will initiate the New Health Policy. (cid:1) initiate the 'National Health Assurance Mission', with a clear mandate to provide universal healthcare that is not only accessible and affordable, but also effective, and reduces the OOP spending for the common man. (cid:1) Education and Training - Will review the role of various professional regulatory bodies in healthcare and consider setting up an overarching lean body for healthcare. High priority will be given to address the shortfall of healthcare professionals. (cid:1) Modernize Government hospitals, upgrading infrastructure and latest technologies. (cid:1) Reorganize Ministry of Health and Family Welfare in order to converge various departments dealing in healthcare, food and nutrition and pharmaceuticals, for effective delivery of healthcare services. (cid:1) Increase the number of medical and para-medical colleges to make India self sufficient in human resources, and set up an AIIMS like institute in every state. (cid:1) Yoga and Ayurveda are the gifts of ancient Indian civilization to humanity and we will increase the","We will assess the talent and capacity of our youth from an early age; so they can be groomed accordingly.","2","100"
"We will: (cid:1) put emphasis on imparting soft skills to enhance employability including a national program on foreign languages. (cid:1) launch a national programme for digital empowerment through computer literacy of the people, especially the youth. (cid:1) we will assess the talent and capacity of our youth from an early age; so they can be groomed accordingly. (cid:1) we will push for greater practical and research training encouraging real world experience through internships and apprenticeships. Health Services - Increase the Access, Improve the Quality, Lower the Cost India needs a holistic care system that is universally accessible, affordable and effective and drastically reduces the out of pocket spending on health. NRHM has failed to meet the objectives and will be radically reformed. BJP accords high priority to health sector, which is crucial for securing the economy. The overarching goal of healthcare would be to provide, 'Health Assurance to all Indians and to reduce the out of pocket spending on health care', with the help of state governments. The current situation calls for radical reforms in the healthcare system with regards to national healthcare programs and delivery, medical education and training and financing of healthcare. Our government would focus on the following reforms in healthcare: (cid:1) the last healthcare policy dates back to 2002. India now needs a comprehensive healthcare policy to address the complex healthcare challenges, keeping in view the developments in the healthcare sector and the changing demographics. BJP will initiate the New Health Policy. (cid:1) initiate the 'National Health Assurance Mission', with a clear mandate to provide universal healthcare that is not only accessible and affordable, but also effective, and reduces the OOP spending for the common man. (cid:1) Education and Training - Will review the role of various professional regulatory bodies in healthcare and consider setting up an overarching lean body for healthcare. High priority will be given to address the shortfall of healthcare professionals. (cid:1) Modernize Government hospitals, upgrading infrastructure and latest technologies. (cid:1) Reorganize Ministry of Health and Family Welfare in order to converge various departments dealing in healthcare, food and nutrition and pharmaceuticals, for effective delivery of healthcare services. (cid:1) Increase the number of medical and para-medical colleges to make India self sufficient in human resources, and set up an AIIMS like institute in every state. (cid:1) Yoga and Ayurveda are the gifts of ancient Indian civilization to humanity and we will increase the","We will push for greater practical and research training encouraging real world experience through internships and apprenticeships.","0","100"
"We will: (cid:1) put emphasis on imparting soft skills to enhance employability including a national program on foreign languages. (cid:1) launch a national programme for digital empowerment through computer literacy of the people, especially the youth. (cid:1) we will assess the talent and capacity of our youth from an early age; so they can be groomed accordingly. (cid:1) we will push for greater practical and research training encouraging real world experience through internships and apprenticeships. Health Services - Increase the Access, Improve the Quality, Lower the Cost India needs a holistic care system that is universally accessible, affordable and effective and drastically reduces the out of pocket spending on health. NRHM has failed to meet the objectives and will be radically reformed. BJP accords high priority to health sector, which is crucial for securing the economy. The overarching goal of healthcare would be to provide, 'Health Assurance to all Indians and to reduce the out of pocket spending on health care', with the help of state governments. The current situation calls for radical reforms in the healthcare system with regards to national healthcare programs and delivery, medical education and training and financing of healthcare. Our government would focus on the following reforms in healthcare: (cid:1) the last healthcare policy dates back to 2002. India now needs a comprehensive healthcare policy to address the complex healthcare challenges, keeping in view the developments in the healthcare sector and the changing demographics. BJP will initiate the New Health Policy. (cid:1) initiate the 'National Health Assurance Mission', with a clear mandate to provide universal healthcare that is not only accessible and affordable, but also effective, and reduces the OOP spending for the common man. (cid:1) Education and Training - Will review the role of various professional regulatory bodies in healthcare and consider setting up an overarching lean body for healthcare. High priority will be given to address the shortfall of healthcare professionals. (cid:1) Modernize Government hospitals, upgrading infrastructure and latest technologies. (cid:1) Reorganize Ministry of Health and Family Welfare in order to converge various departments dealing in healthcare, food and nutrition and pharmaceuticals, for effective delivery of healthcare services. (cid:1) Increase the number of medical and para-medical colleges to make India self sufficient in human resources, and set up an AIIMS like institute in every state. (cid:1) Yoga and Ayurveda are the gifts of ancient Indian civilization to humanity and we will increase the","Will initiate the New Health Policy","0","100"
"We will: (cid:1) put emphasis on imparting soft skills to enhance employability including a national program on foreign languages. (cid:1) launch a national programme for digital empowerment through computer literacy of the people, especially the youth. (cid:1) we will assess the talent and capacity of our youth from an early age; so they can be groomed accordingly. (cid:1) we will push for greater practical and research training encouraging real world experience through internships and apprenticeships. Health Services - Increase the Access, Improve the Quality, Lower the Cost India needs a holistic care system that is universally accessible, affordable and effective and drastically reduces the out of pocket spending on health. NRHM has failed to meet the objectives and will be radically reformed. BJP accords high priority to health sector, which is crucial for securing the economy. The overarching goal of healthcare would be to provide, 'Health Assurance to all Indians and to reduce the out of pocket spending on health care', with the help of state governments. The current situation calls for radical reforms in the healthcare system with regards to national healthcare programs and delivery, medical education and training and financing of healthcare. Our government would focus on the following reforms in healthcare: (cid:1) the last healthcare policy dates back to 2002. India now needs a comprehensive healthcare policy to address the complex healthcare challenges, keeping in view the developments in the healthcare sector and the changing demographics. BJP will initiate the New Health Policy. (cid:1) initiate the 'National Health Assurance Mission', with a clear mandate to provide universal healthcare that is not only accessible and affordable, but also effective, and reduces the OOP spending for the common man. (cid:1) Education and Training - Will review the role of various professional regulatory bodies in healthcare and consider setting up an overarching lean body for healthcare. High priority will be given to address the shortfall of healthcare professionals. (cid:1) Modernize Government hospitals, upgrading infrastructure and latest technologies. (cid:1) Reorganize Ministry of Health and Family Welfare in order to converge various departments dealing in healthcare, food and nutrition and pharmaceuticals, for effective delivery of healthcare services. (cid:1) Increase the number of medical and para-medical colleges to make India self sufficient in human resources, and set up an AIIMS like institute in every state. (cid:1) Yoga and Ayurveda are the gifts of ancient Indian civilization to humanity and we will increase the","Initiate the 'National Health Assurance Mission', with a clear mandate to provide universal healthcare that is not only accessible and affordable, but also effective, and reduces the OOP spending for the common man.","0","100"
"We will: (cid:1) put emphasis on imparting soft skills to enhance employability including a national program on foreign languages. (cid:1) launch a national programme for digital empowerment through computer literacy of the people, especially the youth. (cid:1) we will assess the talent and capacity of our youth from an early age; so they can be groomed accordingly. (cid:1) we will push for greater practical and research training encouraging real world experience through internships and apprenticeships. Health Services - Increase the Access, Improve the Quality, Lower the Cost India needs a holistic care system that is universally accessible, affordable and effective and drastically reduces the out of pocket spending on health. NRHM has failed to meet the objectives and will be radically reformed. BJP accords high priority to health sector, which is crucial for securing the economy. The overarching goal of healthcare would be to provide, 'Health Assurance to all Indians and to reduce the out of pocket spending on health care', with the help of state governments. The current situation calls for radical reforms in the healthcare system with regards to national healthcare programs and delivery, medical education and training and financing of healthcare. Our government would focus on the following reforms in healthcare: (cid:1) the last healthcare policy dates back to 2002. India now needs a comprehensive healthcare policy to address the complex healthcare challenges, keeping in view the developments in the healthcare sector and the changing demographics. BJP will initiate the New Health Policy. (cid:1) initiate the 'National Health Assurance Mission', with a clear mandate to provide universal healthcare that is not only accessible and affordable, but also effective, and reduces the OOP spending for the common man. (cid:1) Education and Training - Will review the role of various professional regulatory bodies in healthcare and consider setting up an overarching lean body for healthcare. High priority will be given to address the shortfall of healthcare professionals. (cid:1) Modernize Government hospitals, upgrading infrastructure and latest technologies. (cid:1) Reorganize Ministry of Health and Family Welfare in order to converge various departments dealing in healthcare, food and nutrition and pharmaceuticals, for effective delivery of healthcare services. (cid:1) Increase the number of medical and para-medical colleges to make India self sufficient in human resources, and set up an AIIMS like institute in every state. (cid:1) Yoga and Ayurveda are the gifts of ancient Indian civilization to humanity and we will increase the","Education and Training - Will review the role of various professional regulatory bodies in healthcare and consider setting up an overarching lean body for healthcare. High priority will be given to address the shortfall of healthcare professionals.","2","100"
"We will: (cid:1) put emphasis on imparting soft skills to enhance employability including a national program on foreign languages. (cid:1) launch a national programme for digital empowerment through computer literacy of the people, especially the youth. (cid:1) we will assess the talent and capacity of our youth from an early age; so they can be groomed accordingly. (cid:1) we will push for greater practical and research training encouraging real world experience through internships and apprenticeships. Health Services - Increase the Access, Improve the Quality, Lower the Cost India needs a holistic care system that is universally accessible, affordable and effective and drastically reduces the out of pocket spending on health. NRHM has failed to meet the objectives and will be radically reformed. BJP accords high priority to health sector, which is crucial for securing the economy. The overarching goal of healthcare would be to provide, 'Health Assurance to all Indians and to reduce the out of pocket spending on health care', with the help of state governments. The current situation calls for radical reforms in the healthcare system with regards to national healthcare programs and delivery, medical education and training and financing of healthcare. Our government would focus on the following reforms in healthcare: (cid:1) the last healthcare policy dates back to 2002. India now needs a comprehensive healthcare policy to address the complex healthcare challenges, keeping in view the developments in the healthcare sector and the changing demographics. BJP will initiate the New Health Policy. (cid:1) initiate the 'National Health Assurance Mission', with a clear mandate to provide universal healthcare that is not only accessible and affordable, but also effective, and reduces the OOP spending for the common man. (cid:1) Education and Training - Will review the role of various professional regulatory bodies in healthcare and consider setting up an overarching lean body for healthcare. High priority will be given to address the shortfall of healthcare professionals. (cid:1) Modernize Government hospitals, upgrading infrastructure and latest technologies. (cid:1) Reorganize Ministry of Health and Family Welfare in order to converge various departments dealing in healthcare, food and nutrition and pharmaceuticals, for effective delivery of healthcare services. (cid:1) Increase the number of medical and para-medical colleges to make India self sufficient in human resources, and set up an AIIMS like institute in every state. (cid:1) Yoga and Ayurveda are the gifts of ancient Indian civilization to humanity and we will increase the","Modernize Government hospitals, upgrading infrastructure and latest technologies.","2","100"
"We will: (cid:1) put emphasis on imparting soft skills to enhance employability including a national program on foreign languages. (cid:1) launch a national programme for digital empowerment through computer literacy of the people, especially the youth. (cid:1) we will assess the talent and capacity of our youth from an early age; so they can be groomed accordingly. (cid:1) we will push for greater practical and research training encouraging real world experience through internships and apprenticeships. Health Services - Increase the Access, Improve the Quality, Lower the Cost India needs a holistic care system that is universally accessible, affordable and effective and drastically reduces the out of pocket spending on health. NRHM has failed to meet the objectives and will be radically reformed. BJP accords high priority to health sector, which is crucial for securing the economy. The overarching goal of healthcare would be to provide, 'Health Assurance to all Indians and to reduce the out of pocket spending on health care', with the help of state governments. The current situation calls for radical reforms in the healthcare system with regards to national healthcare programs and delivery, medical education and training and financing of healthcare. Our government would focus on the following reforms in healthcare: (cid:1) the last healthcare policy dates back to 2002. India now needs a comprehensive healthcare policy to address the complex healthcare challenges, keeping in view the developments in the healthcare sector and the changing demographics. BJP will initiate the New Health Policy. (cid:1) initiate the 'National Health Assurance Mission', with a clear mandate to provide universal healthcare that is not only accessible and affordable, but also effective, and reduces the OOP spending for the common man. (cid:1) Education and Training - Will review the role of various professional regulatory bodies in healthcare and consider setting up an overarching lean body for healthcare. High priority will be given to address the shortfall of healthcare professionals. (cid:1) Modernize Government hospitals, upgrading infrastructure and latest technologies. (cid:1) Reorganize Ministry of Health and Family Welfare in order to converge various departments dealing in healthcare, food and nutrition and pharmaceuticals, for effective delivery of healthcare services. (cid:1) Increase the number of medical and para-medical colleges to make India self sufficient in human resources, and set up an AIIMS like institute in every state. (cid:1) Yoga and Ayurveda are the gifts of ancient Indian civilization to humanity and we will increase the","Reorganize Ministry of Health and Family Welfare in order to converge various departments dealing in healthcare, food and nutrition and pharmaceuticals, for effective delivery of healthcare services.","2","100"
"We will: (cid:1) put emphasis on imparting soft skills to enhance employability including a national program on foreign languages. (cid:1) launch a national programme for digital empowerment through computer literacy of the people, especially the youth. (cid:1) we will assess the talent and capacity of our youth from an early age; so they can be groomed accordingly. (cid:1) we will push for greater practical and research training encouraging real world experience through internships and apprenticeships. Health Services - Increase the Access, Improve the Quality, Lower the Cost India needs a holistic care system that is universally accessible, affordable and effective and drastically reduces the out of pocket spending on health. NRHM has failed to meet the objectives and will be radically reformed. BJP accords high priority to health sector, which is crucial for securing the economy. The overarching goal of healthcare would be to provide, 'Health Assurance to all Indians and to reduce the out of pocket spending on health care', with the help of state governments. The current situation calls for radical reforms in the healthcare system with regards to national healthcare programs and delivery, medical education and training and financing of healthcare. Our government would focus on the following reforms in healthcare: (cid:1) the last healthcare policy dates back to 2002. India now needs a comprehensive healthcare policy to address the complex healthcare challenges, keeping in view the developments in the healthcare sector and the changing demographics. BJP will initiate the New Health Policy. (cid:1) initiate the 'National Health Assurance Mission', with a clear mandate to provide universal healthcare that is not only accessible and affordable, but also effective, and reduces the OOP spending for the common man. (cid:1) Education and Training - Will review the role of various professional regulatory bodies in healthcare and consider setting up an overarching lean body for healthcare. High priority will be given to address the shortfall of healthcare professionals. (cid:1) Modernize Government hospitals, upgrading infrastructure and latest technologies. (cid:1) Reorganize Ministry of Health and Family Welfare in order to converge various departments dealing in healthcare, food and nutrition and pharmaceuticals, for effective delivery of healthcare services. (cid:1) Increase the number of medical and para-medical colleges to make India self sufficient in human resources, and set up an AIIMS like institute in every state. (cid:1) Yoga and Ayurveda are the gifts of ancient Indian civilization to humanity and we will increase the","Increase the number of medical and para-medical colleges to make India self sufficient in human resources, and set up an AIIMS like institute in every state.","2","100"
"public investment to promote Yoga and AYUSH. We will start integrated courses for Indian System","Yoga and Ayurveda are the gifts of ancient Indian civilization to humanity and we will increase the public investment to promote Yoga and AYUSH. We will start integrated courses for Indian System of Medicine (ISM) and modern science and Ayurgenomics. We will set up institutions and launch a vigorous program to standardize and validate the Ayurvedic medicine.","2","100"
"ecosystem of equal opportunity - for education, health and livelihood. We will accord highest priority to ensuring their security, especially the prevention of atrocities against SCs & STs. We believe that accelerated social justice and integrated development is the key to the progress of our country and success of our democracy. The BJP is committed to bridge the divide following the principle of social justice (Samajik Nyay) and social harmony (Samajik Samrasata). Instead of pursuing identity politics and tokenisms, which have not led to any tangible results for the SC, ST, OBCs and other weaker sections of our society, the BJP will focus on tangible development and empowerment. (cid:1) A high priority for SC, ST, OBCs and other weaker sections would be to create an ecosystem for education and entrepreneurship. (cid:1) BJP is committed to the eradication of untouchability at all levels. (cid:1) BJP is committed to eliminate manual scavenging. (cid:1) BJP will look at more effective ways to pull these people out of the poverty line. (cid:1) BJP will ensure that the funds allocated for schemes and programmes for SC, ST, OBCs and other weaker sections are utilized properly. (cid:1) A mission mode project would be made for housing, education, health and skills development. (cid:1) Special focus would be on the children, especially the girl child, with regards to health, education and skills development. Tribal development will be one of the focus areas. BJP believes that half-hearted, incremental and piecemeal attempts for the development of tribals have not helped. So the BJP commits to make a comprehensive, all-encompassing long-term strategy to empower tribals and ensure their welfare. The goal would be to ensure tribal development while preserving the unique identities of this community. The Governments of Gujarat, Madhya Pradesh and Chhattisgarh have successfully implemented the tribal welfare and development schemes and their model would be used for tribal welfare and development. BJP will initiate a 'Van Bandhu Kalyan Yojna' at the national level to be overseen by a 'Tribal Development Authority'. This scheme will focus on: (cid:1) Setting up the entire education network for tribals. (cid:1) Upgrading housing, water and health facilities. (cid:1) Electrification of tribal hamlets and provision of all - weather roads. (cid:1) Initiating new economic activities. 16","Move to pre-emptive care model where the focus and thrust will be on child health and prevention.","2","77"
"We will: (cid:1) put emphasis on imparting soft skills to enhance employability including a national program on foreign languages. (cid:1) launch a national programme for digital empowerment through computer literacy of the people, especially the youth. (cid:1) we will assess the talent and capacity of our youth from an early age; so they can be groomed accordingly. (cid:1) we will push for greater practical and research training encouraging real world experience through internships and apprenticeships. Health Services - Increase the Access, Improve the Quality, Lower the Cost India needs a holistic care system that is universally accessible, affordable and effective and drastically reduces the out of pocket spending on health. NRHM has failed to meet the objectives and will be radically reformed. BJP accords high priority to health sector, which is crucial for securing the economy. The overarching goal of healthcare would be to provide, 'Health Assurance to all Indians and to reduce the out of pocket spending on health care', with the help of state governments. The current situation calls for radical reforms in the healthcare system with regards to national healthcare programs and delivery, medical education and training and financing of healthcare. Our government would focus on the following reforms in healthcare: (cid:1) the last healthcare policy dates back to 2002. India now needs a comprehensive healthcare policy to address the complex healthcare challenges, keeping in view the developments in the healthcare sector and the changing demographics. BJP will initiate the New Health Policy. (cid:1) initiate the 'National Health Assurance Mission', with a clear mandate to provide universal healthcare that is not only accessible and affordable, but also effective, and reduces the OOP spending for the common man. (cid:1) Education and Training - Will review the role of various professional regulatory bodies in healthcare and consider setting up an overarching lean body for healthcare. High priority will be given to address the shortfall of healthcare professionals. (cid:1) Modernize Government hospitals, upgrading infrastructure and latest technologies. (cid:1) Reorganize Ministry of Health and Family Welfare in order to converge various departments dealing in healthcare, food and nutrition and pharmaceuticals, for effective delivery of healthcare services. (cid:1) Increase the number of medical and para-medical colleges to make India self sufficient in human resources, and set up an AIIMS like institute in every state. (cid:1) Yoga and Ayurveda are the gifts of ancient Indian civilization to humanity and we will increase the","Focus on Rural Health care delivery.","0","91"
"We will: (cid:1) focus on increasing the penetration and usage of broadband across the country. Deployment of broadband in every village would be a thrust area. (cid:1) leverage technology for e-Governance and engage proactively with the people through social media for participative governance and effective public grievance redressal mechanism. (cid:1) generate IT based jobs in rural and semi-urban areas. (cid:1) make technology enabled products affordable for students. (cid:1) use technology to reduce the burden of books on children. Make all institutions and schools e- enabled in a phased manner. Digital learning and training to be used extensively. (cid:1) pursue a mission mode project under the 'National Rural Internet and Technology Mission' for use of telemedicine and mobile healthcare for rural healthcare delivery; use of IT for agriculture for real time information; Self Help Groups; retail trade and SMEs; and rural entrepreneurs, etc. (cid:1) initiate a National e-Governance Plan to cover every Government office from the centre to the panchayats. The 'E-Gram, Vishwa Gram' scheme in Gujarat to be implemented nationwide. (cid:1) promote e-Bhasha - National Mission for the promotion of IT in Indian Languages. (cid:1) focus to bring SC/ST, OBCs and other weaker sections of the society within the ambit of IT enabled development. 11","Senior Citizens healthcare would be a special focus area.","2","73"
"We will: (cid:1) put emphasis on imparting soft skills to enhance employability including a national program on foreign languages. (cid:1) launch a national programme for digital empowerment through computer literacy of the people, especially the youth. (cid:1) we will assess the talent and capacity of our youth from an early age; so they can be groomed accordingly. (cid:1) we will push for greater practical and research training encouraging real world experience through internships and apprenticeships. Health Services - Increase the Access, Improve the Quality, Lower the Cost India needs a holistic care system that is universally accessible, affordable and effective and drastically reduces the out of pocket spending on health. NRHM has failed to meet the objectives and will be radically reformed. BJP accords high priority to health sector, which is crucial for securing the economy. The overarching goal of healthcare would be to provide, 'Health Assurance to all Indians and to reduce the out of pocket spending on health care', with the help of state governments. The current situation calls for radical reforms in the healthcare system with regards to national healthcare programs and delivery, medical education and training and financing of healthcare. Our government would focus on the following reforms in healthcare: (cid:1) the last healthcare policy dates back to 2002. India now needs a comprehensive healthcare policy to address the complex healthcare challenges, keeping in view the developments in the healthcare sector and the changing demographics. BJP will initiate the New Health Policy. (cid:1) initiate the 'National Health Assurance Mission', with a clear mandate to provide universal healthcare that is not only accessible and affordable, but also effective, and reduces the OOP spending for the common man. (cid:1) Education and Training - Will review the role of various professional regulatory bodies in healthcare and consider setting up an overarching lean body for healthcare. High priority will be given to address the shortfall of healthcare professionals. (cid:1) Modernize Government hospitals, upgrading infrastructure and latest technologies. (cid:1) Reorganize Ministry of Health and Family Welfare in order to converge various departments dealing in healthcare, food and nutrition and pharmaceuticals, for effective delivery of healthcare services. (cid:1) Increase the number of medical and para-medical colleges to make India self sufficient in human resources, and set up an AIIMS like institute in every state. (cid:1) Yoga and Ayurveda are the gifts of ancient Indian civilization to humanity and we will increase the","Programme for Women Healthcare with emphasis on rural, SC, ST and OBC in a mission mode.","2","81"
"The India of tomorrow will have 125 crore such dreams, and will be built on the same. We will not only empower our citizens with the ability to dream; we will enable them with the capability to actualize their dreams. The real test of the success of a development process lies in the happiness of the common man. The fruits of growth and development must reach the weakest, most deprived and remotest of people. With firm belief in the concept of Antyodaya - uplifting the poorest of the poor - Extreme Poverty and malnutrition will be treated as a National priority, and will be addressed on Mission Mode.","Mission mode project to eradicate malnutrition.","2","76"
"We will take up skill development on a mission mode, at an unprecedented scale. (cid:1) Skill Mapping - to help scientifically plan our national human resource development that India would need (like engineers, architects, doctors, nurses, lawyers, accountants, plumbers, carpenters, welders, etc.). (cid:1) Launch a 'National Multi-skill Mission'","Launch National Mosquito Control mission.","2","73"
"Poor Hygiene and Sanitation have a far reaching, cascading impact. We will ensure a 'Swachh Bharat' by Gandhiji's 150th birth anniversary in 2019, taking it up in mission mode by converging resources and building around jan bhagidari: (cid:1) Create an open defecation free India by awareness campaign and enabling people to build toilets in their home as well as in schools and public places. (cid:1) Set up modern, scientific sewage and waste management systems.","Create an open defecation free India by awareness campaign and enabling people to build toilets in their home as well as in schools and public places. Set up modern, scientific sewage and waste management systems.","2","100"
"(cid:1) We will introduce Sanitation Ratings measuring and ranking our cities and towns on 'sanitation'; and rewarding the best performers. (cid:1) Make potable drinking water available to all thus reducing water-borne diseases, which will automatically translate into Diarrhoea-free India. Economic Revival When the NDA Government completed its tenure the baton was handed over to the incoming UPA Government with GDP growth nearing double digit in 2004. Inflation was under control. Fiscal Deficit and Current Account Deficit were kept within limit and the overall Economy was showing robust fundamentals. In contrast, now at the end of Congress-led UPA regime, the GDP growth has plummeted to very low of 4.8%, the inflation and price rise beyond control, the fiscal deficit and current account deficit in the alarm zone, and the manufacturing sector facing a recession. The Congress-led UPA has indulged in massive scams during its last five years. In recent years, the Indian Rupee has seen a free fall like never before. This is basically the result of policy and decision paralysis of the UPA Government. Decisions are simply not taken. And if they are taken, they turn into scandals. All this has destroyed the reputation of our economy. To reverse this process, the first thing, which is required, is to restore confidence in 26","We will introduce Sanitation Ratings measuring and ranking our cities and towns on 'sanitation'; and rewarding the best performers.","0","100"
"(cid:1) We will introduce Sanitation Ratings measuring and ranking our cities and towns on 'sanitation'; and rewarding the best performers. (cid:1) Make potable drinking water available to all thus reducing water-borne diseases, which will automatically translate into Diarrhoea-free India. Economic Revival When the NDA Government completed its tenure the baton was handed over to the incoming UPA Government with GDP growth nearing double digit in 2004. Inflation was under control. Fiscal Deficit and Current Account Deficit were kept within limit and the overall Economy was showing robust fundamentals. In contrast, now at the end of Congress-led UPA regime, the GDP growth has plummeted to very low of 4.8%, the inflation and price rise beyond control, the fiscal deficit and current account deficit in the alarm zone, and the manufacturing sector facing a recession. The Congress-led UPA has indulged in massive scams during its last five years. In recent years, the Indian Rupee has seen a free fall like never before. This is basically the result of policy and decision paralysis of the UPA Government. Decisions are simply not taken. And if they are taken, they turn into scandals. All this has destroyed the reputation of our economy. To reverse this process, the first thing, which is required, is to restore confidence in 26","Make potable drinking water available to all thus reducing water-borne diseases, which will automatically translate into Diarrhoea-free India.","2","100"
"We will: (cid:1) find out solutions, which are effective in the short run and lasting in the long run. (cid:1) strictly implement Fiscal discipline, without compromising on funds availability for development work and asset creation (cid:1) allocate resources efficiently and effectively to re-energize the engines of growth. (cid:1) re-visit the policy framework for investments both foreign and domestic to make them more conducive. (cid:1) undertake Banking reforms to enhance ease and access, as well as accountability. (cid:1) we will encourage Savings as an important driver of investment and growth. NPAs NPAs have increased sharply over the past few years and the trend continues. BJP will take necessary steps to reduce NPAs in Banking sector. Also, BJP will set up a strong regulatory framework for the non-banking financial companies to protect the investors. Taxation UPA Government has unleashed 'Tax terrorism' and 'uncertainty', which not only creates anxiety amongst the business class and negatively impacts the investment climate, but also dents the image of the country. BJP realizes the importance of having a Tax Policy Roadmap, so that people are aware of the","Find out solutions, which are effective in the short run and lasting in the long run.","2","100"
"We will: (cid:1) find out solutions, which are effective in the short run and lasting in the long run. (cid:1) strictly implement Fiscal discipline, without compromising on funds availability for development work and asset creation (cid:1) allocate resources efficiently and effectively to re-energize the engines of growth. (cid:1) re-visit the policy framework for investments both foreign and domestic to make them more conducive. (cid:1) undertake Banking reforms to enhance ease and access, as well as accountability. (cid:1) we will encourage Savings as an important driver of investment and growth. NPAs NPAs have increased sharply over the past few years and the trend continues. BJP will take necessary steps to reduce NPAs in Banking sector. Also, BJP will set up a strong regulatory framework for the non-banking financial companies to protect the investors. Taxation UPA Government has unleashed 'Tax terrorism' and 'uncertainty', which not only creates anxiety amongst the business class and negatively impacts the investment climate, but also dents the image of the country. BJP realizes the importance of having a Tax Policy Roadmap, so that people are aware of the","Strictly implement Fiscal discipline, without compromising on funds availability for development work and asset creation","0","100"
"We will: (cid:1) find out solutions, which are effective in the short run and lasting in the long run. (cid:1) strictly implement Fiscal discipline, without compromising on funds availability for development work and asset creation (cid:1) allocate resources efficiently and effectively to re-energize the engines of growth. (cid:1) re-visit the policy framework for investments both foreign and domestic to make them more conducive. (cid:1) undertake Banking reforms to enhance ease and access, as well as accountability. (cid:1) we will encourage Savings as an important driver of investment and growth. NPAs NPAs have increased sharply over the past few years and the trend continues. BJP will take necessary steps to reduce NPAs in Banking sector. Also, BJP will set up a strong regulatory framework for the non-banking financial companies to protect the investors. Taxation UPA Government has unleashed 'Tax terrorism' and 'uncertainty', which not only creates anxiety amongst the business class and negatively impacts the investment climate, but also dents the image of the country. BJP realizes the importance of having a Tax Policy Roadmap, so that people are aware of the","Allocate resources efficiently and effectively to re- energize the engines of growth.","0","100"
"We will: (cid:1) find out solutions, which are effective in the short run and lasting in the long run. (cid:1) strictly implement Fiscal discipline, without compromising on funds availability for development work and asset creation (cid:1) allocate resources efficiently and effectively to re-energize the engines of growth. (cid:1) re-visit the policy framework for investments both foreign and domestic to make them more conducive. (cid:1) undertake Banking reforms to enhance ease and access, as well as accountability. (cid:1) we will encourage Savings as an important driver of investment and growth. NPAs NPAs have increased sharply over the past few years and the trend continues. BJP will take necessary steps to reduce NPAs in Banking sector. Also, BJP will set up a strong regulatory framework for the non-banking financial companies to protect the investors. Taxation UPA Government has unleashed 'Tax terrorism' and 'uncertainty', which not only creates anxiety amongst the business class and negatively impacts the investment climate, but also dents the image of the country. BJP realizes the importance of having a Tax Policy Roadmap, so that people are aware of the","Re-visit the policy framework for investments both foreign and domestic to make them more conducive.","0","100"
"We will: (cid:1) find out solutions, which are effective in the short run and lasting in the long run. (cid:1) strictly implement Fiscal discipline, without compromising on funds availability for development work and asset creation (cid:1) allocate resources efficiently and effectively to re-energize the engines of growth. (cid:1) re-visit the policy framework for investments both foreign and domestic to make them more conducive. (cid:1) undertake Banking reforms to enhance ease and access, as well as accountability. (cid:1) we will encourage Savings as an important driver of investment and growth. NPAs NPAs have increased sharply over the past few years and the trend continues. BJP will take necessary steps to reduce NPAs in Banking sector. Also, BJP will set up a strong regulatory framework for the non-banking financial companies to protect the investors. Taxation UPA Government has unleashed 'Tax terrorism' and 'uncertainty', which not only creates anxiety amongst the business class and negatively impacts the investment climate, but also dents the image of the country. BJP realizes the importance of having a Tax Policy Roadmap, so that people are aware of the","Undertake Banking reforms to enhance ease and access, as well as accountability.","2","100"
"We will: (cid:1) find out solutions, which are effective in the short run and lasting in the long run. (cid:1) strictly implement Fiscal discipline, without compromising on funds availability for development work and asset creation (cid:1) allocate resources efficiently and effectively to re-energize the engines of growth. (cid:1) re-visit the policy framework for investments both foreign and domestic to make them more conducive. (cid:1) undertake Banking reforms to enhance ease and access, as well as accountability. (cid:1) we will encourage Savings as an important driver of investment and growth. NPAs NPAs have increased sharply over the past few years and the trend continues. BJP will take necessary steps to reduce NPAs in Banking sector. Also, BJP will set up a strong regulatory framework for the non-banking financial companies to protect the investors. Taxation UPA Government has unleashed 'Tax terrorism' and 'uncertainty', which not only creates anxiety amongst the business class and negatively impacts the investment climate, but also dents the image of the country. BJP realizes the importance of having a Tax Policy Roadmap, so that people are aware of the","We will encourage Savings as an important driver of investment and growth.","0","100"
"We will: (cid:1) find out solutions, which are effective in the short run and lasting in the long run. (cid:1) strictly implement Fiscal discipline, without compromising on funds availability for development work and asset creation (cid:1) allocate resources efficiently and effectively to re-energize the engines of growth. (cid:1) re-visit the policy framework for investments both foreign and domestic to make them more conducive. (cid:1) undertake Banking reforms to enhance ease and access, as well as accountability. (cid:1) we will encourage Savings as an important driver of investment and growth. NPAs NPAs have increased sharply over the past few years and the trend continues. BJP will take necessary steps to reduce NPAs in Banking sector. Also, BJP will set up a strong regulatory framework for the non-banking financial companies to protect the investors. Taxation UPA Government has unleashed 'Tax terrorism' and 'uncertainty', which not only creates anxiety amongst the business class and negatively impacts the investment climate, but also dents the image of the country. BJP realizes the importance of having a Tax Policy Roadmap, so that people are aware of the","Will take necessary steps to reduce NPAs in Banking sector.","0","100"
"We will: (cid:1) find out solutions, which are effective in the short run and lasting in the long run. (cid:1) strictly implement Fiscal discipline, without compromising on funds availability for development work and asset creation (cid:1) allocate resources efficiently and effectively to re-energize the engines of growth. (cid:1) re-visit the policy framework for investments both foreign and domestic to make them more conducive. (cid:1) undertake Banking reforms to enhance ease and access, as well as accountability. (cid:1) we will encourage Savings as an important driver of investment and growth. NPAs NPAs have increased sharply over the past few years and the trend continues. BJP will take necessary steps to reduce NPAs in Banking sector. Also, BJP will set up a strong regulatory framework for the non-banking financial companies to protect the investors. Taxation UPA Government has unleashed 'Tax terrorism' and 'uncertainty', which not only creates anxiety amongst the business class and negatively impacts the investment climate, but also dents the image of the country. BJP realizes the importance of having a Tax Policy Roadmap, so that people are aware of the","Will set up a strong regulatory framework for the non- banking financial companies to protect the investors.","0","100"
"future and plan accordingly. We will: (cid:1) provide a non adversarial and conducive tax environment (cid:1) rationalize and simplify the tax regime (cid:1) overhaul the dispute resolution mechanisms (cid:1) bring on board all State governments in adopting GST, addressing all their concerns (cid:1) provide tax incentives for investments in research and development, geared towards indigenization of technology and innovation Foreign Direct Investment Barring the multi-brand retail sector, FDI will be allowed in sectors wherever needed for job and asset creation, infrastructure and acquisition of niche technology and specialized expertise. BJP is committed to protecting the interest of small and medium retailers, SMEs and those employed by them. The FIPBs (Foreign Investment Promotion Board) functioning shall be made more efficient and investor- friendly Agriculture - Productive, Scientific and Rewarding Agriculture is the engine of India's economic growth and the largest employer, and BJP commits highest priority to agricultural growth, increase in farmer's income and rural development. BJP will: (cid:1) increase public investment in agriculture and rural development. 27","Provide a non adversarial and conducive tax environment.","2","100"
"future and plan accordingly. We will: (cid:1) provide a non adversarial and conducive tax environment (cid:1) rationalize and simplify the tax regime (cid:1) overhaul the dispute resolution mechanisms (cid:1) bring on board all State governments in adopting GST, addressing all their concerns (cid:1) provide tax incentives for investments in research and development, geared towards indigenization of technology and innovation Foreign Direct Investment Barring the multi-brand retail sector, FDI will be allowed in sectors wherever needed for job and asset creation, infrastructure and acquisition of niche technology and specialized expertise. BJP is committed to protecting the interest of small and medium retailers, SMEs and those employed by them. The FIPBs (Foreign Investment Promotion Board) functioning shall be made more efficient and investor- friendly Agriculture - Productive, Scientific and Rewarding Agriculture is the engine of India's economic growth and the largest employer, and BJP commits highest priority to agricultural growth, increase in farmer's income and rural development. BJP will: (cid:1) increase public investment in agriculture and rural development. 27","Rationalize and simplify the tax regime.","0","100"
"future and plan accordingly. We will: (cid:1) provide a non adversarial and conducive tax environment (cid:1) rationalize and simplify the tax regime (cid:1) overhaul the dispute resolution mechanisms (cid:1) bring on board all State governments in adopting GST, addressing all their concerns (cid:1) provide tax incentives for investments in research and development, geared towards indigenization of technology and innovation Foreign Direct Investment Barring the multi-brand retail sector, FDI will be allowed in sectors wherever needed for job and asset creation, infrastructure and acquisition of niche technology and specialized expertise. BJP is committed to protecting the interest of small and medium retailers, SMEs and those employed by them. The FIPBs (Foreign Investment Promotion Board) functioning shall be made more efficient and investor- friendly Agriculture - Productive, Scientific and Rewarding Agriculture is the engine of India's economic growth and the largest employer, and BJP commits highest priority to agricultural growth, increase in farmer's income and rural development. BJP will: (cid:1) increase public investment in agriculture and rural development. 27","Overhaul the dispute resolution mechanisms.","0","100"
"future and plan accordingly. We will: (cid:1) provide a non adversarial and conducive tax environment (cid:1) rationalize and simplify the tax regime (cid:1) overhaul the dispute resolution mechanisms (cid:1) bring on board all State governments in adopting GST, addressing all their concerns (cid:1) provide tax incentives for investments in research and development, geared towards indigenization of technology and innovation Foreign Direct Investment Barring the multi-brand retail sector, FDI will be allowed in sectors wherever needed for job and asset creation, infrastructure and acquisition of niche technology and specialized expertise. BJP is committed to protecting the interest of small and medium retailers, SMEs and those employed by them. The FIPBs (Foreign Investment Promotion Board) functioning shall be made more efficient and investor- friendly Agriculture - Productive, Scientific and Rewarding Agriculture is the engine of India's economic growth and the largest employer, and BJP commits highest priority to agricultural growth, increase in farmer's income and rural development. BJP will: (cid:1) increase public investment in agriculture and rural development. 27","Bring on board all State governments in adopting GST, addressing all their concerns.","0","100"
"future and plan accordingly. We will: (cid:1) provide a non adversarial and conducive tax environment (cid:1) rationalize and simplify the tax regime (cid:1) overhaul the dispute resolution mechanisms (cid:1) bring on board all State governments in adopting GST, addressing all their concerns (cid:1) provide tax incentives for investments in research and development, geared towards indigenization of technology and innovation Foreign Direct Investment Barring the multi-brand retail sector, FDI will be allowed in sectors wherever needed for job and asset creation, infrastructure and acquisition of niche technology and specialized expertise. BJP is committed to protecting the interest of small and medium retailers, SMEs and those employed by them. The FIPBs (Foreign Investment Promotion Board) functioning shall be made more efficient and investor- friendly Agriculture - Productive, Scientific and Rewarding Agriculture is the engine of India's economic growth and the largest employer, and BJP commits highest priority to agricultural growth, increase in farmer's income and rural development. BJP will: (cid:1) increase public investment in agriculture and rural development. 27","Provide tax incentives for investments in research and development, geared towards indigenization of technology and innovation.","0","100"
"future and plan accordingly. We will: (cid:1) provide a non adversarial and conducive tax environment (cid:1) rationalize and simplify the tax regime (cid:1) overhaul the dispute resolution mechanisms (cid:1) bring on board all State governments in adopting GST, addressing all their concerns (cid:1) provide tax incentives for investments in research and development, geared towards indigenization of technology and innovation Foreign Direct Investment Barring the multi-brand retail sector, FDI will be allowed in sectors wherever needed for job and asset creation, infrastructure and acquisition of niche technology and specialized expertise. BJP is committed to protecting the interest of small and medium retailers, SMEs and those employed by them. The FIPBs (Foreign Investment Promotion Board) functioning shall be made more efficient and investor- friendly Agriculture - Productive, Scientific and Rewarding Agriculture is the engine of India's economic growth and the largest employer, and BJP commits highest priority to agricultural growth, increase in farmer's income and rural development. BJP will: (cid:1) increase public investment in agriculture and rural development. 27","The FIPBs (Foreign Investment Promotion Board) functioning shall be made more efficient and investor friendly.","0","100"
"future and plan accordingly. We will: (cid:1) provide a non adversarial and conducive tax environment (cid:1) rationalize and simplify the tax regime (cid:1) overhaul the dispute resolution mechanisms (cid:1) bring on board all State governments in adopting GST, addressing all their concerns (cid:1) provide tax incentives for investments in research and development, geared towards indigenization of technology and innovation Foreign Direct Investment Barring the multi-brand retail sector, FDI will be allowed in sectors wherever needed for job and asset creation, infrastructure and acquisition of niche technology and specialized expertise. BJP is committed to protecting the interest of small and medium retailers, SMEs and those employed by them. The FIPBs (Foreign Investment Promotion Board) functioning shall be made more efficient and investor- friendly Agriculture - Productive, Scientific and Rewarding Agriculture is the engine of India's economic growth and the largest employer, and BJP commits highest priority to agricultural growth, increase in farmer's income and rural development. BJP will: (cid:1) increase public investment in agriculture and rural development. 27","Increase public investment in agriculture and rural development.","0","100"
"We will: (cid:1) Encourage Cleaner production. (cid:1) Cleaner fuels will be promoted so as to bring down the pollution levels particularly in the cities. (cid:1) The concept of pro-active 'Carbon Credit' will be promoted. (cid:1) Ecological Audit of projects and pollution indexing of cities and townships will be done on scientific basis. (cid:1) Pollution control mechanisms will be set up on priority basis. (cid:1) In addition to protecting the existing forests and wildlife reserves, the wastelands of the country will be used for social forestry. (cid:1) Guidelines for Green buildings and energy efficient work places will be brought out. (cid:1) R&D and Human Resource Development in Environment Technology will be promoted. (cid:1) Set up fool proof mechanisms for protection and preservation of wild life. (cid:1) Encourage citizen's participation in reforestation, agro-forestry and social forestry, through targeted programmes. (cid:1) Encourage and incentivize innovative garbage disposal and waste management practices, especially recycling techniques. The Himalayas BJP is committed to serious endeavors for creating a global awareness regarding the conservation of 36","Re-orient pest management and control programmes","2","81"
"We will: (cid:1) Ensure that the young, and the girl child in particular get education and jobs without discrimination. (cid:1) Strengthen and modernize minority educational systems and institutions; dovetailing them with modern requirements. National Madrasa modernization programme would be initiated. (cid:1) Empower with vibrancy in Livelihood and Entrepreneurial opportunities. (cid:1) Augment their traditional artisanship and entrepreneurial skill, which are a backbone of our cottage and small-scale industry - strengthening these sectors through better market linkages, branding and access to credit. (cid:1) Empower Waqf Boards in consultation with religious leaders; taking steps to remove encroachments from and unauthorized occupation of Waqf properties. (cid:1) Curate their rich heritage and culture - maintenance and restoration of heritage sites; digitization of archives; preservation and promotion of Urdu. (cid:1) Ensure a peaceful and secure environment, where there is no place for either the perpetrators or exploiters of fear. (cid:1) Facilitate the setting up of a permanent Inter-faith Consultative mechanism to promote harmony and trust, under the auspices of religious leaders. Neo-Middle Class - Meet their Aspirations India has a large middle class with immense understanding, talent and purchasing power. In addition, a whole new class has emerged. Those who have risen from the category of poor and are yet to stabilize in the middle class, the 'neo middle class'. This class needs proactive handholding. Having moved out of poverty, their aspirations have increased. They want amenities and services of a certain standard. They thus now feel that Government facilities and services are not up to the mark, and hence resort to the private sector for things like education, health and transport. This is obviously costly, putting the neo middle class into a daily dilemma. As more and more people move into this category, 17","Strengthen and expand rural credit facilities.","0","83"
"We will focus on the following: (cid:1) ensuring food, agricultural, nutritional and environmental, wealth, health and energy security of the people on a sustainable basis, using science and technology. (cid:1) mounting a direct and sustained effort on the alleviation of poverty, enhancing livelihood security, removal of hunger and malnutrition, reduction of drudgery and regional imbalances, both rural and urban, and generation of employment, by using scientific and technological capabilities along with our traditional knowledge pool. (cid:1) encouraging research and innovation in areas of relevance for the economy and society, particularly by promoting close and productive interaction between private and public institutions. Sectors such as agriculture (particularly soil, water management, human and animal nutrition and fisheries), water, health, education, industry, energy including renewable energy, communication and transportation would be accorded highest priority. Leveraging of technologies such as information technology, biotechnology and material sciences would be done with special importance. (cid:1) encouraging research and application to meet the challenges of climate change and for forecasting, prevention and mitigation of natural hazards, particularly floods, cyclones, earthquakes, drought and landslides. (cid:1) promoting international science and technology cooperation towards achieving the goals of national development and security, and making it a key element of our international relations. (cid:1) devise schemes, programs and opportunities to encourage the youth to take scientific research and innovation as a career. (cid:1) provide work environment and professional opportunities in fundamental scientific research, to make research careers more appealing, so that the nation can harness the best of brains for scientific research leading to enhancing the national productivity and competitiveness and reverse brain drain. (cid:1) build world class, regional centres of excellence of scientific research in the field of nanotechnology, material sciences, thorium technology and brain research. (cid:1) create an ecosystem for multi-country and inter-disciplinary collaborative research, and establish an Intellectual Property Rights Regime which maximizes the incentive for generation and protection of intellectual property for all type of inventors. (cid:1) achieving synergy between industry and scientific research. Autonomous technology transfer organizations will be created as associate organizations of universities and national laboratories to transfer the know-how generated by them to industry. Industry will be encouraged to adopt or support educational and research institutions to help direct science and technology endeavours towards tangible industrial goals. (cid:1) promotion of innovation by creating a comprehensive national system of innovation. (cid:1) indigenous knowledge, based on our long and rich tradition will be further developed and harnessed for the purpose of wealth and employment generation (cid:1) to promote science popularization schemes extensively. (cid:1) bring the changes in secondary education to focus on application of science. (cid:1) set an institute of Big data and Analytics for studying the impact of big data across sectors for 35","Give high priority to poverty alleviation in rural areas.","0","90"
"(cid:1) We will ensure that a conducive, enabling environment is created making 'doing business' in India easy.","We will ensure that a conducive, enabling environment is created making 'doing business' in India easy.","0","100"
"(cid:1) We will focus on cutting the red tape, simplifying the procedures and removing the bottle- necks.","We will focus on cutting the red tape, simplifying the procedures and removing the bottlenecks.","1","96"
"(cid:1) We will ensure logistics infrastructure, including stable power. (cid:1) Our attempt will be to move towards a single-window system of clearances both at the centre and also at the State level through a Hub-spoke model.","We will ensure logistics infrastructure, including stable power.","2","100"
"(cid:1) We will ensure logistics infrastructure, including stable power. (cid:1) Our attempt will be to move towards a single-window system of clearances both at the centre and also at the State level through a Hub-spoke model.","Our attempt will be to move towards a single-window system of clearances both at the centre and also at the State level through a Hub-spoke model.","2","100"
"(cid:1) We will put in place a mechanism that will ensure that the Central and state governments work in close coordination and synergy while giving clearances to mega projects. (cid:1) Decision-making on environment clearances will be made transparent as well as time-bound.","We will put in place a mechanism that will ensure that the Central and state governments work in close coordination and synergy while giving clearances to mega projects.","0","100"
"(cid:1) We will set up a task force to review and revive our MSME sector (Micro and Small Medium scale Enterprises); enabling it with better access to formal credit and technology for modernization. (cid:1) Frame the environment laws in a manner that provides no scope for confusion and will lead to speedy clearance of proposals without delay. Manufacturing A strong manufacturing sector will not only bridge the demand-supply gap leading to price stabilization, but also create millions of jobs and increase incomes for the working class. Above all, it will increase the revenue for government and lead to import substitution to bring down the import bill.","Decision-making on environment clearances will be made transparent as well as time-bound. Frame the environment laws in a manner that provides no scope for confusion and will lead to speedy clearance of proposals without delay.","2","80"
"(cid:1) We will set up World class Investment and Industrial regions as Global Hubs of Manufacturing.","We will set up World class Investment and Industrial regions as Global Hubs of Manufacturing.","1","100"
"(cid:1) We will set up a task force to review and revive our MSME sector (Micro and Small Medium scale Enterprises); enabling it with better access to formal credit and technology for modernization. (cid:1) Frame the environment laws in a manner that provides no scope for confusion and will lead to speedy clearance of proposals without delay. Manufacturing A strong manufacturing sector will not only bridge the demand-supply gap leading to price stabilization, but also create millions of jobs and increase incomes for the working class. Above all, it will increase the revenue for government and lead to import substitution to bring down the import bill.","We will set up a task force to review and revive our MSME sector (Micro and Small Medium scale Enterprises); enabling it with better access to formal credit and technology for modernization.","0","100"
"(cid:1) We will facilitate setting up of software and hardware manufacturing units. 29","Accord high priority to the growth of manufacturing, so that we can create enough jobs in the country. This sector must grow fast to ensure employment and asset creation. We will facilitate setting up of software and hardware manufacturing units.","2","94"
"We will make India a hub for cost-competitive labour-intensive mass manufacturing. To give boost to manufacturing, BJP will: (cid:1) Accord high priority to the growth of manufacturing, so that we can create enough jobs in the country. This sector must grow fast to ensure employment and asset creation. (cid:1) Take steps for Interest rate rationalization and have a clear tax policy to remove uncertainty and create investor confidence. (cid:1) Take all steps; like removing red-tapism involved in approvals, to make it easy to do business, invest in logistics infrastructure, ensure power supply and undertake labour reforms, besides other steps to create a conducive environment for investors. (cid:1) Increase the public spending on R&D and Incentivize R&D investments by the industry to increase the competitiveness of the manufacturing sector.","Take steps for Interest rate rationalization and have a clear tax policy to remove uncertainty and create investor confidence.","2","100"
"We will make India a hub for cost-competitive labour-intensive mass manufacturing. To give boost to manufacturing, BJP will: (cid:1) Accord high priority to the growth of manufacturing, so that we can create enough jobs in the country. This sector must grow fast to ensure employment and asset creation. (cid:1) Take steps for Interest rate rationalization and have a clear tax policy to remove uncertainty and create investor confidence. (cid:1) Take all steps; like removing red-tapism involved in approvals, to make it easy to do business, invest in logistics infrastructure, ensure power supply and undertake labour reforms, besides other steps to create a conducive environment for investors. (cid:1) Increase the public spending on R&D and Incentivize R&D investments by the industry to increase the competitiveness of the manufacturing sector.","Take all steps; like removing red-tapism involved in approvals, to make it easy to do business, invest in logistics infrastructure, ensure power supply and undertake labour reforms, besides other steps to create a conducive environment for investors.","0","100"
"We will make India a hub for cost-competitive labour-intensive mass manufacturing. To give boost to manufacturing, BJP will: (cid:1) Accord high priority to the growth of manufacturing, so that we can create enough jobs in the country. This sector must grow fast to ensure employment and asset creation. (cid:1) Take steps for Interest rate rationalization and have a clear tax policy to remove uncertainty and create investor confidence. (cid:1) Take all steps; like removing red-tapism involved in approvals, to make it easy to do business, invest in logistics infrastructure, ensure power supply and undertake labour reforms, besides other steps to create a conducive environment for investors. (cid:1) Increase the public spending on R&D and Incentivize R&D investments by the industry to increase the competitiveness of the manufacturing sector.","Increase the public spending on R&D and Incentivize R&D investments by the industry to increase the competitiveness of the manufacturing sector.","2","100"
"We will move up the value chain of the sector driven by a focus on Quality. (cid:1) Market linkages - both national and international (cid:1) Access to credit and information and skills upgradation (cid:1) Value addition will be encouraged through avenues like - branding, packaging and technology. Artisans Schemes will be drawn for skills upgradation and enhancement of business opportunities for artisans like smiths, weavers, carpenters, hair-dressers, shoe-smiths, and potters. Services - Driven by Quality and Efficiency Business and Trade The modern era is an era of exchange. Over-regulation needs to be addressed to stop the harassment of the businessmen and traders. At the same time, we have to set up transparent systems, which ensure credibility of our goods and services. At the same time, the bottlenecks in transporting and exporting them have to be removed. Also, the flow of information about our tradable items has to be made available to the rest of the world. (cid:1) Focus on Zero defect products. (cid:1) Build world class Ports; connecting them with roads and rail to the hinterland so as to drive the maritime trade of the country. (cid:1) Air Cargo facilities will be enhanced throughout the country. (cid:1) An Export Promotion Mission will be established integrating all stakeholders. (cid:1) Current accounts deficit will be brought down aggressively by focusing on exports and reducing the dependency on imports. Value addition on our products will be the biggest task. (cid:1) We shall work with the State governments to usher in the GST in an appropriate timeframe. For implementing the same, a robust IT network system will be put in place.","We will move up the value chain of the sector driven by a focus on Quality. Market linkages - both national and international.","0","100"
"We will move up the value chain of the sector driven by a focus on Quality. (cid:1) Market linkages - both national and international (cid:1) Access to credit and information and skills upgradation (cid:1) Value addition will be encouraged through avenues like - branding, packaging and technology. Artisans Schemes will be drawn for skills upgradation and enhancement of business opportunities for artisans like smiths, weavers, carpenters, hair-dressers, shoe-smiths, and potters. Services - Driven by Quality and Efficiency Business and Trade The modern era is an era of exchange. Over-regulation needs to be addressed to stop the harassment of the businessmen and traders. At the same time, we have to set up transparent systems, which ensure credibility of our goods and services. At the same time, the bottlenecks in transporting and exporting them have to be removed. Also, the flow of information about our tradable items has to be made available to the rest of the world. (cid:1) Focus on Zero defect products. (cid:1) Build world class Ports; connecting them with roads and rail to the hinterland so as to drive the maritime trade of the country. (cid:1) Air Cargo facilities will be enhanced throughout the country. (cid:1) An Export Promotion Mission will be established integrating all stakeholders. (cid:1) Current accounts deficit will be brought down aggressively by focusing on exports and reducing the dependency on imports. Value addition on our products will be the biggest task. (cid:1) We shall work with the State governments to usher in the GST in an appropriate timeframe. For implementing the same, a robust IT network system will be put in place.","Access to credit and information and skills upgradation.","0","100"
"We will move up the value chain of the sector driven by a focus on Quality. (cid:1) Market linkages - both national and international (cid:1) Access to credit and information and skills upgradation (cid:1) Value addition will be encouraged through avenues like - branding, packaging and technology. Artisans Schemes will be drawn for skills upgradation and enhancement of business opportunities for artisans like smiths, weavers, carpenters, hair-dressers, shoe-smiths, and potters. Services - Driven by Quality and Efficiency Business and Trade The modern era is an era of exchange. Over-regulation needs to be addressed to stop the harassment of the businessmen and traders. At the same time, we have to set up transparent systems, which ensure credibility of our goods and services. At the same time, the bottlenecks in transporting and exporting them have to be removed. Also, the flow of information about our tradable items has to be made available to the rest of the world. (cid:1) Focus on Zero defect products. (cid:1) Build world class Ports; connecting them with roads and rail to the hinterland so as to drive the maritime trade of the country. (cid:1) Air Cargo facilities will be enhanced throughout the country. (cid:1) An Export Promotion Mission will be established integrating all stakeholders. (cid:1) Current accounts deficit will be brought down aggressively by focusing on exports and reducing the dependency on imports. Value addition on our products will be the biggest task. (cid:1) We shall work with the State governments to usher in the GST in an appropriate timeframe. For implementing the same, a robust IT network system will be put in place.","Schemes will be drawn for skills upgradation and enhancement of business opportunities for artisans like smiths, weavers, carpenters, hair-dressers, shoe-smiths, and potters.","1","100"
"We will move up the value chain of the sector driven by a focus on Quality. (cid:1) Market linkages - both national and international (cid:1) Access to credit and information and skills upgradation (cid:1) Value addition will be encouraged through avenues like - branding, packaging and technology. Artisans Schemes will be drawn for skills upgradation and enhancement of business opportunities for artisans like smiths, weavers, carpenters, hair-dressers, shoe-smiths, and potters. Services - Driven by Quality and Efficiency Business and Trade The modern era is an era of exchange. Over-regulation needs to be addressed to stop the harassment of the businessmen and traders. At the same time, we have to set up transparent systems, which ensure credibility of our goods and services. At the same time, the bottlenecks in transporting and exporting them have to be removed. Also, the flow of information about our tradable items has to be made available to the rest of the world. (cid:1) Focus on Zero defect products. (cid:1) Build world class Ports; connecting them with roads and rail to the hinterland so as to drive the maritime trade of the country. (cid:1) Air Cargo facilities will be enhanced throughout the country. (cid:1) An Export Promotion Mission will be established integrating all stakeholders. (cid:1) Current accounts deficit will be brought down aggressively by focusing on exports and reducing the dependency on imports. Value addition on our products will be the biggest task. (cid:1) We shall work with the State governments to usher in the GST in an appropriate timeframe. For implementing the same, a robust IT network system will be put in place.","Focus on Zero defect products.","0","100"
"We will move up the value chain of the sector driven by a focus on Quality. (cid:1) Market linkages - both national and international (cid:1) Access to credit and information and skills upgradation (cid:1) Value addition will be encouraged through avenues like - branding, packaging and technology. Artisans Schemes will be drawn for skills upgradation and enhancement of business opportunities for artisans like smiths, weavers, carpenters, hair-dressers, shoe-smiths, and potters. Services - Driven by Quality and Efficiency Business and Trade The modern era is an era of exchange. Over-regulation needs to be addressed to stop the harassment of the businessmen and traders. At the same time, we have to set up transparent systems, which ensure credibility of our goods and services. At the same time, the bottlenecks in transporting and exporting them have to be removed. Also, the flow of information about our tradable items has to be made available to the rest of the world. (cid:1) Focus on Zero defect products. (cid:1) Build world class Ports; connecting them with roads and rail to the hinterland so as to drive the maritime trade of the country. (cid:1) Air Cargo facilities will be enhanced throughout the country. (cid:1) An Export Promotion Mission will be established integrating all stakeholders. (cid:1) Current accounts deficit will be brought down aggressively by focusing on exports and reducing the dependency on imports. Value addition on our products will be the biggest task. (cid:1) We shall work with the State governments to usher in the GST in an appropriate timeframe. For implementing the same, a robust IT network system will be put in place.","Build world class Ports; connecting them with roads and rail to the hinterland so as to drive the maritime trade of the country. Air Cargo facilities will be enhanced throughout the country.","0","100"
"We will move up the value chain of the sector driven by a focus on Quality. (cid:1) Market linkages - both national and international (cid:1) Access to credit and information and skills upgradation (cid:1) Value addition will be encouraged through avenues like - branding, packaging and technology. Artisans Schemes will be drawn for skills upgradation and enhancement of business opportunities for artisans like smiths, weavers, carpenters, hair-dressers, shoe-smiths, and potters. Services - Driven by Quality and Efficiency Business and Trade The modern era is an era of exchange. Over-regulation needs to be addressed to stop the harassment of the businessmen and traders. At the same time, we have to set up transparent systems, which ensure credibility of our goods and services. At the same time, the bottlenecks in transporting and exporting them have to be removed. Also, the flow of information about our tradable items has to be made available to the rest of the world. (cid:1) Focus on Zero defect products. (cid:1) Build world class Ports; connecting them with roads and rail to the hinterland so as to drive the maritime trade of the country. (cid:1) Air Cargo facilities will be enhanced throughout the country. (cid:1) An Export Promotion Mission will be established integrating all stakeholders. (cid:1) Current accounts deficit will be brought down aggressively by focusing on exports and reducing the dependency on imports. Value addition on our products will be the biggest task. (cid:1) We shall work with the State governments to usher in the GST in an appropriate timeframe. For implementing the same, a robust IT network system will be put in place.","An Export Promotion Mission will be established integrating all stakeholders.","1","100"
"We will move up the value chain of the sector driven by a focus on Quality. (cid:1) Market linkages - both national and international (cid:1) Access to credit and information and skills upgradation (cid:1) Value addition will be encouraged through avenues like - branding, packaging and technology. Artisans Schemes will be drawn for skills upgradation and enhancement of business opportunities for artisans like smiths, weavers, carpenters, hair-dressers, shoe-smiths, and potters. Services - Driven by Quality and Efficiency Business and Trade The modern era is an era of exchange. Over-regulation needs to be addressed to stop the harassment of the businessmen and traders. At the same time, we have to set up transparent systems, which ensure credibility of our goods and services. At the same time, the bottlenecks in transporting and exporting them have to be removed. Also, the flow of information about our tradable items has to be made available to the rest of the world. (cid:1) Focus on Zero defect products. (cid:1) Build world class Ports; connecting them with roads and rail to the hinterland so as to drive the maritime trade of the country. (cid:1) Air Cargo facilities will be enhanced throughout the country. (cid:1) An Export Promotion Mission will be established integrating all stakeholders. (cid:1) Current accounts deficit will be brought down aggressively by focusing on exports and reducing the dependency on imports. Value addition on our products will be the biggest task. (cid:1) We shall work with the State governments to usher in the GST in an appropriate timeframe. For implementing the same, a robust IT network system will be put in place.","Current accounts deficit will be brought down aggressively by focusing on exports and reducing the dependency on imports. Value addition on our products will be the biggest task.","0","100"
"We will move up the value chain of the sector driven by a focus on Quality. (cid:1) Market linkages - both national and international (cid:1) Access to credit and information and skills upgradation (cid:1) Value addition will be encouraged through avenues like - branding, packaging and technology. Artisans Schemes will be drawn for skills upgradation and enhancement of business opportunities for artisans like smiths, weavers, carpenters, hair-dressers, shoe-smiths, and potters. Services - Driven by Quality and Efficiency Business and Trade The modern era is an era of exchange. Over-regulation needs to be addressed to stop the harassment of the businessmen and traders. At the same time, we have to set up transparent systems, which ensure credibility of our goods and services. At the same time, the bottlenecks in transporting and exporting them have to be removed. Also, the flow of information about our tradable items has to be made available to the rest of the world. (cid:1) Focus on Zero defect products. (cid:1) Build world class Ports; connecting them with roads and rail to the hinterland so as to drive the maritime trade of the country. (cid:1) Air Cargo facilities will be enhanced throughout the country. (cid:1) An Export Promotion Mission will be established integrating all stakeholders. (cid:1) Current accounts deficit will be brought down aggressively by focusing on exports and reducing the dependency on imports. Value addition on our products will be the biggest task. (cid:1) We shall work with the State governments to usher in the GST in an appropriate timeframe. For implementing the same, a robust IT network system will be put in place.","We shall work with the State governments to usher in the GST in an appropriate timeframe. For implementing the same, a robust IT network system will be put in place.","2","100"
"(cid:1) We will embark on the path of IPRs and Patents in a big way. 30","We will embark on the path of IPRs and Patents in a big way.","1","100"
"We will focus on the following: (cid:1) ensuring food, agricultural, nutritional and environmental, wealth, health and energy security of the people on a sustainable basis, using science and technology. (cid:1) mounting a direct and sustained effort on the alleviation of poverty, enhancing livelihood security, removal of hunger and malnutrition, reduction of drudgery and regional imbalances, both rural and urban, and generation of employment, by using scientific and technological capabilities along with our traditional knowledge pool. (cid:1) encouraging research and innovation in areas of relevance for the economy and society, particularly by promoting close and productive interaction between private and public institutions. Sectors such as agriculture (particularly soil, water management, human and animal nutrition and fisheries), water, health, education, industry, energy including renewable energy, communication and transportation would be accorded highest priority. Leveraging of technologies such as information technology, biotechnology and material sciences would be done with special importance. (cid:1) encouraging research and application to meet the challenges of climate change and for forecasting, prevention and mitigation of natural hazards, particularly floods, cyclones, earthquakes, drought and landslides. (cid:1) promoting international science and technology cooperation towards achieving the goals of national development and security, and making it a key element of our international relations. (cid:1) devise schemes, programs and opportunities to encourage the youth to take scientific research and innovation as a career. (cid:1) provide work environment and professional opportunities in fundamental scientific research, to make research careers more appealing, so that the nation can harness the best of brains for scientific research leading to enhancing the national productivity and competitiveness and reverse brain drain. (cid:1) build world class, regional centres of excellence of scientific research in the field of nanotechnology, material sciences, thorium technology and brain research. (cid:1) create an ecosystem for multi-country and inter-disciplinary collaborative research, and establish an Intellectual Property Rights Regime which maximizes the incentive for generation and protection of intellectual property for all type of inventors. (cid:1) achieving synergy between industry and scientific research. Autonomous technology transfer organizations will be created as associate organizations of universities and national laboratories to transfer the know-how generated by them to industry. Industry will be encouraged to adopt or support educational and research institutions to help direct science and technology endeavours towards tangible industrial goals. (cid:1) promotion of innovation by creating a comprehensive national system of innovation. (cid:1) indigenous knowledge, based on our long and rich tradition will be further developed and harnessed for the purpose of wealth and employment generation (cid:1) to promote science popularization schemes extensively. (cid:1) bring the changes in secondary education to focus on application of science. (cid:1) set an institute of Big data and Analytics for studying the impact of big data across sectors for 35","Safety and Security of tourists would be accorded due priority.","2","81"
"perquisites, and security towards this end. We will: (cid:1) issue identity cards to the unorganized sector labourers, and arrangements will be made to provide them good quality health and education services. Also, their skills will be upgraded through appropriate training programs. (cid:1) extend access to modern financial services to labour - including considering the option of setting up a dedicated Workers Bank. (cid:1) bring together all stakeholders to review our Labour laws which are outdated, complicated and even contradictory. (cid:1) strengthen the Pension and Health Insurance safety nets for all kinds of labourers. Housing - No Longer a Mirage","Issue identity cards to the unorganized sector labourers, and arrangements will be made to provide them good quality health and education services. Also, their skills will be upgraded through appropriate training programs.","2","100"
"perquisites, and security towards this end. We will: (cid:1) issue identity cards to the unorganized sector labourers, and arrangements will be made to provide them good quality health and education services. Also, their skills will be upgraded through appropriate training programs. (cid:1) extend access to modern financial services to labour - including considering the option of setting up a dedicated Workers Bank. (cid:1) bring together all stakeholders to review our Labour laws which are outdated, complicated and even contradictory. (cid:1) strengthen the Pension and Health Insurance safety nets for all kinds of labourers. Housing - No Longer a Mirage","Extend access to modern financial services to labour - including considering the option of setting up a dedicated Workers Bank.","2","100"
"perquisites, and security towards this end. We will: (cid:1) issue identity cards to the unorganized sector labourers, and arrangements will be made to provide them good quality health and education services. Also, their skills will be upgraded through appropriate training programs. (cid:1) extend access to modern financial services to labour - including considering the option of setting up a dedicated Workers Bank. (cid:1) bring together all stakeholders to review our Labour laws which are outdated, complicated and even contradictory. (cid:1) strengthen the Pension and Health Insurance safety nets for all kinds of labourers. Housing - No Longer a Mirage","Bring together all stakeholders to review our Labour laws which are outdated, complicated and even contradictory.","1","100"
"perquisites, and security towards this end. We will: (cid:1) issue identity cards to the unorganized sector labourers, and arrangements will be made to provide them good quality health and education services. Also, their skills will be upgraded through appropriate training programs. (cid:1) extend access to modern financial services to labour - including considering the option of setting up a dedicated Workers Bank. (cid:1) bring together all stakeholders to review our Labour laws which are outdated, complicated and even contradictory. (cid:1) strengthen the Pension and Health Insurance safety nets for all kinds of labourers. Housing - No Longer a Mirage","Strengthen the Pension and Health Insurance safety nets for all kinds of labourers.","2","100"
"We will roll out a massive Low cost Housing programme to ensure that by the time the nation 31","Will roll out a massive Low cost Housing programme to ensure that by the time the nation 32 completes 75 years of its Independence, every family will have a pucca house of its own. Our proposed programme will further ensure that these houses are equipped with the basic facilities of toilet, piped water supply, electricity and proper Access. Prioritize all our resources towards this goal.","2","97"
"To ensure drinking water security to all. We will: (cid:1) Encourage setting up of drinking water supply grid in water scarce areas. (cid:1) Promote decentralized, demand-driven, community-managed water resource management, water supply and environmental sanitation. (cid:1) Facilitate piped water to all households. Energy - Generate More, Use Rationally, Waste Less BJP realizes the need to focus on generation and distribution of power as a national security issue, so that the growth is not negatively impacted due to supply issues in the energy sector. The overarching goal of energy security is to ensure affordable energy for various consumer segments. Steps will be taken to avoid over- dependence on any one fuel and ensure supplier diversity, to avoid reliance on one supplier, country and developing indigenous capacities to meet the emerging needs. BJP will: (cid:1) Come out with a responsible and comprehensive 'National Energy Policy'. (cid:1) Focus on development of energy infrastructure, human resource development and upgradation of technology. (cid:1) Take steps to maximize the potential of oil, gas, hydel power, ocean, wind, coal and nuclear sources. BJP considers energy efficiency and conservation crucial to energy security. (cid:1) Set up small-hydro power generation projects to harness the hydropower that is not being used at the moment. Small projects can be set up with local support and without displacement of the local population. (cid:1) Take Steps to increase the domestic coal exploration and production, to bridge the demand and supply gap. Oil and gas explorations would also be expedited in the country. This will also help to reduce the import bill. (cid:1) Give a thrust to renewable sources of energy as an important component of India's energy mix. (cid:1) Expand and strengthen the national solar mission. Science and Technology - India Innovates and India Leads India has been a knowledge economy and has been a leader in science and technology from the ancient times. India now needs policies and programs to reclaim its global leadership position in science and technology. BJP recognizes the need to create an ecosystem for fundamental research and innovation, keeping the objective of science with a human face in the service of the common man. Science and technology has enormous potential to bridge the disparities between the urban and rural India, rich and poor. Scientific education and technology needs to be encouraged, promoted, practiced and leveraged with renewed vision and vigour. BJP recognizes the central role of science and technology in raising the quality of life of the people of the country, particularly of the disadvantaged sections of society in creating wealth for all, in making India globally competitive, in utilizing natural resources in a sustainable manner, in protecting the","Leverage on land as a resource in urban areas and demand for unskilled labour in the rural areas.","2","78"
"We will: (cid:1) focus on increasing the penetration and usage of broadband across the country. Deployment of broadband in every village would be a thrust area. (cid:1) leverage technology for e-Governance and engage proactively with the people through social media for participative governance and effective public grievance redressal mechanism. (cid:1) generate IT based jobs in rural and semi-urban areas. (cid:1) make technology enabled products affordable for students. (cid:1) use technology to reduce the burden of books on children. Make all institutions and schools e- enabled in a phased manner. Digital learning and training to be used extensively. (cid:1) pursue a mission mode project under the 'National Rural Internet and Technology Mission' for use of telemedicine and mobile healthcare for rural healthcare delivery; use of IT for agriculture for real time information; Self Help Groups; retail trade and SMEs; and rural entrepreneurs, etc. (cid:1) initiate a National e-Governance Plan to cover every Government office from the centre to the panchayats. The 'E-Gram, Vishwa Gram' scheme in Gujarat to be implemented nationwide. (cid:1) promote e-Bhasha - National Mission for the promotion of IT in Indian Languages. (cid:1) focus to bring SC/ST, OBCs and other weaker sections of the society within the ambit of IT enabled development. 11","Every village will be connected through all-weather roads.","0","73"
"We will modernize existing ports on one hand, and develop new ones on the other - stringing together our Sagar Mala project. (cid:1) Public Private Partnership would be encouraged to tap into private sector resources as well as expertise. An institutional framework would be established for the same; while regulators would be given greater autonomy as well as accountability. Next Generation Infrastructure",".Public Private Partnership would be encouraged to tap into private sector resources as well as expertise. An institutional framework would be established for the same; while regulators would be given greater autonomy as well as accountability.","0","100"
"We will: (cid:1) set up Gas Grids to make gas available to households and industry. (cid:1) set up a National Optical-Fibre Network up to the village level; and Wi-Fi zones in public areas. (cid:1) harness our advanced satellite technology and expertise for development. 32","Set up Gas Grids to make gas available to households and industry.","0","100"
"We will: (cid:1) set up Gas Grids to make gas available to households and industry. (cid:1) set up a National Optical-Fibre Network up to the village level; and Wi-Fi zones in public areas. (cid:1) harness our advanced satellite technology and expertise for development. 32","Set up a National Optical-Fibre Network up to the village level; and Wi-Fi zones in public areas.","2","100"
"We will: (cid:1) set up Gas Grids to make gas available to households and industry. (cid:1) set up a National Optical-Fibre Network up to the village level; and Wi-Fi zones in public areas. (cid:1) harness our advanced satellite technology and expertise for development. 32","Harness our advanced satellite technology and expertise for development.","0","100"
"We will move up the value chain of the sector driven by a focus on Quality. (cid:1) Market linkages - both national and international (cid:1) Access to credit and information and skills upgradation (cid:1) Value addition will be encouraged through avenues like - branding, packaging and technology. Artisans Schemes will be drawn for skills upgradation and enhancement of business opportunities for artisans like smiths, weavers, carpenters, hair-dressers, shoe-smiths, and potters. Services - Driven by Quality and Efficiency Business and Trade The modern era is an era of exchange. Over-regulation needs to be addressed to stop the harassment of the businessmen and traders. At the same time, we have to set up transparent systems, which ensure credibility of our goods and services. At the same time, the bottlenecks in transporting and exporting them have to be removed. Also, the flow of information about our tradable items has to be made available to the rest of the world. (cid:1) Focus on Zero defect products. (cid:1) Build world class Ports; connecting them with roads and rail to the hinterland so as to drive the maritime trade of the country. (cid:1) Air Cargo facilities will be enhanced throughout the country. (cid:1) An Export Promotion Mission will be established integrating all stakeholders. (cid:1) Current accounts deficit will be brought down aggressively by focusing on exports and reducing the dependency on imports. Value addition on our products will be the biggest task. (cid:1) We shall work with the State governments to usher in the GST in an appropriate timeframe. For implementing the same, a robust IT network system will be put in place.","Hinterland will be connected to the ports through strategic new Rail networks.","0","73"
"To ensure drinking water security to all. We will: (cid:1) Encourage setting up of drinking water supply grid in water scarce areas. (cid:1) Promote decentralized, demand-driven, community-managed water resource management, water supply and environmental sanitation. (cid:1) Facilitate piped water to all households. Energy - Generate More, Use Rationally, Waste Less BJP realizes the need to focus on generation and distribution of power as a national security issue, so that the growth is not negatively impacted due to supply issues in the energy sector. The overarching goal of energy security is to ensure affordable energy for various consumer segments. Steps will be taken to avoid over- dependence on any one fuel and ensure supplier diversity, to avoid reliance on one supplier, country and developing indigenous capacities to meet the emerging needs. BJP will: (cid:1) Come out with a responsible and comprehensive 'National Energy Policy'. (cid:1) Focus on development of energy infrastructure, human resource development and upgradation of technology. (cid:1) Take steps to maximize the potential of oil, gas, hydel power, ocean, wind, coal and nuclear sources. BJP considers energy efficiency and conservation crucial to energy security. (cid:1) Set up small-hydro power generation projects to harness the hydropower that is not being used at the moment. Small projects can be set up with local support and without displacement of the local population. (cid:1) Take Steps to increase the domestic coal exploration and production, to bridge the demand and supply gap. Oil and gas explorations would also be expedited in the country. This will also help to reduce the import bill. (cid:1) Give a thrust to renewable sources of energy as an important component of India's energy mix. (cid:1) Expand and strengthen the national solar mission. Science and Technology - India Innovates and India Leads India has been a knowledge economy and has been a leader in science and technology from the ancient times. India now needs policies and programs to reclaim its global leadership position in science and technology. BJP recognizes the need to create an ecosystem for fundamental research and innovation, keeping the objective of science with a human face in the service of the common man. Science and technology has enormous potential to bridge the disparities between the urban and rural India, rich and poor. Scientific education and technology needs to be encouraged, promoted, practiced and leveraged with renewed vision and vigour. BJP recognizes the central role of science and technology in raising the quality of life of the people of the country, particularly of the disadvantaged sections of society in creating wealth for all, in making India globally competitive, in utilizing natural resources in a sustainable manner, in protecting the","Special focus on developing skilled human resources to meet future demand.","0","81"
"(cid:1) We will launch Diamond Quadrilateral project - of High Speed Train network (bullet train). Water - Make It Reach to All Homes, Farms and Factories Trends indicate that India would be a 'water stressed' state by 2050, and the gap between the demand and supply would be 50%. BJP recognizes the seriousness of the issue. Also, most importantly, potable drinking water is not available to the entire population despite more than six decades of","We will launch Diamond Quadrilateral project - of High Speed Train network.","1","100"
"(cid:1) Launch the 'Pradhan Mantri Gram Sinchayee Yojana' with a motto of 'har khet ko paani'. We will launch multi-pronged 'water strategy' for reducing farmer's dependence on monsoon. Increase irrigated land by completing the long pending irrigation projects on priority.","Launch the 'Pradhan Mantri Gram SinchayeeYojana' with a motto of 'harkhetkopaani'. We will launch multi-pronged 'water strategy' for reducing farmer's dependence on monsoon. Increase irrigated land by completing the long pending irrigation projects on priority.","2","98"
"(cid:1) We will nurture ground water recharge harnessing rain water to reduce dependence on ground water. (cid:1) Encourage efficient use, water conservation, recycling and rain water harvesting. (cid:1) Sewage treatment plants to prevent the pollution of rivers. (cid:1) Desalination plants for drinking water supply in coastal cities. 33","We will nurture ground water recharge harnessing rain water to reduce dependence on ground water. Encourage efficient use, water conservation, recycling and rain water harvesting. Examination of ground water to eliminate toxic chemicals, particularly arsenic and fluorides. To ensure drinking water security to all.","2","78"
"(cid:1) We will nurture ground water recharge harnessing rain water to reduce dependence on ground water. (cid:1) Encourage efficient use, water conservation, recycling and rain water harvesting. (cid:1) Sewage treatment plants to prevent the pollution of rivers. (cid:1) Desalination plants for drinking water supply in coastal cities. 33","Sewage treatment plants to prevent the pollution of rivers.","0","100"
"(cid:1) We will nurture ground water recharge harnessing rain water to reduce dependence on ground water. (cid:1) Encourage efficient use, water conservation, recycling and rain water harvesting. (cid:1) Sewage treatment plants to prevent the pollution of rivers. (cid:1) Desalination plants for drinking water supply in coastal cities. 33","Desalination plants for drinking water supply in coastal cities.","0","100"
"To ensure drinking water security to all. We will: (cid:1) Encourage setting up of drinking water supply grid in water scarce areas. (cid:1) Promote decentralized, demand-driven, community-managed water resource management, water supply and environmental sanitation. (cid:1) Facilitate piped water to all households. Energy - Generate More, Use Rationally, Waste Less BJP realizes the need to focus on generation and distribution of power as a national security issue, so that the growth is not negatively impacted due to supply issues in the energy sector. The overarching goal of energy security is to ensure affordable energy for various consumer segments. Steps will be taken to avoid over- dependence on any one fuel and ensure supplier diversity, to avoid reliance on one supplier, country and developing indigenous capacities to meet the emerging needs. BJP will: (cid:1) Come out with a responsible and comprehensive 'National Energy Policy'. (cid:1) Focus on development of energy infrastructure, human resource development and upgradation of technology. (cid:1) Take steps to maximize the potential of oil, gas, hydel power, ocean, wind, coal and nuclear sources. BJP considers energy efficiency and conservation crucial to energy security. (cid:1) Set up small-hydro power generation projects to harness the hydropower that is not being used at the moment. Small projects can be set up with local support and without displacement of the local population. (cid:1) Take Steps to increase the domestic coal exploration and production, to bridge the demand and supply gap. Oil and gas explorations would also be expedited in the country. This will also help to reduce the import bill. (cid:1) Give a thrust to renewable sources of energy as an important component of India's energy mix. (cid:1) Expand and strengthen the national solar mission. Science and Technology - India Innovates and India Leads India has been a knowledge economy and has been a leader in science and technology from the ancient times. India now needs policies and programs to reclaim its global leadership position in science and technology. BJP recognizes the need to create an ecosystem for fundamental research and innovation, keeping the objective of science with a human face in the service of the common man. Science and technology has enormous potential to bridge the disparities between the urban and rural India, rich and poor. Scientific education and technology needs to be encouraged, promoted, practiced and leveraged with renewed vision and vigour. BJP recognizes the central role of science and technology in raising the quality of life of the people of the country, particularly of the disadvantaged sections of society in creating wealth for all, in making India globally competitive, in utilizing natural resources in a sustainable manner, in protecting the","We will Encourage setting up of drinking water supply grid in water scarce areas. Facilitate piped water to all households.","2","100"
"To ensure drinking water security to all. We will: (cid:1) Encourage setting up of drinking water supply grid in water scarce areas. (cid:1) Promote decentralized, demand-driven, community-managed water resource management, water supply and environmental sanitation. (cid:1) Facilitate piped water to all households. Energy - Generate More, Use Rationally, Waste Less BJP realizes the need to focus on generation and distribution of power as a national security issue, so that the growth is not negatively impacted due to supply issues in the energy sector. The overarching goal of energy security is to ensure affordable energy for various consumer segments. Steps will be taken to avoid over- dependence on any one fuel and ensure supplier diversity, to avoid reliance on one supplier, country and developing indigenous capacities to meet the emerging needs. BJP will: (cid:1) Come out with a responsible and comprehensive 'National Energy Policy'. (cid:1) Focus on development of energy infrastructure, human resource development and upgradation of technology. (cid:1) Take steps to maximize the potential of oil, gas, hydel power, ocean, wind, coal and nuclear sources. BJP considers energy efficiency and conservation crucial to energy security. (cid:1) Set up small-hydro power generation projects to harness the hydropower that is not being used at the moment. Small projects can be set up with local support and without displacement of the local population. (cid:1) Take Steps to increase the domestic coal exploration and production, to bridge the demand and supply gap. Oil and gas explorations would also be expedited in the country. This will also help to reduce the import bill. (cid:1) Give a thrust to renewable sources of energy as an important component of India's energy mix. (cid:1) Expand and strengthen the national solar mission. Science and Technology - India Innovates and India Leads India has been a knowledge economy and has been a leader in science and technology from the ancient times. India now needs policies and programs to reclaim its global leadership position in science and technology. BJP recognizes the need to create an ecosystem for fundamental research and innovation, keeping the objective of science with a human face in the service of the common man. Science and technology has enormous potential to bridge the disparities between the urban and rural India, rich and poor. Scientific education and technology needs to be encouraged, promoted, practiced and leveraged with renewed vision and vigour. BJP recognizes the central role of science and technology in raising the quality of life of the people of the country, particularly of the disadvantaged sections of society in creating wealth for all, in making India globally competitive, in utilizing natural resources in a sustainable manner, in protecting the","Promote decentralized, demand-driven, community- managed water resource management, water supply and environmental sanitation.","2","100"
"To ensure drinking water security to all. We will: (cid:1) Encourage setting up of drinking water supply grid in water scarce areas. (cid:1) Promote decentralized, demand-driven, community-managed water resource management, water supply and environmental sanitation. (cid:1) Facilitate piped water to all households. Energy - Generate More, Use Rationally, Waste Less BJP realizes the need to focus on generation and distribution of power as a national security issue, so that the growth is not negatively impacted due to supply issues in the energy sector. The overarching goal of energy security is to ensure affordable energy for various consumer segments. Steps will be taken to avoid over- dependence on any one fuel and ensure supplier diversity, to avoid reliance on one supplier, country and developing indigenous capacities to meet the emerging needs. BJP will: (cid:1) Come out with a responsible and comprehensive 'National Energy Policy'. (cid:1) Focus on development of energy infrastructure, human resource development and upgradation of technology. (cid:1) Take steps to maximize the potential of oil, gas, hydel power, ocean, wind, coal and nuclear sources. BJP considers energy efficiency and conservation crucial to energy security. (cid:1) Set up small-hydro power generation projects to harness the hydropower that is not being used at the moment. Small projects can be set up with local support and without displacement of the local population. (cid:1) Take Steps to increase the domestic coal exploration and production, to bridge the demand and supply gap. Oil and gas explorations would also be expedited in the country. This will also help to reduce the import bill. (cid:1) Give a thrust to renewable sources of energy as an important component of India's energy mix. (cid:1) Expand and strengthen the national solar mission. Science and Technology - India Innovates and India Leads India has been a knowledge economy and has been a leader in science and technology from the ancient times. India now needs policies and programs to reclaim its global leadership position in science and technology. BJP recognizes the need to create an ecosystem for fundamental research and innovation, keeping the objective of science with a human face in the service of the common man. Science and technology has enormous potential to bridge the disparities between the urban and rural India, rich and poor. Scientific education and technology needs to be encouraged, promoted, practiced and leveraged with renewed vision and vigour. BJP recognizes the central role of science and technology in raising the quality of life of the people of the country, particularly of the disadvantaged sections of society in creating wealth for all, in making India globally competitive, in utilizing natural resources in a sustainable manner, in protecting the","Come out with a responsible and comprehensive 'National Energy Policy'.","1","100"
"To ensure drinking water security to all. We will: (cid:1) Encourage setting up of drinking water supply grid in water scarce areas. (cid:1) Promote decentralized, demand-driven, community-managed water resource management, water supply and environmental sanitation. (cid:1) Facilitate piped water to all households. Energy - Generate More, Use Rationally, Waste Less BJP realizes the need to focus on generation and distribution of power as a national security issue, so that the growth is not negatively impacted due to supply issues in the energy sector. The overarching goal of energy security is to ensure affordable energy for various consumer segments. Steps will be taken to avoid over- dependence on any one fuel and ensure supplier diversity, to avoid reliance on one supplier, country and developing indigenous capacities to meet the emerging needs. BJP will: (cid:1) Come out with a responsible and comprehensive 'National Energy Policy'. (cid:1) Focus on development of energy infrastructure, human resource development and upgradation of technology. (cid:1) Take steps to maximize the potential of oil, gas, hydel power, ocean, wind, coal and nuclear sources. BJP considers energy efficiency and conservation crucial to energy security. (cid:1) Set up small-hydro power generation projects to harness the hydropower that is not being used at the moment. Small projects can be set up with local support and without displacement of the local population. (cid:1) Take Steps to increase the domestic coal exploration and production, to bridge the demand and supply gap. Oil and gas explorations would also be expedited in the country. This will also help to reduce the import bill. (cid:1) Give a thrust to renewable sources of energy as an important component of India's energy mix. (cid:1) Expand and strengthen the national solar mission. Science and Technology - India Innovates and India Leads India has been a knowledge economy and has been a leader in science and technology from the ancient times. India now needs policies and programs to reclaim its global leadership position in science and technology. BJP recognizes the need to create an ecosystem for fundamental research and innovation, keeping the objective of science with a human face in the service of the common man. Science and technology has enormous potential to bridge the disparities between the urban and rural India, rich and poor. Scientific education and technology needs to be encouraged, promoted, practiced and leveraged with renewed vision and vigour. BJP recognizes the central role of science and technology in raising the quality of life of the people of the country, particularly of the disadvantaged sections of society in creating wealth for all, in making India globally competitive, in utilizing natural resources in a sustainable manner, in protecting the","Focus on development of energy infrastructure, human resource development and upgradation of technology.","1","100"
"To ensure drinking water security to all. We will: (cid:1) Encourage setting up of drinking water supply grid in water scarce areas. (cid:1) Promote decentralized, demand-driven, community-managed water resource management, water supply and environmental sanitation. (cid:1) Facilitate piped water to all households. Energy - Generate More, Use Rationally, Waste Less BJP realizes the need to focus on generation and distribution of power as a national security issue, so that the growth is not negatively impacted due to supply issues in the energy sector. The overarching goal of energy security is to ensure affordable energy for various consumer segments. Steps will be taken to avoid over- dependence on any one fuel and ensure supplier diversity, to avoid reliance on one supplier, country and developing indigenous capacities to meet the emerging needs. BJP will: (cid:1) Come out with a responsible and comprehensive 'National Energy Policy'. (cid:1) Focus on development of energy infrastructure, human resource development and upgradation of technology. (cid:1) Take steps to maximize the potential of oil, gas, hydel power, ocean, wind, coal and nuclear sources. BJP considers energy efficiency and conservation crucial to energy security. (cid:1) Set up small-hydro power generation projects to harness the hydropower that is not being used at the moment. Small projects can be set up with local support and without displacement of the local population. (cid:1) Take Steps to increase the domestic coal exploration and production, to bridge the demand and supply gap. Oil and gas explorations would also be expedited in the country. This will also help to reduce the import bill. (cid:1) Give a thrust to renewable sources of energy as an important component of India's energy mix. (cid:1) Expand and strengthen the national solar mission. Science and Technology - India Innovates and India Leads India has been a knowledge economy and has been a leader in science and technology from the ancient times. India now needs policies and programs to reclaim its global leadership position in science and technology. BJP recognizes the need to create an ecosystem for fundamental research and innovation, keeping the objective of science with a human face in the service of the common man. Science and technology has enormous potential to bridge the disparities between the urban and rural India, rich and poor. Scientific education and technology needs to be encouraged, promoted, practiced and leveraged with renewed vision and vigour. BJP recognizes the central role of science and technology in raising the quality of life of the people of the country, particularly of the disadvantaged sections of society in creating wealth for all, in making India globally competitive, in utilizing natural resources in a sustainable manner, in protecting the","Take steps to maximize the potential of oil, gas, hydel power, ocean, wind, coal and nuclear sources. BJP considers energy efficiency and conservation crucial to energy security.","2","100"
"To ensure drinking water security to all. We will: (cid:1) Encourage setting up of drinking water supply grid in water scarce areas. (cid:1) Promote decentralized, demand-driven, community-managed water resource management, water supply and environmental sanitation. (cid:1) Facilitate piped water to all households. Energy - Generate More, Use Rationally, Waste Less BJP realizes the need to focus on generation and distribution of power as a national security issue, so that the growth is not negatively impacted due to supply issues in the energy sector. The overarching goal of energy security is to ensure affordable energy for various consumer segments. Steps will be taken to avoid over- dependence on any one fuel and ensure supplier diversity, to avoid reliance on one supplier, country and developing indigenous capacities to meet the emerging needs. BJP will: (cid:1) Come out with a responsible and comprehensive 'National Energy Policy'. (cid:1) Focus on development of energy infrastructure, human resource development and upgradation of technology. (cid:1) Take steps to maximize the potential of oil, gas, hydel power, ocean, wind, coal and nuclear sources. BJP considers energy efficiency and conservation crucial to energy security. (cid:1) Set up small-hydro power generation projects to harness the hydropower that is not being used at the moment. Small projects can be set up with local support and without displacement of the local population. (cid:1) Take Steps to increase the domestic coal exploration and production, to bridge the demand and supply gap. Oil and gas explorations would also be expedited in the country. This will also help to reduce the import bill. (cid:1) Give a thrust to renewable sources of energy as an important component of India's energy mix. (cid:1) Expand and strengthen the national solar mission. Science and Technology - India Innovates and India Leads India has been a knowledge economy and has been a leader in science and technology from the ancient times. India now needs policies and programs to reclaim its global leadership position in science and technology. BJP recognizes the need to create an ecosystem for fundamental research and innovation, keeping the objective of science with a human face in the service of the common man. Science and technology has enormous potential to bridge the disparities between the urban and rural India, rich and poor. Scientific education and technology needs to be encouraged, promoted, practiced and leveraged with renewed vision and vigour. BJP recognizes the central role of science and technology in raising the quality of life of the people of the country, particularly of the disadvantaged sections of society in creating wealth for all, in making India globally competitive, in utilizing natural resources in a sustainable manner, in protecting the","Set up small-hydro power generation projects to harness the hydropower that is not being used at the moment. Small projects can be set up with local support and without displacement of the local population.","0","100"
"To ensure drinking water security to all. We will: (cid:1) Encourage setting up of drinking water supply grid in water scarce areas. (cid:1) Promote decentralized, demand-driven, community-managed water resource management, water supply and environmental sanitation. (cid:1) Facilitate piped water to all households. Energy - Generate More, Use Rationally, Waste Less BJP realizes the need to focus on generation and distribution of power as a national security issue, so that the growth is not negatively impacted due to supply issues in the energy sector. The overarching goal of energy security is to ensure affordable energy for various consumer segments. Steps will be taken to avoid over- dependence on any one fuel and ensure supplier diversity, to avoid reliance on one supplier, country and developing indigenous capacities to meet the emerging needs. BJP will: (cid:1) Come out with a responsible and comprehensive 'National Energy Policy'. (cid:1) Focus on development of energy infrastructure, human resource development and upgradation of technology. (cid:1) Take steps to maximize the potential of oil, gas, hydel power, ocean, wind, coal and nuclear sources. BJP considers energy efficiency and conservation crucial to energy security. (cid:1) Set up small-hydro power generation projects to harness the hydropower that is not being used at the moment. Small projects can be set up with local support and without displacement of the local population. (cid:1) Take Steps to increase the domestic coal exploration and production, to bridge the demand and supply gap. Oil and gas explorations would also be expedited in the country. This will also help to reduce the import bill. (cid:1) Give a thrust to renewable sources of energy as an important component of India's energy mix. (cid:1) Expand and strengthen the national solar mission. Science and Technology - India Innovates and India Leads India has been a knowledge economy and has been a leader in science and technology from the ancient times. India now needs policies and programs to reclaim its global leadership position in science and technology. BJP recognizes the need to create an ecosystem for fundamental research and innovation, keeping the objective of science with a human face in the service of the common man. Science and technology has enormous potential to bridge the disparities between the urban and rural India, rich and poor. Scientific education and technology needs to be encouraged, promoted, practiced and leveraged with renewed vision and vigour. BJP recognizes the central role of science and technology in raising the quality of life of the people of the country, particularly of the disadvantaged sections of society in creating wealth for all, in making India globally competitive, in utilizing natural resources in a sustainable manner, in protecting the","Take Steps to increase the domestic coal exploration and production, to bridge the demand and supply gap. Oil and gas explorations would also be expedited in the country. This will also help to reduce the import bill.","0","100"
"To ensure drinking water security to all. We will: (cid:1) Encourage setting up of drinking water supply grid in water scarce areas. (cid:1) Promote decentralized, demand-driven, community-managed water resource management, water supply and environmental sanitation. (cid:1) Facilitate piped water to all households. Energy - Generate More, Use Rationally, Waste Less BJP realizes the need to focus on generation and distribution of power as a national security issue, so that the growth is not negatively impacted due to supply issues in the energy sector. The overarching goal of energy security is to ensure affordable energy for various consumer segments. Steps will be taken to avoid over- dependence on any one fuel and ensure supplier diversity, to avoid reliance on one supplier, country and developing indigenous capacities to meet the emerging needs. BJP will: (cid:1) Come out with a responsible and comprehensive 'National Energy Policy'. (cid:1) Focus on development of energy infrastructure, human resource development and upgradation of technology. (cid:1) Take steps to maximize the potential of oil, gas, hydel power, ocean, wind, coal and nuclear sources. BJP considers energy efficiency and conservation crucial to energy security. (cid:1) Set up small-hydro power generation projects to harness the hydropower that is not being used at the moment. Small projects can be set up with local support and without displacement of the local population. (cid:1) Take Steps to increase the domestic coal exploration and production, to bridge the demand and supply gap. Oil and gas explorations would also be expedited in the country. This will also help to reduce the import bill. (cid:1) Give a thrust to renewable sources of energy as an important component of India's energy mix. (cid:1) Expand and strengthen the national solar mission. Science and Technology - India Innovates and India Leads India has been a knowledge economy and has been a leader in science and technology from the ancient times. India now needs policies and programs to reclaim its global leadership position in science and technology. BJP recognizes the need to create an ecosystem for fundamental research and innovation, keeping the objective of science with a human face in the service of the common man. Science and technology has enormous potential to bridge the disparities between the urban and rural India, rich and poor. Scientific education and technology needs to be encouraged, promoted, practiced and leveraged with renewed vision and vigour. BJP recognizes the central role of science and technology in raising the quality of life of the people of the country, particularly of the disadvantaged sections of society in creating wealth for all, in making India globally competitive, in utilizing natural resources in a sustainable manner, in protecting the","Give a thrust to renewable sources of energy as an important component of India's energy mix.","0","100"
"To ensure drinking water security to all. We will: (cid:1) Encourage setting up of drinking water supply grid in water scarce areas. (cid:1) Promote decentralized, demand-driven, community-managed water resource management, water supply and environmental sanitation. (cid:1) Facilitate piped water to all households. Energy - Generate More, Use Rationally, Waste Less BJP realizes the need to focus on generation and distribution of power as a national security issue, so that the growth is not negatively impacted due to supply issues in the energy sector. The overarching goal of energy security is to ensure affordable energy for various consumer segments. Steps will be taken to avoid over- dependence on any one fuel and ensure supplier diversity, to avoid reliance on one supplier, country and developing indigenous capacities to meet the emerging needs. BJP will: (cid:1) Come out with a responsible and comprehensive 'National Energy Policy'. (cid:1) Focus on development of energy infrastructure, human resource development and upgradation of technology. (cid:1) Take steps to maximize the potential of oil, gas, hydel power, ocean, wind, coal and nuclear sources. BJP considers energy efficiency and conservation crucial to energy security. (cid:1) Set up small-hydro power generation projects to harness the hydropower that is not being used at the moment. Small projects can be set up with local support and without displacement of the local population. (cid:1) Take Steps to increase the domestic coal exploration and production, to bridge the demand and supply gap. Oil and gas explorations would also be expedited in the country. This will also help to reduce the import bill. (cid:1) Give a thrust to renewable sources of energy as an important component of India's energy mix. (cid:1) Expand and strengthen the national solar mission. Science and Technology - India Innovates and India Leads India has been a knowledge economy and has been a leader in science and technology from the ancient times. India now needs policies and programs to reclaim its global leadership position in science and technology. BJP recognizes the need to create an ecosystem for fundamental research and innovation, keeping the objective of science with a human face in the service of the common man. Science and technology has enormous potential to bridge the disparities between the urban and rural India, rich and poor. Scientific education and technology needs to be encouraged, promoted, practiced and leveraged with renewed vision and vigour. BJP recognizes the central role of science and technology in raising the quality of life of the people of the country, particularly of the disadvantaged sections of society in creating wealth for all, in making India globally competitive, in utilizing natural resources in a sustainable manner, in protecting the","Expand and strengthen the national solar mission.","0","100"
"We will focus on the following: (cid:1) ensuring food, agricultural, nutritional and environmental, wealth, health and energy security of the people on a sustainable basis, using science and technology. (cid:1) mounting a direct and sustained effort on the alleviation of poverty, enhancing livelihood security, removal of hunger and malnutrition, reduction of drudgery and regional imbalances, both rural and urban, and generation of employment, by using scientific and technological capabilities along with our traditional knowledge pool. (cid:1) encouraging research and innovation in areas of relevance for the economy and society, particularly by promoting close and productive interaction between private and public institutions. Sectors such as agriculture (particularly soil, water management, human and animal nutrition and fisheries), water, health, education, industry, energy including renewable energy, communication and transportation would be accorded highest priority. Leveraging of technologies such as information technology, biotechnology and material sciences would be done with special importance. (cid:1) encouraging research and application to meet the challenges of climate change and for forecasting, prevention and mitigation of natural hazards, particularly floods, cyclones, earthquakes, drought and landslides. (cid:1) promoting international science and technology cooperation towards achieving the goals of national development and security, and making it a key element of our international relations. (cid:1) devise schemes, programs and opportunities to encourage the youth to take scientific research and innovation as a career. (cid:1) provide work environment and professional opportunities in fundamental scientific research, to make research careers more appealing, so that the nation can harness the best of brains for scientific research leading to enhancing the national productivity and competitiveness and reverse brain drain. (cid:1) build world class, regional centres of excellence of scientific research in the field of nanotechnology, material sciences, thorium technology and brain research. (cid:1) create an ecosystem for multi-country and inter-disciplinary collaborative research, and establish an Intellectual Property Rights Regime which maximizes the incentive for generation and protection of intellectual property for all type of inventors. (cid:1) achieving synergy between industry and scientific research. Autonomous technology transfer organizations will be created as associate organizations of universities and national laboratories to transfer the know-how generated by them to industry. Industry will be encouraged to adopt or support educational and research institutions to help direct science and technology endeavours towards tangible industrial goals. (cid:1) promotion of innovation by creating a comprehensive national system of innovation. (cid:1) indigenous knowledge, based on our long and rich tradition will be further developed and harnessed for the purpose of wealth and employment generation (cid:1) to promote science popularization schemes extensively. (cid:1) bring the changes in secondary education to focus on application of science. (cid:1) set an institute of Big data and Analytics for studying the impact of big data across sectors for 35","Ensuring food, agricultural, nutritional and environmental, wealth, health and energy security of the people on a sustainable basis, using sci ence and technology. Mounting a direct and sustained effort on the alleviation of poverty, enhancing livelihood security, removal of hunger and malnutrition, reduction of drudgery and regional imbalances, both rural and urban, and generation of employment, by using scientific and technological capabilities along with our traditional knowledge pool.","2","99"
"We will focus on the following: (cid:1) ensuring food, agricultural, nutritional and environmental, wealth, health and energy security of the people on a sustainable basis, using science and technology. (cid:1) mounting a direct and sustained effort on the alleviation of poverty, enhancing livelihood security, removal of hunger and malnutrition, reduction of drudgery and regional imbalances, both rural and urban, and generation of employment, by using scientific and technological capabilities along with our traditional knowledge pool. (cid:1) encouraging research and innovation in areas of relevance for the economy and society, particularly by promoting close and productive interaction between private and public institutions. Sectors such as agriculture (particularly soil, water management, human and animal nutrition and fisheries), water, health, education, industry, energy including renewable energy, communication and transportation would be accorded highest priority. Leveraging of technologies such as information technology, biotechnology and material sciences would be done with special importance. (cid:1) encouraging research and application to meet the challenges of climate change and for forecasting, prevention and mitigation of natural hazards, particularly floods, cyclones, earthquakes, drought and landslides. (cid:1) promoting international science and technology cooperation towards achieving the goals of national development and security, and making it a key element of our international relations. (cid:1) devise schemes, programs and opportunities to encourage the youth to take scientific research and innovation as a career. (cid:1) provide work environment and professional opportunities in fundamental scientific research, to make research careers more appealing, so that the nation can harness the best of brains for scientific research leading to enhancing the national productivity and competitiveness and reverse brain drain. (cid:1) build world class, regional centres of excellence of scientific research in the field of nanotechnology, material sciences, thorium technology and brain research. (cid:1) create an ecosystem for multi-country and inter-disciplinary collaborative research, and establish an Intellectual Property Rights Regime which maximizes the incentive for generation and protection of intellectual property for all type of inventors. (cid:1) achieving synergy between industry and scientific research. Autonomous technology transfer organizations will be created as associate organizations of universities and national laboratories to transfer the know-how generated by them to industry. Industry will be encouraged to adopt or support educational and research institutions to help direct science and technology endeavours towards tangible industrial goals. (cid:1) promotion of innovation by creating a comprehensive national system of innovation. (cid:1) indigenous knowledge, based on our long and rich tradition will be further developed and harnessed for the purpose of wealth and employment generation (cid:1) to promote science popularization schemes extensively. (cid:1) bring the changes in secondary education to focus on application of science. (cid:1) set an institute of Big data and Analytics for studying the impact of big data across sectors for 35","Encouraging research and innovation in areas of relevance for the economy and society, particularly by promoting close and productive interaction between private and public institutions. Sectors such as agriculture (particularly soil, water management, human and animal nutrition and fisheries), water, health, education, industry, energy including renewable energy, communication and transportation would be accorded highest priority. Leveraging of technologies such as information technology, biotechnology and material sciences would be done with special importance.","2","100"
"We will focus on the following: (cid:1) ensuring food, agricultural, nutritional and environmental, wealth, health and energy security of the people on a sustainable basis, using science and technology. (cid:1) mounting a direct and sustained effort on the alleviation of poverty, enhancing livelihood security, removal of hunger and malnutrition, reduction of drudgery and regional imbalances, both rural and urban, and generation of employment, by using scientific and technological capabilities along with our traditional knowledge pool. (cid:1) encouraging research and innovation in areas of relevance for the economy and society, particularly by promoting close and productive interaction between private and public institutions. Sectors such as agriculture (particularly soil, water management, human and animal nutrition and fisheries), water, health, education, industry, energy including renewable energy, communication and transportation would be accorded highest priority. Leveraging of technologies such as information technology, biotechnology and material sciences would be done with special importance. (cid:1) encouraging research and application to meet the challenges of climate change and for forecasting, prevention and mitigation of natural hazards, particularly floods, cyclones, earthquakes, drought and landslides. (cid:1) promoting international science and technology cooperation towards achieving the goals of national development and security, and making it a key element of our international relations. (cid:1) devise schemes, programs and opportunities to encourage the youth to take scientific research and innovation as a career. (cid:1) provide work environment and professional opportunities in fundamental scientific research, to make research careers more appealing, so that the nation can harness the best of brains for scientific research leading to enhancing the national productivity and competitiveness and reverse brain drain. (cid:1) build world class, regional centres of excellence of scientific research in the field of nanotechnology, material sciences, thorium technology and brain research. (cid:1) create an ecosystem for multi-country and inter-disciplinary collaborative research, and establish an Intellectual Property Rights Regime which maximizes the incentive for generation and protection of intellectual property for all type of inventors. (cid:1) achieving synergy between industry and scientific research. Autonomous technology transfer organizations will be created as associate organizations of universities and national laboratories to transfer the know-how generated by them to industry. Industry will be encouraged to adopt or support educational and research institutions to help direct science and technology endeavours towards tangible industrial goals. (cid:1) promotion of innovation by creating a comprehensive national system of innovation. (cid:1) indigenous knowledge, based on our long and rich tradition will be further developed and harnessed for the purpose of wealth and employment generation (cid:1) to promote science popularization schemes extensively. (cid:1) bring the changes in secondary education to focus on application of science. (cid:1) set an institute of Big data and Analytics for studying the impact of big data across sectors for 35","Encouraging research and application to meet the challenges of climate change and for forecasting, prevention and mitigation of natural hazards, particularly floods, cyclones, earthquakes, drought and landslides. Promoting international science and technology cooperation towards achieving the goals of national development and security, and making it a key element of our international relations.","2","100"
"We will focus on the following: (cid:1) ensuring food, agricultural, nutritional and environmental, wealth, health and energy security of the people on a sustainable basis, using science and technology. (cid:1) mounting a direct and sustained effort on the alleviation of poverty, enhancing livelihood security, removal of hunger and malnutrition, reduction of drudgery and regional imbalances, both rural and urban, and generation of employment, by using scientific and technological capabilities along with our traditional knowledge pool. (cid:1) encouraging research and innovation in areas of relevance for the economy and society, particularly by promoting close and productive interaction between private and public institutions. Sectors such as agriculture (particularly soil, water management, human and animal nutrition and fisheries), water, health, education, industry, energy including renewable energy, communication and transportation would be accorded highest priority. Leveraging of technologies such as information technology, biotechnology and material sciences would be done with special importance. (cid:1) encouraging research and application to meet the challenges of climate change and for forecasting, prevention and mitigation of natural hazards, particularly floods, cyclones, earthquakes, drought and landslides. (cid:1) promoting international science and technology cooperation towards achieving the goals of national development and security, and making it a key element of our international relations. (cid:1) devise schemes, programs and opportunities to encourage the youth to take scientific research and innovation as a career. (cid:1) provide work environment and professional opportunities in fundamental scientific research, to make research careers more appealing, so that the nation can harness the best of brains for scientific research leading to enhancing the national productivity and competitiveness and reverse brain drain. (cid:1) build world class, regional centres of excellence of scientific research in the field of nanotechnology, material sciences, thorium technology and brain research. (cid:1) create an ecosystem for multi-country and inter-disciplinary collaborative research, and establish an Intellectual Property Rights Regime which maximizes the incentive for generation and protection of intellectual property for all type of inventors. (cid:1) achieving synergy between industry and scientific research. Autonomous technology transfer organizations will be created as associate organizations of universities and national laboratories to transfer the know-how generated by them to industry. Industry will be encouraged to adopt or support educational and research institutions to help direct science and technology endeavours towards tangible industrial goals. (cid:1) promotion of innovation by creating a comprehensive national system of innovation. (cid:1) indigenous knowledge, based on our long and rich tradition will be further developed and harnessed for the purpose of wealth and employment generation (cid:1) to promote science popularization schemes extensively. (cid:1) bring the changes in secondary education to focus on application of science. (cid:1) set an institute of Big data and Analytics for studying the impact of big data across sectors for 35","Devise schemes, programs and opportunities to encourage the youth to take scientific research and innovation as a career.","0","100"
"We will focus on the following: (cid:1) ensuring food, agricultural, nutritional and environmental, wealth, health and energy security of the people on a sustainable basis, using science and technology. (cid:1) mounting a direct and sustained effort on the alleviation of poverty, enhancing livelihood security, removal of hunger and malnutrition, reduction of drudgery and regional imbalances, both rural and urban, and generation of employment, by using scientific and technological capabilities along with our traditional knowledge pool. (cid:1) encouraging research and innovation in areas of relevance for the economy and society, particularly by promoting close and productive interaction between private and public institutions. Sectors such as agriculture (particularly soil, water management, human and animal nutrition and fisheries), water, health, education, industry, energy including renewable energy, communication and transportation would be accorded highest priority. Leveraging of technologies such as information technology, biotechnology and material sciences would be done with special importance. (cid:1) encouraging research and application to meet the challenges of climate change and for forecasting, prevention and mitigation of natural hazards, particularly floods, cyclones, earthquakes, drought and landslides. (cid:1) promoting international science and technology cooperation towards achieving the goals of national development and security, and making it a key element of our international relations. (cid:1) devise schemes, programs and opportunities to encourage the youth to take scientific research and innovation as a career. (cid:1) provide work environment and professional opportunities in fundamental scientific research, to make research careers more appealing, so that the nation can harness the best of brains for scientific research leading to enhancing the national productivity and competitiveness and reverse brain drain. (cid:1) build world class, regional centres of excellence of scientific research in the field of nanotechnology, material sciences, thorium technology and brain research. (cid:1) create an ecosystem for multi-country and inter-disciplinary collaborative research, and establish an Intellectual Property Rights Regime which maximizes the incentive for generation and protection of intellectual property for all type of inventors. (cid:1) achieving synergy between industry and scientific research. Autonomous technology transfer organizations will be created as associate organizations of universities and national laboratories to transfer the know-how generated by them to industry. Industry will be encouraged to adopt or support educational and research institutions to help direct science and technology endeavours towards tangible industrial goals. (cid:1) promotion of innovation by creating a comprehensive national system of innovation. (cid:1) indigenous knowledge, based on our long and rich tradition will be further developed and harnessed for the purpose of wealth and employment generation (cid:1) to promote science popularization schemes extensively. (cid:1) bring the changes in secondary education to focus on application of science. (cid:1) set an institute of Big data and Analytics for studying the impact of big data across sectors for 35","Provide work environment and professional opportunities in fundamental scientific research, to make research careers more appealing, so that the nation can harness the best of brains for scientific research leading to enhancing the national productivity and competitiveness and reverse brain drain.","0","100"
"We will focus on the following: (cid:1) ensuring food, agricultural, nutritional and environmental, wealth, health and energy security of the people on a sustainable basis, using science and technology. (cid:1) mounting a direct and sustained effort on the alleviation of poverty, enhancing livelihood security, removal of hunger and malnutrition, reduction of drudgery and regional imbalances, both rural and urban, and generation of employment, by using scientific and technological capabilities along with our traditional knowledge pool. (cid:1) encouraging research and innovation in areas of relevance for the economy and society, particularly by promoting close and productive interaction between private and public institutions. Sectors such as agriculture (particularly soil, water management, human and animal nutrition and fisheries), water, health, education, industry, energy including renewable energy, communication and transportation would be accorded highest priority. Leveraging of technologies such as information technology, biotechnology and material sciences would be done with special importance. (cid:1) encouraging research and application to meet the challenges of climate change and for forecasting, prevention and mitigation of natural hazards, particularly floods, cyclones, earthquakes, drought and landslides. (cid:1) promoting international science and technology cooperation towards achieving the goals of national development and security, and making it a key element of our international relations. (cid:1) devise schemes, programs and opportunities to encourage the youth to take scientific research and innovation as a career. (cid:1) provide work environment and professional opportunities in fundamental scientific research, to make research careers more appealing, so that the nation can harness the best of brains for scientific research leading to enhancing the national productivity and competitiveness and reverse brain drain. (cid:1) build world class, regional centres of excellence of scientific research in the field of nanotechnology, material sciences, thorium technology and brain research. (cid:1) create an ecosystem for multi-country and inter-disciplinary collaborative research, and establish an Intellectual Property Rights Regime which maximizes the incentive for generation and protection of intellectual property for all type of inventors. (cid:1) achieving synergy between industry and scientific research. Autonomous technology transfer organizations will be created as associate organizations of universities and national laboratories to transfer the know-how generated by them to industry. Industry will be encouraged to adopt or support educational and research institutions to help direct science and technology endeavours towards tangible industrial goals. (cid:1) promotion of innovation by creating a comprehensive national system of innovation. (cid:1) indigenous knowledge, based on our long and rich tradition will be further developed and harnessed for the purpose of wealth and employment generation (cid:1) to promote science popularization schemes extensively. (cid:1) bring the changes in secondary education to focus on application of science. (cid:1) set an institute of Big data and Analytics for studying the impact of big data across sectors for 35","Build world class, regional centres of excellence of scientific research in the field of nanotechnology, material sciences, thorium technology and brain research. Create an ecosystem for multi-country and inter- disciplinary collaborative research, and establish an Intellectual Property Rights Regime which maximizes the incentive for generation and protection of intellectual property for all type of inventors.","2","100"
"We will focus on the following: (cid:1) ensuring food, agricultural, nutritional and environmental, wealth, health and energy security of the people on a sustainable basis, using science and technology. (cid:1) mounting a direct and sustained effort on the alleviation of poverty, enhancing livelihood security, removal of hunger and malnutrition, reduction of drudgery and regional imbalances, both rural and urban, and generation of employment, by using scientific and technological capabilities along with our traditional knowledge pool. (cid:1) encouraging research and innovation in areas of relevance for the economy and society, particularly by promoting close and productive interaction between private and public institutions. Sectors such as agriculture (particularly soil, water management, human and animal nutrition and fisheries), water, health, education, industry, energy including renewable energy, communication and transportation would be accorded highest priority. Leveraging of technologies such as information technology, biotechnology and material sciences would be done with special importance. (cid:1) encouraging research and application to meet the challenges of climate change and for forecasting, prevention and mitigation of natural hazards, particularly floods, cyclones, earthquakes, drought and landslides. (cid:1) promoting international science and technology cooperation towards achieving the goals of national development and security, and making it a key element of our international relations. (cid:1) devise schemes, programs and opportunities to encourage the youth to take scientific research and innovation as a career. (cid:1) provide work environment and professional opportunities in fundamental scientific research, to make research careers more appealing, so that the nation can harness the best of brains for scientific research leading to enhancing the national productivity and competitiveness and reverse brain drain. (cid:1) build world class, regional centres of excellence of scientific research in the field of nanotechnology, material sciences, thorium technology and brain research. (cid:1) create an ecosystem for multi-country and inter-disciplinary collaborative research, and establish an Intellectual Property Rights Regime which maximizes the incentive for generation and protection of intellectual property for all type of inventors. (cid:1) achieving synergy between industry and scientific research. Autonomous technology transfer organizations will be created as associate organizations of universities and national laboratories to transfer the know-how generated by them to industry. Industry will be encouraged to adopt or support educational and research institutions to help direct science and technology endeavours towards tangible industrial goals. (cid:1) promotion of innovation by creating a comprehensive national system of innovation. (cid:1) indigenous knowledge, based on our long and rich tradition will be further developed and harnessed for the purpose of wealth and employment generation (cid:1) to promote science popularization schemes extensively. (cid:1) bring the changes in secondary education to focus on application of science. (cid:1) set an institute of Big data and Analytics for studying the impact of big data across sectors for 35","Achieving synergy between industry and scientific research. Autonomous technology transfer organizations will be created as associate organizations of universities and national laboratories to transfer the know-how generated by them to industry. Industry will be encouraged to adopt or support educational and research institutions to help direct science and technology endeavours towards tangible industrial goals.","0","100"
"We will focus on the following: (cid:1) ensuring food, agricultural, nutritional and environmental, wealth, health and energy security of the people on a sustainable basis, using science and technology. (cid:1) mounting a direct and sustained effort on the alleviation of poverty, enhancing livelihood security, removal of hunger and malnutrition, reduction of drudgery and regional imbalances, both rural and urban, and generation of employment, by using scientific and technological capabilities along with our traditional knowledge pool. (cid:1) encouraging research and innovation in areas of relevance for the economy and society, particularly by promoting close and productive interaction between private and public institutions. Sectors such as agriculture (particularly soil, water management, human and animal nutrition and fisheries), water, health, education, industry, energy including renewable energy, communication and transportation would be accorded highest priority. Leveraging of technologies such as information technology, biotechnology and material sciences would be done with special importance. (cid:1) encouraging research and application to meet the challenges of climate change and for forecasting, prevention and mitigation of natural hazards, particularly floods, cyclones, earthquakes, drought and landslides. (cid:1) promoting international science and technology cooperation towards achieving the goals of national development and security, and making it a key element of our international relations. (cid:1) devise schemes, programs and opportunities to encourage the youth to take scientific research and innovation as a career. (cid:1) provide work environment and professional opportunities in fundamental scientific research, to make research careers more appealing, so that the nation can harness the best of brains for scientific research leading to enhancing the national productivity and competitiveness and reverse brain drain. (cid:1) build world class, regional centres of excellence of scientific research in the field of nanotechnology, material sciences, thorium technology and brain research. (cid:1) create an ecosystem for multi-country and inter-disciplinary collaborative research, and establish an Intellectual Property Rights Regime which maximizes the incentive for generation and protection of intellectual property for all type of inventors. (cid:1) achieving synergy between industry and scientific research. Autonomous technology transfer organizations will be created as associate organizations of universities and national laboratories to transfer the know-how generated by them to industry. Industry will be encouraged to adopt or support educational and research institutions to help direct science and technology endeavours towards tangible industrial goals. (cid:1) promotion of innovation by creating a comprehensive national system of innovation. (cid:1) indigenous knowledge, based on our long and rich tradition will be further developed and harnessed for the purpose of wealth and employment generation (cid:1) to promote science popularization schemes extensively. (cid:1) bring the changes in secondary education to focus on application of science. (cid:1) set an institute of Big data and Analytics for studying the impact of big data across sectors for 35","Promotion of innovation by creating a comprehensive national system of innovation.","2","100"
"We will focus on the following: (cid:1) ensuring food, agricultural, nutritional and environmental, wealth, health and energy security of the people on a sustainable basis, using science and technology. (cid:1) mounting a direct and sustained effort on the alleviation of poverty, enhancing livelihood security, removal of hunger and malnutrition, reduction of drudgery and regional imbalances, both rural and urban, and generation of employment, by using scientific and technological capabilities along with our traditional knowledge pool. (cid:1) encouraging research and innovation in areas of relevance for the economy and society, particularly by promoting close and productive interaction between private and public institutions. Sectors such as agriculture (particularly soil, water management, human and animal nutrition and fisheries), water, health, education, industry, energy including renewable energy, communication and transportation would be accorded highest priority. Leveraging of technologies such as information technology, biotechnology and material sciences would be done with special importance. (cid:1) encouraging research and application to meet the challenges of climate change and for forecasting, prevention and mitigation of natural hazards, particularly floods, cyclones, earthquakes, drought and landslides. (cid:1) promoting international science and technology cooperation towards achieving the goals of national development and security, and making it a key element of our international relations. (cid:1) devise schemes, programs and opportunities to encourage the youth to take scientific research and innovation as a career. (cid:1) provide work environment and professional opportunities in fundamental scientific research, to make research careers more appealing, so that the nation can harness the best of brains for scientific research leading to enhancing the national productivity and competitiveness and reverse brain drain. (cid:1) build world class, regional centres of excellence of scientific research in the field of nanotechnology, material sciences, thorium technology and brain research. (cid:1) create an ecosystem for multi-country and inter-disciplinary collaborative research, and establish an Intellectual Property Rights Regime which maximizes the incentive for generation and protection of intellectual property for all type of inventors. (cid:1) achieving synergy between industry and scientific research. Autonomous technology transfer organizations will be created as associate organizations of universities and national laboratories to transfer the know-how generated by them to industry. Industry will be encouraged to adopt or support educational and research institutions to help direct science and technology endeavours towards tangible industrial goals. (cid:1) promotion of innovation by creating a comprehensive national system of innovation. (cid:1) indigenous knowledge, based on our long and rich tradition will be further developed and harnessed for the purpose of wealth and employment generation (cid:1) to promote science popularization schemes extensively. (cid:1) bring the changes in secondary education to focus on application of science. (cid:1) set an institute of Big data and Analytics for studying the impact of big data across sectors for 35","Indigenous knowledge, based on our long and rich tradition will be further developed and harnessed for the purpose of wealth and employment generation","0","100"
"We will focus on the following: (cid:1) ensuring food, agricultural, nutritional and environmental, wealth, health and energy security of the people on a sustainable basis, using science and technology. (cid:1) mounting a direct and sustained effort on the alleviation of poverty, enhancing livelihood security, removal of hunger and malnutrition, reduction of drudgery and regional imbalances, both rural and urban, and generation of employment, by using scientific and technological capabilities along with our traditional knowledge pool. (cid:1) encouraging research and innovation in areas of relevance for the economy and society, particularly by promoting close and productive interaction between private and public institutions. Sectors such as agriculture (particularly soil, water management, human and animal nutrition and fisheries), water, health, education, industry, energy including renewable energy, communication and transportation would be accorded highest priority. Leveraging of technologies such as information technology, biotechnology and material sciences would be done with special importance. (cid:1) encouraging research and application to meet the challenges of climate change and for forecasting, prevention and mitigation of natural hazards, particularly floods, cyclones, earthquakes, drought and landslides. (cid:1) promoting international science and technology cooperation towards achieving the goals of national development and security, and making it a key element of our international relations. (cid:1) devise schemes, programs and opportunities to encourage the youth to take scientific research and innovation as a career. (cid:1) provide work environment and professional opportunities in fundamental scientific research, to make research careers more appealing, so that the nation can harness the best of brains for scientific research leading to enhancing the national productivity and competitiveness and reverse brain drain. (cid:1) build world class, regional centres of excellence of scientific research in the field of nanotechnology, material sciences, thorium technology and brain research. (cid:1) create an ecosystem for multi-country and inter-disciplinary collaborative research, and establish an Intellectual Property Rights Regime which maximizes the incentive for generation and protection of intellectual property for all type of inventors. (cid:1) achieving synergy between industry and scientific research. Autonomous technology transfer organizations will be created as associate organizations of universities and national laboratories to transfer the know-how generated by them to industry. Industry will be encouraged to adopt or support educational and research institutions to help direct science and technology endeavours towards tangible industrial goals. (cid:1) promotion of innovation by creating a comprehensive national system of innovation. (cid:1) indigenous knowledge, based on our long and rich tradition will be further developed and harnessed for the purpose of wealth and employment generation (cid:1) to promote science popularization schemes extensively. (cid:1) bring the changes in secondary education to focus on application of science. (cid:1) set an institute of Big data and Analytics for studying the impact of big data across sectors for 35","To promote science popularization schemes extensively. Bring the changes in secondary education to focus on application of science.","2","100"
"We will focus on the following: (cid:1) ensuring food, agricultural, nutritional and environmental, wealth, health and energy security of the people on a sustainable basis, using science and technology. (cid:1) mounting a direct and sustained effort on the alleviation of poverty, enhancing livelihood security, removal of hunger and malnutrition, reduction of drudgery and regional imbalances, both rural and urban, and generation of employment, by using scientific and technological capabilities along with our traditional knowledge pool. (cid:1) encouraging research and innovation in areas of relevance for the economy and society, particularly by promoting close and productive interaction between private and public institutions. Sectors such as agriculture (particularly soil, water management, human and animal nutrition and fisheries), water, health, education, industry, energy including renewable energy, communication and transportation would be accorded highest priority. Leveraging of technologies such as information technology, biotechnology and material sciences would be done with special importance. (cid:1) encouraging research and application to meet the challenges of climate change and for forecasting, prevention and mitigation of natural hazards, particularly floods, cyclones, earthquakes, drought and landslides. (cid:1) promoting international science and technology cooperation towards achieving the goals of national development and security, and making it a key element of our international relations. (cid:1) devise schemes, programs and opportunities to encourage the youth to take scientific research and innovation as a career. (cid:1) provide work environment and professional opportunities in fundamental scientific research, to make research careers more appealing, so that the nation can harness the best of brains for scientific research leading to enhancing the national productivity and competitiveness and reverse brain drain. (cid:1) build world class, regional centres of excellence of scientific research in the field of nanotechnology, material sciences, thorium technology and brain research. (cid:1) create an ecosystem for multi-country and inter-disciplinary collaborative research, and establish an Intellectual Property Rights Regime which maximizes the incentive for generation and protection of intellectual property for all type of inventors. (cid:1) achieving synergy between industry and scientific research. Autonomous technology transfer organizations will be created as associate organizations of universities and national laboratories to transfer the know-how generated by them to industry. Industry will be encouraged to adopt or support educational and research institutions to help direct science and technology endeavours towards tangible industrial goals. (cid:1) promotion of innovation by creating a comprehensive national system of innovation. (cid:1) indigenous knowledge, based on our long and rich tradition will be further developed and harnessed for the purpose of wealth and employment generation (cid:1) to promote science popularization schemes extensively. (cid:1) bring the changes in secondary education to focus on application of science. (cid:1) set an institute of Big data and Analytics for studying the impact of big data across sectors for 35","Set an institute of Big data and Analytics for studying the impact of big data across sectors","2","100"
"We will focus on the following: (cid:1) ensuring food, agricultural, nutritional and environmental, wealth, health and energy security of the people on a sustainable basis, using science and technology. (cid:1) mounting a direct and sustained effort on the alleviation of poverty, enhancing livelihood security, removal of hunger and malnutrition, reduction of drudgery and regional imbalances, both rural and urban, and generation of employment, by using scientific and technological capabilities along with our traditional knowledge pool. (cid:1) encouraging research and innovation in areas of relevance for the economy and society, particularly by promoting close and productive interaction between private and public institutions. Sectors such as agriculture (particularly soil, water management, human and animal nutrition and fisheries), water, health, education, industry, energy including renewable energy, communication and transportation would be accorded highest priority. Leveraging of technologies such as information technology, biotechnology and material sciences would be done with special importance. (cid:1) encouraging research and application to meet the challenges of climate change and for forecasting, prevention and mitigation of natural hazards, particularly floods, cyclones, earthquakes, drought and landslides. (cid:1) promoting international science and technology cooperation towards achieving the goals of national development and security, and making it a key element of our international relations. (cid:1) devise schemes, programs and opportunities to encourage the youth to take scientific research and innovation as a career. (cid:1) provide work environment and professional opportunities in fundamental scientific research, to make research careers more appealing, so that the nation can harness the best of brains for scientific research leading to enhancing the national productivity and competitiveness and reverse brain drain. (cid:1) build world class, regional centres of excellence of scientific research in the field of nanotechnology, material sciences, thorium technology and brain research. (cid:1) create an ecosystem for multi-country and inter-disciplinary collaborative research, and establish an Intellectual Property Rights Regime which maximizes the incentive for generation and protection of intellectual property for all type of inventors. (cid:1) achieving synergy between industry and scientific research. Autonomous technology transfer organizations will be created as associate organizations of universities and national laboratories to transfer the know-how generated by them to industry. Industry will be encouraged to adopt or support educational and research institutions to help direct science and technology endeavours towards tangible industrial goals. (cid:1) promotion of innovation by creating a comprehensive national system of innovation. (cid:1) indigenous knowledge, based on our long and rich tradition will be further developed and harnessed for the purpose of wealth and employment generation (cid:1) to promote science popularization schemes extensively. (cid:1) bring the changes in secondary education to focus on application of science. (cid:1) set an institute of Big data and Analytics for studying the impact of big data across sectors for 35","Establish institutes of Technology for Rural Development.","0","89"
"We will focus on the following: (cid:1) ensuring food, agricultural, nutritional and environmental, wealth, health and energy security of the people on a sustainable basis, using science and technology. (cid:1) mounting a direct and sustained effort on the alleviation of poverty, enhancing livelihood security, removal of hunger and malnutrition, reduction of drudgery and regional imbalances, both rural and urban, and generation of employment, by using scientific and technological capabilities along with our traditional knowledge pool. (cid:1) encouraging research and innovation in areas of relevance for the economy and society, particularly by promoting close and productive interaction between private and public institutions. Sectors such as agriculture (particularly soil, water management, human and animal nutrition and fisheries), water, health, education, industry, energy including renewable energy, communication and transportation would be accorded highest priority. Leveraging of technologies such as information technology, biotechnology and material sciences would be done with special importance. (cid:1) encouraging research and application to meet the challenges of climate change and for forecasting, prevention and mitigation of natural hazards, particularly floods, cyclones, earthquakes, drought and landslides. (cid:1) promoting international science and technology cooperation towards achieving the goals of national development and security, and making it a key element of our international relations. (cid:1) devise schemes, programs and opportunities to encourage the youth to take scientific research and innovation as a career. (cid:1) provide work environment and professional opportunities in fundamental scientific research, to make research careers more appealing, so that the nation can harness the best of brains for scientific research leading to enhancing the national productivity and competitiveness and reverse brain drain. (cid:1) build world class, regional centres of excellence of scientific research in the field of nanotechnology, material sciences, thorium technology and brain research. (cid:1) create an ecosystem for multi-country and inter-disciplinary collaborative research, and establish an Intellectual Property Rights Regime which maximizes the incentive for generation and protection of intellectual property for all type of inventors. (cid:1) achieving synergy between industry and scientific research. Autonomous technology transfer organizations will be created as associate organizations of universities and national laboratories to transfer the know-how generated by them to industry. Industry will be encouraged to adopt or support educational and research institutions to help direct science and technology endeavours towards tangible industrial goals. (cid:1) promotion of innovation by creating a comprehensive national system of innovation. (cid:1) indigenous knowledge, based on our long and rich tradition will be further developed and harnessed for the purpose of wealth and employment generation (cid:1) to promote science popularization schemes extensively. (cid:1) bring the changes in secondary education to focus on application of science. (cid:1) set an institute of Big data and Analytics for studying the impact of big data across sectors for 35","Promote research and application of nuclear science in medicines, industry and agriculture.","1","88"
"We will: (cid:1) Encourage Cleaner production. (cid:1) Cleaner fuels will be promoted so as to bring down the pollution levels particularly in the cities. (cid:1) The concept of pro-active 'Carbon Credit' will be promoted. (cid:1) Ecological Audit of projects and pollution indexing of cities and townships will be done on scientific basis. (cid:1) Pollution control mechanisms will be set up on priority basis. (cid:1) In addition to protecting the existing forests and wildlife reserves, the wastelands of the country will be used for social forestry. (cid:1) Guidelines for Green buildings and energy efficient work places will be brought out. (cid:1) R&D and Human Resource Development in Environment Technology will be promoted. (cid:1) Set up fool proof mechanisms for protection and preservation of wild life. (cid:1) Encourage citizen's participation in reforestation, agro-forestry and social forestry, through targeted programmes. (cid:1) Encourage and incentivize innovative garbage disposal and waste management practices, especially recycling techniques. The Himalayas BJP is committed to serious endeavors for creating a global awareness regarding the conservation of 36","Encourage Cleaner production.","0","100"
"We will: (cid:1) Encourage Cleaner production. (cid:1) Cleaner fuels will be promoted so as to bring down the pollution levels particularly in the cities. (cid:1) The concept of pro-active 'Carbon Credit' will be promoted. (cid:1) Ecological Audit of projects and pollution indexing of cities and townships will be done on scientific basis. (cid:1) Pollution control mechanisms will be set up on priority basis. (cid:1) In addition to protecting the existing forests and wildlife reserves, the wastelands of the country will be used for social forestry. (cid:1) Guidelines for Green buildings and energy efficient work places will be brought out. (cid:1) R&D and Human Resource Development in Environment Technology will be promoted. (cid:1) Set up fool proof mechanisms for protection and preservation of wild life. (cid:1) Encourage citizen's participation in reforestation, agro-forestry and social forestry, through targeted programmes. (cid:1) Encourage and incentivize innovative garbage disposal and waste management practices, especially recycling techniques. The Himalayas BJP is committed to serious endeavors for creating a global awareness regarding the conservation of 36","Cleaner fuels will be promoted so as to bring down the pollution levels particularly in the cities.","0","100"
"We will: (cid:1) Encourage Cleaner production. (cid:1) Cleaner fuels will be promoted so as to bring down the pollution levels particularly in the cities. (cid:1) The concept of pro-active 'Carbon Credit' will be promoted. (cid:1) Ecological Audit of projects and pollution indexing of cities and townships will be done on scientific basis. (cid:1) Pollution control mechanisms will be set up on priority basis. (cid:1) In addition to protecting the existing forests and wildlife reserves, the wastelands of the country will be used for social forestry. (cid:1) Guidelines for Green buildings and energy efficient work places will be brought out. (cid:1) R&D and Human Resource Development in Environment Technology will be promoted. (cid:1) Set up fool proof mechanisms for protection and preservation of wild life. (cid:1) Encourage citizen's participation in reforestation, agro-forestry and social forestry, through targeted programmes. (cid:1) Encourage and incentivize innovative garbage disposal and waste management practices, especially recycling techniques. The Himalayas BJP is committed to serious endeavors for creating a global awareness regarding the conservation of 36","The concept of pro-active 'Carbon Credit' will be promoted.","0","100"
"We will: (cid:1) Encourage Cleaner production. (cid:1) Cleaner fuels will be promoted so as to bring down the pollution levels particularly in the cities. (cid:1) The concept of pro-active 'Carbon Credit' will be promoted. (cid:1) Ecological Audit of projects and pollution indexing of cities and townships will be done on scientific basis. (cid:1) Pollution control mechanisms will be set up on priority basis. (cid:1) In addition to protecting the existing forests and wildlife reserves, the wastelands of the country will be used for social forestry. (cid:1) Guidelines for Green buildings and energy efficient work places will be brought out. (cid:1) R&D and Human Resource Development in Environment Technology will be promoted. (cid:1) Set up fool proof mechanisms for protection and preservation of wild life. (cid:1) Encourage citizen's participation in reforestation, agro-forestry and social forestry, through targeted programmes. (cid:1) Encourage and incentivize innovative garbage disposal and waste management practices, especially recycling techniques. The Himalayas BJP is committed to serious endeavors for creating a global awareness regarding the conservation of 36","Ecological Audit of projects and pollution indexing of cities and townships will be done on scientific basis. Pollution control mechanisms will be set up on priority basis.","0","100"
"We will: (cid:1) Encourage Cleaner production. (cid:1) Cleaner fuels will be promoted so as to bring down the pollution levels particularly in the cities. (cid:1) The concept of pro-active 'Carbon Credit' will be promoted. (cid:1) Ecological Audit of projects and pollution indexing of cities and townships will be done on scientific basis. (cid:1) Pollution control mechanisms will be set up on priority basis. (cid:1) In addition to protecting the existing forests and wildlife reserves, the wastelands of the country will be used for social forestry. (cid:1) Guidelines for Green buildings and energy efficient work places will be brought out. (cid:1) R&D and Human Resource Development in Environment Technology will be promoted. (cid:1) Set up fool proof mechanisms for protection and preservation of wild life. (cid:1) Encourage citizen's participation in reforestation, agro-forestry and social forestry, through targeted programmes. (cid:1) Encourage and incentivize innovative garbage disposal and waste management practices, especially recycling techniques. The Himalayas BJP is committed to serious endeavors for creating a global awareness regarding the conservation of 36","In addition to protecting the existing forests and wildlife reserves, the wastelands of the country will be used for social forestry.","0","100"
"We will: (cid:1) Encourage Cleaner production. (cid:1) Cleaner fuels will be promoted so as to bring down the pollution levels particularly in the cities. (cid:1) The concept of pro-active 'Carbon Credit' will be promoted. (cid:1) Ecological Audit of projects and pollution indexing of cities and townships will be done on scientific basis. (cid:1) Pollution control mechanisms will be set up on priority basis. (cid:1) In addition to protecting the existing forests and wildlife reserves, the wastelands of the country will be used for social forestry. (cid:1) Guidelines for Green buildings and energy efficient work places will be brought out. (cid:1) R&D and Human Resource Development in Environment Technology will be promoted. (cid:1) Set up fool proof mechanisms for protection and preservation of wild life. (cid:1) Encourage citizen's participation in reforestation, agro-forestry and social forestry, through targeted programmes. (cid:1) Encourage and incentivize innovative garbage disposal and waste management practices, especially recycling techniques. The Himalayas BJP is committed to serious endeavors for creating a global awareness regarding the conservation of 36","Guidelines for Green buildings and energy efficient work places will be brought out.","2","100"
"We will: (cid:1) Encourage Cleaner production. (cid:1) Cleaner fuels will be promoted so as to bring down the pollution levels particularly in the cities. (cid:1) The concept of pro-active 'Carbon Credit' will be promoted. (cid:1) Ecological Audit of projects and pollution indexing of cities and townships will be done on scientific basis. (cid:1) Pollution control mechanisms will be set up on priority basis. (cid:1) In addition to protecting the existing forests and wildlife reserves, the wastelands of the country will be used for social forestry. (cid:1) Guidelines for Green buildings and energy efficient work places will be brought out. (cid:1) R&D and Human Resource Development in Environment Technology will be promoted. (cid:1) Set up fool proof mechanisms for protection and preservation of wild life. (cid:1) Encourage citizen's participation in reforestation, agro-forestry and social forestry, through targeted programmes. (cid:1) Encourage and incentivize innovative garbage disposal and waste management practices, especially recycling techniques. The Himalayas BJP is committed to serious endeavors for creating a global awareness regarding the conservation of 36","R&D and Human Resource Development in Environment Technology will be promoted.","2","100"
"We will: (cid:1) Encourage Cleaner production. (cid:1) Cleaner fuels will be promoted so as to bring down the pollution levels particularly in the cities. (cid:1) The concept of pro-active 'Carbon Credit' will be promoted. (cid:1) Ecological Audit of projects and pollution indexing of cities and townships will be done on scientific basis. (cid:1) Pollution control mechanisms will be set up on priority basis. (cid:1) In addition to protecting the existing forests and wildlife reserves, the wastelands of the country will be used for social forestry. (cid:1) Guidelines for Green buildings and energy efficient work places will be brought out. (cid:1) R&D and Human Resource Development in Environment Technology will be promoted. (cid:1) Set up fool proof mechanisms for protection and preservation of wild life. (cid:1) Encourage citizen's participation in reforestation, agro-forestry and social forestry, through targeted programmes. (cid:1) Encourage and incentivize innovative garbage disposal and waste management practices, especially recycling techniques. The Himalayas BJP is committed to serious endeavors for creating a global awareness regarding the conservation of 36","Set up fool proof mechanisms for protection and preservation of wild life.","2","100"
"We will: (cid:1) Encourage Cleaner production. (cid:1) Cleaner fuels will be promoted so as to bring down the pollution levels particularly in the cities. (cid:1) The concept of pro-active 'Carbon Credit' will be promoted. (cid:1) Ecological Audit of projects and pollution indexing of cities and townships will be done on scientific basis. (cid:1) Pollution control mechanisms will be set up on priority basis. (cid:1) In addition to protecting the existing forests and wildlife reserves, the wastelands of the country will be used for social forestry. (cid:1) Guidelines for Green buildings and energy efficient work places will be brought out. (cid:1) R&D and Human Resource Development in Environment Technology will be promoted. (cid:1) Set up fool proof mechanisms for protection and preservation of wild life. (cid:1) Encourage citizen's participation in reforestation, agro-forestry and social forestry, through targeted programmes. (cid:1) Encourage and incentivize innovative garbage disposal and waste management practices, especially recycling techniques. The Himalayas BJP is committed to serious endeavors for creating a global awareness regarding the conservation of 36","Encourage citizen's participation in reforestation, agro- forestry and social forestry, through targeted programmes.","0","100"
"We will: (cid:1) Encourage Cleaner production. (cid:1) Cleaner fuels will be promoted so as to bring down the pollution levels particularly in the cities. (cid:1) The concept of pro-active 'Carbon Credit' will be promoted. (cid:1) Ecological Audit of projects and pollution indexing of cities and townships will be done on scientific basis. (cid:1) Pollution control mechanisms will be set up on priority basis. (cid:1) In addition to protecting the existing forests and wildlife reserves, the wastelands of the country will be used for social forestry. (cid:1) Guidelines for Green buildings and energy efficient work places will be brought out. (cid:1) R&D and Human Resource Development in Environment Technology will be promoted. (cid:1) Set up fool proof mechanisms for protection and preservation of wild life. (cid:1) Encourage citizen's participation in reforestation, agro-forestry and social forestry, through targeted programmes. (cid:1) Encourage and incentivize innovative garbage disposal and waste management practices, especially recycling techniques. The Himalayas BJP is committed to serious endeavors for creating a global awareness regarding the conservation of 36","Encourage and incentivize innovative garbage disposal and waste management practices, especially recycling techniques.","0","100"
"(cid:1) We will set in place national policies on critical natural resources like coal, minerals, spectrum, etc. - spelling out in black and white how much should be utilized at what time and pace; how this should be strategically phased out to ensure sustainability; who should be allotted what responsibility of extraction and at what cost. (cid:1) State Governments will be taken into confidence for harnessing of these resources.","We will set in place national policies on critical natural resources like coal, minerals, spectrum, etc. - spelling out in black and white how much should be utilized at what time and pace; how this should be strategically phased out to ensure sustainability; who should be allotted what responsibility of extraction and at what cost.","1","100"
"(cid:1) We will set in place national policies on critical natural resources like coal, minerals, spectrum, etc. - spelling out in black and white how much should be utilized at what time and pace; how this should be strategically phased out to ensure sustainability; who should be allotted what responsibility of extraction and at what cost. (cid:1) State Governments will be taken into confidence for harnessing of these resources.","State Governments will be taken into confidence for harnessing of these resources.","0","100"
"(cid:1) We will implement auction of precious resources through efficient mechanisms including e- auction. (cid:1) Resource mapping, exploration and management will be undertaken through the use of technology. (cid:1) Value addition will be encouraged in all resources, instead of just marketing. Secure Indians - Zero Tolerance on Terrorism, Extremism and Crime Comprehensive national security is not just about borders, but in its broad terms includes military security; economic security; cyber security; energy, food and water and health security; and social cohesion and harmony. To effectively address the issues of national security, we need to address the issues of - human resources, science and technology, system of governance and money. National security cannot be compartmentalized based on one of issues but needs a clear roadmap to address it. Over the past decade, lack of a strong and visionary leadership, coupled with multiple power centres, has failed to address the issue of national security, leading to a chaotic situation and denting India's image in the international arena. India has a sensitive neighbourhood and there are internal security issues. There have been intrusions inside the LAC (Line of actual control), loss of squadrons of combat aircraft by the air force, witnessing of a series of accidents by the Navy, leading to a loss in its combating capability built over many decades, communal riots, Maoist attacks, increase in incidence of Pakistan backed terror groups in 37","We will implement auction of precious resources through efficient mechanisms including eauction.","2","95"
"(cid:1) We will implement auction of precious resources through efficient mechanisms including e- auction. (cid:1) Resource mapping, exploration and management will be undertaken through the use of technology. (cid:1) Value addition will be encouraged in all resources, instead of just marketing. Secure Indians - Zero Tolerance on Terrorism, Extremism and Crime Comprehensive national security is not just about borders, but in its broad terms includes military security; economic security; cyber security; energy, food and water and health security; and social cohesion and harmony. To effectively address the issues of national security, we need to address the issues of - human resources, science and technology, system of governance and money. National security cannot be compartmentalized based on one of issues but needs a clear roadmap to address it. Over the past decade, lack of a strong and visionary leadership, coupled with multiple power centres, has failed to address the issue of national security, leading to a chaotic situation and denting India's image in the international arena. India has a sensitive neighbourhood and there are internal security issues. There have been intrusions inside the LAC (Line of actual control), loss of squadrons of combat aircraft by the air force, witnessing of a series of accidents by the Navy, leading to a loss in its combating capability built over many decades, communal riots, Maoist attacks, increase in incidence of Pakistan backed terror groups in 37","Resource mapping, exploration and management will be undertaken through the use of technology. Value addition will be encouraged in all resources, instead of just marketing.","0","100"
"To ensure drinking water security to all. We will: (cid:1) Encourage setting up of drinking water supply grid in water scarce areas. (cid:1) Promote decentralized, demand-driven, community-managed water resource management, water supply and environmental sanitation. (cid:1) Facilitate piped water to all households. Energy - Generate More, Use Rationally, Waste Less BJP realizes the need to focus on generation and distribution of power as a national security issue, so that the growth is not negatively impacted due to supply issues in the energy sector. The overarching goal of energy security is to ensure affordable energy for various consumer segments. Steps will be taken to avoid over- dependence on any one fuel and ensure supplier diversity, to avoid reliance on one supplier, country and developing indigenous capacities to meet the emerging needs. BJP will: (cid:1) Come out with a responsible and comprehensive 'National Energy Policy'. (cid:1) Focus on development of energy infrastructure, human resource development and upgradation of technology. (cid:1) Take steps to maximize the potential of oil, gas, hydel power, ocean, wind, coal and nuclear sources. BJP considers energy efficiency and conservation crucial to energy security. (cid:1) Set up small-hydro power generation projects to harness the hydropower that is not being used at the moment. Small projects can be set up with local support and without displacement of the local population. (cid:1) Take Steps to increase the domestic coal exploration and production, to bridge the demand and supply gap. Oil and gas explorations would also be expedited in the country. This will also help to reduce the import bill. (cid:1) Give a thrust to renewable sources of energy as an important component of India's energy mix. (cid:1) Expand and strengthen the national solar mission. Science and Technology - India Innovates and India Leads India has been a knowledge economy and has been a leader in science and technology from the ancient times. India now needs policies and programs to reclaim its global leadership position in science and technology. BJP recognizes the need to create an ecosystem for fundamental research and innovation, keeping the objective of science with a human face in the service of the common man. Science and technology has enormous potential to bridge the disparities between the urban and rural India, rich and poor. Scientific education and technology needs to be encouraged, promoted, practiced and leveraged with renewed vision and vigour. BJP recognizes the central role of science and technology in raising the quality of life of the people of the country, particularly of the disadvantaged sections of society in creating wealth for all, in making India globally competitive, in utilizing natural resources in a sustainable manner, in protecting the","Set up the National Maritime Authority which will be equipped with the best of infrastructure, and will focus on coastal security.","0","75"
"Eastern Region. We will empower this Ministry with a broader charter and non-lapsable funds for the rapid development of the region. BJP will: (cid:1) put special emphasis on enhancing the connectivity within the region and to the rest of the country. There will be special emphasis on massive infrastructure development, especially along the Line of Actual Control in Arunachal Pradesh and Sikkim. (cid:1) address the issue of Flood control in Assam and river water management. (cid:1) nurture more job generating opportunities like tourism and IT industry. (cid:1) address the issue of infiltration and illegal immigrants in the Northeast region on a priority basis. This will include clear policy directions and effective control at the ground level. (cid:1) complete all pending fencing work along the India-Bangladesh and India-Myanmar border, stepping up border security. (cid:1) take measures for the safety of North-Eastern students studying across the country including setting up Hostels for North-Eastern students at various educational centres. (cid:1) deal with Insurgent groups with a firm hand. Jammu and Kashmir: Jammu and Kashmir was, is and shall remain an integral part of the Union of India. The territorial integrity of India is inviolable. BJP will pursue an agenda of equal and rapid development in all the three regions of the state - Jammu, Kashmir and Ladakh. (cid:1) The return of Kashmiri Pandits to the land of their ancestors with full dignity, security and assured livelihood will figure high on the BJP's agenda. (cid:1) The long pending problems and demands of refugees from Pakistan Occupied Kashmir (POK) will be addressed. (cid:1) BJP reiterates its stand on the Article 370, and will discuss this with all stakeholders and remains committed to the abrogation of this article. (cid:1) All steps will be taken to provide good governance, better infrastructure, educational opportunities, healthcare and more job opportunities, leading to a better quality of life in the valley. Seemandhra and Telangana: BJP is committed to do full justice to Seemandhra, and address the 8","Deal with cross border terrorism with a firm hand.","0","78"
"(cid:1) We will find solutions to the problems hampering the growth of the defence sector.","We will find solutions to the problems hampering the growth of the defence sector.","0","100"
"(cid:1) We will encourage domestic industry to have a larger share in design and production of military hardware and platforms for both domestic use and exports, in a competitive environment. Independent Strategic Nuclear Programme BJP believes that the strategic gains acquired by India during the Atal Bihari Vajpayee regime on the nuclear programme have been frittered away by the Congress. Our emphasis was, and remains on, beginning of a new thrust on framing policies that would serve India's national interest in the 21st","We will encourage domestic industry to have a larger share in design and production of military hardware and platforms for both domestic use and exports, in a competitive environment.","0","100"
"century. We will follow a two-pronged independent nuclear programme, unencumbered by foreign pressure and influence, for civilian and military purposes, especially as nuclear power is a major contributor to India's energy sector. BJP will: (cid:1) Study in detail India's nuclear doctrine, and revise and update it, to make it relevant to challenges of current times. (cid:1) Maintain a credible minimum deterrent that is in tune with changing geostatic realities. (cid:1) Invest in India's indigenous Thorium Technology Programme. Foreign Relations - Nation First, Universal Brotherhood BJP believes a resurgent India must get its rightful place in the comity of nations and international institutions. The vision is to fundamentally reboot and reorient the foreign policy goals, content and process, in a manner that locates India's global strategic engagement in a new paradigm and on a wider canvass, that is not just limited to political diplomacy, but also includes our economic, scientific, cultural, political and security interests, both regional and global, on the principles of equality and mutuality, so that it leads to an economically stronger India, and its voice is heard in the international fora. BJP believes that political stability, progress and peace in the region are essential for south Asia's growth and development. The Congress-led UPA has failed to establish enduring friendly and cooperative 39","Maintain a credible minimum deterrent that is in tune with changing geostatic realities.","0","100"
"century. We will follow a two-pronged independent nuclear programme, unencumbered by foreign pressure and influence, for civilian and military purposes, especially as nuclear power is a major contributor to India's energy sector. BJP will: (cid:1) Study in detail India's nuclear doctrine, and revise and update it, to make it relevant to challenges of current times. (cid:1) Maintain a credible minimum deterrent that is in tune with changing geostatic realities. (cid:1) Invest in India's indigenous Thorium Technology Programme. Foreign Relations - Nation First, Universal Brotherhood BJP believes a resurgent India must get its rightful place in the comity of nations and international institutions. The vision is to fundamentally reboot and reorient the foreign policy goals, content and process, in a manner that locates India's global strategic engagement in a new paradigm and on a wider canvass, that is not just limited to political diplomacy, but also includes our economic, scientific, cultural, political and security interests, both regional and global, on the principles of equality and mutuality, so that it leads to an economically stronger India, and its voice is heard in the international fora. BJP believes that political stability, progress and peace in the region are essential for south Asia's growth and development. The Congress-led UPA has failed to establish enduring friendly and cooperative 39","Invest in India's indigenous Thorium Technology Programme.","0","100"
"and urban planning excellence. We will revive Brand India with the help of our strengths of 5 T's: Tradition, Talent, Tourism, Trade and Technology. Guiding Principles of our Foreign Policy will be: (cid:1) Equations will be mended through pragmatism and a doctrine of mutually beneficial and interlocking relationships, based on enlightened national interest.","Equations will be mended through pragmatism and a doctrine of mutually beneficial and interlocking relationships, based on enlightened national interest.","0","100"
"(cid:1) We will champion uniform international opinion on issues like Terrorism and Global Warming. (cid:1) Instead of being led by big power interests, we will engage proactively on our own with countries in the neighbourhood and beyond. (cid:1) In our neighbourhood we will pursue friendly relations. However, where required we will not hesitate from taking strong stand and steps.","We will champion uniform international opinion on issues like Terrorism and Global Warming.","0","100"
"(cid:1) We will champion uniform international opinion on issues like Terrorism and Global Warming. (cid:1) Instead of being led by big power interests, we will engage proactively on our own with countries in the neighbourhood and beyond. (cid:1) In our neighbourhood we will pursue friendly relations. However, where required we will not hesitate from taking strong stand and steps.","Instead of being led by big power interests, we will engage proactively on our own with countries in the neighbourhood and beyond.","0","100"
"(cid:1) We will work towards strengthening Regional forums like SAARC and ASEAN.","We will work towards strengthening Regional forums like SAARC and ASEAN.","0","100"
"(cid:1) We will continue our dialogue, engagement and cooperation, with global forums like BRICS, G20. IBSA, SCO and ASEM. States will be encouraged to play a greater role in diplomacy; actively building relations with foreign countries to harness their mutual cultural and commercial strengths. Also,","We will continue our dialogue, engagement and cooperation, with global forums like BRICS, G20. IBSA, SCO and ASEM. States will be encouraged to play a greater role in diplomacy; actively building relations with foreign countries to harness their mutual cultural and commercial strengths.","2","100"
"(cid:1) We will expand and empower our pool of diplomats, ensuring our message is taken to the world and our great nation represented on the whole in a befitting manner. (cid:1) The NRIs, PIOs and professionals settled abroad are a vast reservoir to articulate the national interests and affairs globally. This resource will be harnessed for strengthening Brand India. (cid:1) India shall remain a natural home for persecuted Hindus and they shall be welcome to seek refuge here. 40","We will expand and empower our pool of diplomats, ensuring our message is taken to the world and our great nation represented on the whole in a befitting manner.","2","100"
"(cid:1) We will expand and empower our pool of diplomats, ensuring our message is taken to the world and our great nation represented on the whole in a befitting manner. (cid:1) The NRIs, PIOs and professionals settled abroad are a vast reservoir to articulate the national interests and affairs globally. This resource will be harnessed for strengthening Brand India. (cid:1) India shall remain a natural home for persecuted Hindus and they shall be welcome to seek refuge here. 40","The NRIs, PIOs and professionals settled abroad are a vast reservoir to articulate the national interests and affairs globally. This resource will be harnessed for strengthening Brand India","0","100"
"(cid:1) We will expand and empower our pool of diplomats, ensuring our message is taken to the world and our great nation represented on the whole in a befitting manner. (cid:1) The NRIs, PIOs and professionals settled abroad are a vast reservoir to articulate the national interests and affairs globally. This resource will be harnessed for strengthening Brand India. (cid:1) India shall remain a natural home for persecuted Hindus and they shall be welcome to seek refuge here. 40","India shall remain a natural home for persecuted Hindus and they shall be welcome to seek refuge here.","0","100"
"Heritage Sites: We will provide appropriate resources for the maintenance and restoration of all national heritage sites, and to prevent their vandalisation in any form. The digitization of archives and archeological and museological records would be initiated. A National Mission for beautifying and improving the infrastructure and amenities at pilgrimage centres of all faiths will be launched. Languages: Indian Languages are repositories of our rich literature, history, culture, art and scientific achievements. Many of our dialects are important source for knowing our heritage. BJP would promote Indian languages, and put measures for the development of all Indian languages, so that they become a powerful vehicle for creating a knowledge society. Uniform Civil Code Article 44 of the constitution of India lists Uniform Civil Code as one of the Directive Principles of state policy. BJP believes that there cannot be gender equality till such time India adopts a Uniform Civil Code, which protects the rights of all women, and the BJP reiterates its stand to draft a Uniform Civil Code, drawing upon the best traditions and harmonizing them with the modern times. 41","Heritage Sites: We will provide appropriate resources for the maintenance and restoration of all national heritage sites, and to prevent their vandalisation in any form. The digitization of archives and archeological and museological records would be initiated. A National Mission for beautifying and improving the infrastructure and amenities at pilgrimage centres of all faiths will be launched.","2","100"
"Heritage Sites: We will provide appropriate resources for the maintenance and restoration of all national heritage sites, and to prevent their vandalisation in any form. The digitization of archives and archeological and museological records would be initiated. A National Mission for beautifying and improving the infrastructure and amenities at pilgrimage centres of all faiths will be launched. Languages: Indian Languages are repositories of our rich literature, history, culture, art and scientific achievements. Many of our dialects are important source for knowing our heritage. BJP would promote Indian languages, and put measures for the development of all Indian languages, so that they become a powerful vehicle for creating a knowledge society. Uniform Civil Code Article 44 of the constitution of India lists Uniform Civil Code as one of the Directive Principles of state policy. BJP believes that there cannot be gender equality till such time India adopts a Uniform Civil Code, which protects the rights of all women, and the BJP reiterates its stand to draft a Uniform Civil Code, drawing upon the best traditions and harmonizing them with the modern times. 41","Languages: Indian Languages are repositories of our rich literature, history, culture, art and scientific achievements. Many of our dialects are important source for knowing our heritage. BJP would promote Indian languages, and put measures for the development of all Indian languages, so that they become a powerful vehicle for creating a knowledge society.","0","100"
"Heritage Sites: We will provide appropriate resources for the maintenance and restoration of all national heritage sites, and to prevent their vandalisation in any form. The digitization of archives and archeological and museological records would be initiated. A National Mission for beautifying and improving the infrastructure and amenities at pilgrimage centres of all faiths will be launched. Languages: Indian Languages are repositories of our rich literature, history, culture, art and scientific achievements. Many of our dialects are important source for knowing our heritage. BJP would promote Indian languages, and put measures for the development of all Indian languages, so that they become a powerful vehicle for creating a knowledge society. Uniform Civil Code Article 44 of the constitution of India lists Uniform Civil Code as one of the Directive Principles of state policy. BJP believes that there cannot be gender equality till such time India adopts a Uniform Civil Code, which protects the rights of all women, and the BJP reiterates its stand to draft a Uniform Civil Code, drawing upon the best traditions and harmonizing them with the modern times. 41","Article 44 of the constitution of India lists Uniform Civil Code as one of the Directive Principles of state policy. BJP believes that there cannot be gender equality till such time India adopts a Uniform Civil Code, which protects the rights of all women, and the BJP reiterates its stand to draft a Uniform Civil Code, drawing upon the best traditions and harmonizing them with the modern times.","0","100"
